"customer_code","customer_name","province_name","region","cohort_month","first_order_date","last_order_q1_2025","recency_days","n_orders_q1_2025","revenue_q1_2025","avg_order_value","n_product_groups","trend_slope","groups_bought","n_orders_q1_2026","revenue_q1_2026","churn_label","rfm_r","rfm_f","rfm_m","rfm_segment","churn_prob","churn_split","churn_priority","roc_auc_test"
"KH-00001","HỘ KINH DOANH TÚ ANH","Hà Nội","Miền Bắc","2025-01","2025-01-02","2025-03-26",5,3,11527779,3842593.0,1,6916667.0,"CITYBIKE_P",0,0,1,4,5,1,"Khách hàng trung thành",0.8302,"train","Cao",0.7754
"KH-00002","CÔNG TY TNHH THƯƠNG MẠI VIỆT ANH","Hà Nội","Miền Bắc","2025-01","2025-01-06","2025-01-06",84,1,3509259,3509259.0,1,0.0,"SPORTBIKE_S",0,0,1,1,2,1,"Có nguy cơ rời bỏ",0.9017,"test","Cao",0.7754
"KH-00003","CÔNG TY CỔ PHẦN THƯƠNG MẠI NAM TIẾN","Hà Nội","Miền Bắc","2025-01","2025-01-06","2025-01-06",84,1,2398148,2398148.0,1,0.0,"CITYBIKE_P",0,0,1,1,2,1,"Có nguy cơ rời bỏ",0.903,"train","Cao",0.7754
"KH-00004","DOANH NGHIỆP TW KHẢI HOÀN","","","2025-01","2025-01-06","2025-03-28",3,7,195378519,27911217.0,5,61825740.5,"CITYBIKE_P|KIDBIKE_1|KIDBIKE_2|SPORTBIKE_A|SPORTBIKE_S",5,129860061,0,4,5,5,"Khách hàng tiêu biểu",0.6751,"train","Cao",0.7754
"KH-00005","CÔNG TY TNHH ĐẠI LỢI","Hà Nội","Miền Bắc","2025-01","2025-01-07","2025-01-07",83,1,4425926,4425926.0,1,0.0,"CITYBIKE_P",0,0,1,1,2,1,"Có nguy cơ rời bỏ",0.9008,"train","Cao",0.7754
"KH-00006","CÔNG TY TNHH CHI THÀNH","TP. Hồ Chí Minh","Miền Nam","2025-01","2025-01-07","2025-03-21",10,26,534583903,20560919.0,3,46455267.5,"CITYBIKE_P|KIDBIKE_2|SPORTBIKE_S",57,756025862,0,3,5,5,"Cần theo dõi",0.0009,"train","Thấp",0.7754
"KH-00007","CÔNG TY TNHH THƯƠNG MẠI ĐẠI LỢI","Lê Hoàn - Thị trấn Thọ Xuân - Huyện Thọ Xuân - Thanh Hoá","Miền Bắc","2025-01","2025-01-08","2025-03-20",11,3,282381204,94127068.0,3,-212701204.0,"CITYBIKE_P|KIDBIKE_1|SPORTBIKE_A",9,542491172,0,2,5,5,"Cần chăm sóc đặc biệt",0.3954,"train","Trung bình",0.7754
"KH-00008","CÔNG TY CỔ PHẦN YÊN BÌNH","Hưng Yên","Miền Bắc","2025-01","2025-01-09","2025-01-09",81,1,6648148,6648148.0,1,0.0,"SPORTBIKE_S",1,7037038,0,1,2,1,"Có nguy cơ rời bỏ",0.8985,"train","Cao",0.7754
"KH-00009","CỬA HÀNG XE ĐẠP THIÊN AN","Hà Nội","Miền Bắc","2025-01","2025-01-09","2025-01-09",81,1,44444444,44444444.0,1,0.0,"CITYBIKE_P",1,44444444,0,1,2,3,"Có nguy cơ rời bỏ",0.8401,"train","Cao",0.7754
"KH-00010","CỬA HÀNG XE ĐẠP QUANG VINH","Thái Nguyên","Miền Bắc","2025-01","2025-01-09","2025-03-25",6,5,210870876,42174175.0,4,64070352.0,"CITYBIKE_P|KIDBIKE_1|KIDBIKE_2|SPORTBIKE_A",7,282980211,0,3,5,5,"Cần theo dõi",0.7981,"train","Cao",0.7754
"KH-00011","DOANH NGHIỆP TW NAM TIẾN","Hà Nội","Miền Bắc","2025-01","2025-01-09","2025-03-06",25,2,4611112,2305556.0,1,-0.0,"CITYBIKE_P",0,0,1,2,4,1,"Cần chăm sóc đặc biệt",0.8748,"test","Cao",0.7754
"KH-00012","HỘ KINH DOANH THIÊN AN","Hà Nội","Miền Bắc","2025-01","2025-01-10","2025-03-10",21,2,5185186,2592593.0,1,-0.0,"CITYBIKE_P",0,0,1,2,4,1,"Cần chăm sóc đặc biệt",0.8757,"train","Cao",0.7754
"KH-00013","DOANH NGHIỆP TW THANH BÌNH","Hưng Yên","Miền Bắc","2025-01","2025-01-10","2025-01-10",80,1,2490741,2490741.0,0,0.0,"",0,0,1,1,2,1,"Có nguy cơ rời bỏ",0.8958,"train","Cao",0.7754
"KH-00014","HỘ KINH DOANH LONG PHÚ","Bắc Ninh","Miền Bắc","2025-01","2025-01-10","2025-03-17",14,3,119270000,39756667.0,4,1190000.0,"CITYBIKE_P|KIDBIKE_1|KIDBIKE_2|SPORTBIKE_S",6,190937551,0,2,5,5,"Cần chăm sóc đặc biệt",0.8244,"train","Cao",0.7754
"KH-00015","DOANH NGHIỆP TW MINH PHƯƠNG","Phú Thọ","Miền Bắc","2025-01","2025-01-10","2025-03-25",6,3,77930000,25976667.0,4,31510000.0,"CITYBIKE_P|KIDBIKE_1|SPORTBIKE_A|SPORTBIKE_S",0,0,1,3,5,4,"Cần theo dõi",0.8673,"train","Cao",0.7754
"KH-00016","DOANH NGHIỆP TW VIỆT ANH","Quảng Trị","Miền Trung","2025-01","2025-01-10","2025-03-26",5,4,93910000,23477500.0,2,20450000.0,"CITYBIKE_P|KIDBIKE_1",0,0,1,4,5,5,"Khách hàng tiêu biểu",0.7793,"test","Cao",0.7754
"KH-00017","CỬA HÀNG XE ĐẠP THUỶ TIÊN","TT Hương Sơn- Phú Bình- Thái Nguyên","Miền Bắc","2025-01","2025-01-10","2025-01-10",80,1,23350000,23350000.0,1,0.0,"CITYBIKE_P",0,0,1,1,2,2,"Có nguy cơ rời bỏ",0.8758,"train","Cao",0.7754
"KH-00018","CÔNG TY TNHH THƯƠNG MẠI PHÚ THỊNH","Hà Nội","Miền Bắc","2025-01","2025-01-10","2025-03-21",10,3,125901481,41967160.0,4,-67938519.0,"CITYBIKE_P|KIDBIKE_1|KIDBIKE_2|SPORTBIKE_S",11,361205178,0,3,5,5,"Cần theo dõi",0.741,"test","Cao",0.7754
"KH-00019","CÔNG TY CỔ PHẦN THƯƠNG MẠI LÊ ANH","TP. Hồ Chí Minh","Miền Nam","2025-01","2025-01-11","2025-03-25",6,15,1315502218,87700148.0,5,10402133.5,"CITYBIKE_P|KIDBIKE_1|KIDBIKE_2|SPORTBIKE_A|SPORTBIKE_S",55,3167558983,0,3,5,5,"Cần theo dõi",0.3931,"train","Trung bình",0.7754
"KH-00020","DOANH NGHIỆP TW TRƯỜNG THỊNH","Hà Nội","Miền Bắc","2025-01","2025-01-11","2025-01-11",79,1,124583332,124583332.0,1,0.0,"CITYBIKE_P",0,0,1,1,2,5,"Có nguy cơ rời bỏ",0.636,"train","Cao",0.7754
"KH-00021","HỘ KINH DOANH XÂY DỰNG","Hà Nội","Miền Bắc","2025-01","2025-01-11","2025-01-11",79,1,87037037,87037037.0,1,0.0,"CITYBIKE_P",0,0,1,1,2,4,"Có nguy cơ rời bỏ",0.7458,"test","Cao",0.7754
"KH-00022","CÔNG TY CỔ PHẦN VIỆT ANH","Hà Nội","Miền Bắc","2025-01","2025-01-13","2025-03-25",6,12,139426647,11618887.0,5,16383323.5,"CITYBIKE_P|KIDBIKE_1|KIDBIKE_2|SPORTBIKE_A|SPORTBIKE_S",6,409453881,0,3,5,5,"Cần theo dõi",0.1407,"train","Thấp",0.7754
"KH-00023","CÔNG TY TNHH THANH BÌNH","Hà Nội","Miền Bắc","2025-01","2025-01-13","2025-03-19",12,4,561667591,140416898.0,2,-140111110.0,"CITYBIKE_P|KIDBIKE_1",3,244314813,0,2,5,5,"Cần chăm sóc đặc biệt",0.4291,"test","Trung bình",0.7754
"KH-00024","CÔNG TY TNHH MINH PHƯƠNG","Ninh Bình","Miền Bắc","2025-01","2025-01-13","2025-03-25",6,6,266430000,44405000.0,3,29185000.0,"CITYBIKE_P|KIDBIKE_1|SPORTBIKE_S",14,682039943,0,3,5,5,"Cần theo dõi",0.6756,"train","Cao",0.7754
"KH-00025","DOANH NGHIỆP TW SƠN HÀ","Thanh Hoá","Miền Trung","2025-01","2025-01-13","2025-01-13",77,1,13277778,13277778.0,1,0.0,"CITYBIKE_P",0,0,1,1,2,1,"Có nguy cơ rời bỏ",0.8909,"train","Cao",0.7754
"KH-00026","CÔNG TY CỔ PHẦN LÊ ANH","Thanh Hóa","Miền Trung","2025-01","2025-01-13","2025-01-13",77,1,7777778,7777778.0,1,0.0,"CITYBIKE_P",0,0,1,1,2,1,"Có nguy cơ rời bỏ",0.8981,"train","Cao",0.7754
"KH-00027","HỘ KINH DOANH ĐẠI DƯƠNG","Hà Nội","Miền Bắc","2025-01","2025-01-13","2025-03-25",6,6,68267254,11377876.0,5,90412.0,"CITYBIKE_P|KIDBIKE_1|KIDBIKE_2|SPORTBIKE_A|SPORTBIKE_S",12,485902094,0,3,5,4,"Cần theo dõi",0.6423,"train","Cao",0.7754
"KH-00028","DOANH NGHIỆP TW PHÚ THỊNH","Phú Thọ","Miền Bắc","2025-01","2025-01-15","2025-03-28",3,2,51050000,25525000.0,4,-17970000.0,"CITYBIKE_P|KIDBIKE_1|KIDBIKE_2|SPORTBIKE_S",0,0,1,4,4,3,"Khách hàng trung thành",0.8707,"test","Cao",0.7754
"KH-00029","CÔNG TY TNHH THƯƠNG MẠI THANH BÌNH","Phan Thiết","Miền Bắc","2025-01","2025-01-16","2025-01-16",74,1,4055556,4055556.0,0,0.0,"",0,0,1,1,2,1,"Có nguy cơ rời bỏ",0.8953,"train","Cao",0.7754
"KH-00030","CỬA HÀNG XE ĐẠP BÌNH MINH","Bắc Giang","Miền Bắc","2025-01","2025-01-16","2025-01-16",74,1,680818519,680818519.0,3,0.0,"CITYBIKE_P|SPORTBIKE_A|SPORTBIKE_S",1,685527778,0,1,2,5,"Có nguy cơ rời bỏ",0.001,"train","Thấp",0.7754
"KH-00031","CÔNG TY CỔ PHẦN THƯƠNG MẠI ĐẠI DƯƠNG","Hà Nội","Miền Bắc","2025-01","2025-01-16","2025-01-16",74,1,4907408,4907408.0,1,0.0,"CITYBIKE_P",0,0,1,1,2,1,"Có nguy cơ rời bỏ",0.9024,"train","Cao",0.7754
"KH-00032","HỘ KINH DOANH CHI THÀNH","Hà Nội","Miền Bắc","2025-01","2025-01-16","2025-01-16",74,1,1935185,1935185.0,0,0.0,"",0,0,1,1,2,1,"Có nguy cơ rời bỏ",0.898,"train","Cao",0.7754
"KH-00033","CỬA HÀNG XE ĐẠP HÙNG CƯỜNG","Hà Nội","Miền Bắc","2025-01","2025-01-17","2025-01-17",73,1,11064815,11064815.0,1,0.0,"CITYBIKE_P",0,0,1,1,2,1,"Có nguy cơ rời bỏ",0.8949,"train","Cao",0.7754
"KH-00034","CÔNG TY TNHH BÌNH MINH","Đà Nẵng","Miền Trung","2025-01","2025-01-18","2025-02-20",39,2,32750000,16375000.0,3,9250000.0,"CITYBIKE_P|KIDBIKE_1|SPORTBIKE_S",0,0,1,1,4,2,"Cần chăm sóc đặc biệt",0.8814,"train","Cao",0.7754
"KH-00035","CỬA HÀNG XE ĐẠP TÂY BẮC","Đà Nẵng","Miền Trung","2025-01","2025-01-18","2025-03-28",3,4,63200000,15800000.0,2,33200000.0,"CITYBIKE_P|SPORTBIKE_S",0,0,1,4,5,4,"Khách hàng tiêu biểu",0.7995,"train","Cao",0.7754
"KH-00036","CÔNG TY TNHH THƯƠNG MẠI PHÚC AN","Hà Nội","Miền Bắc","2025-01","2025-01-20","2025-02-07",52,3,46324073,15441358.0,1,-16361111.0,"SPORTBIKE_A",0,0,1,1,5,3,"Cần chăm sóc đặc biệt",0.7708,"train","Cao",0.7754
"KH-00037","CÔNG TY TNHH THƯƠNG MẠI THANH BÌNH","Hà Nội","Miền Bắc","2025-01","2025-01-20","2025-01-20",70,1,3879630,3879630.0,1,0.0,"SPORTBIKE_S",0,0,1,1,2,1,"Có nguy cơ rời bỏ",0.9046,"train","Cao",0.7754
"KH-00038","DOANH NGHIỆP TW TÂN TIẾN","Thái Nguyên","Miền Bắc","2025-01","2025-01-20","2025-02-21",38,2,106679035,53339518.0,2,41979035.0,"CITYBIKE_P|SPORTBIKE_A",0,0,1,2,4,5,"Cần chăm sóc đặc biệt",0.8545,"train","Cao",0.7754
"KH-00039","CÔNG TY CỔ PHẦN ĐÔNG NAM","Phú Quốc","Miền Bắc","2025-01","2025-01-21","2025-01-21",69,1,153703695,153703695.0,3,0.0,"KIDBIKE_1|KIDBIKE_2|SPORTBIKE_S",1,61250010,0,1,2,5,"Có nguy cơ rời bỏ",0.5899,"test","Trung bình",0.7754
"KH-00040","CÔNG TY TNHH VẠN LỢI","Vinh","Miền Bắc","2025-01","2025-01-21","2025-03-29",2,3,293400000,97800000.0,1,-69300000.0,"KIDBIKE_1",0,0,1,5,5,5,"Khách hàng tiêu biểu",0.602,"train","Cao",0.7754
"KH-00041","CỬA HÀNG XE ĐẠP ĐÔNG NAM","Thanh Hóa","Miền Trung","2025-01","2025-01-22","2025-01-22",68,1,11064815,11064815.0,1,0.0,"CITYBIKE_P",0,0,1,1,2,1,"Có nguy cơ rời bỏ",0.8962,"train","Cao",0.7754
"KH-00042","HỘ KINH DOANH MẶT TRỜI","Hà Nội","Miền Bắc","2025-01","2025-01-22","2025-03-28",3,6,122314323,20385720.0,3,12413189.0,"CITYBIKE_P|KIDBIKE_1|SPORTBIKE_S",5,191238282,0,4,5,5,"Khách hàng tiêu biểu",0.6305,"train","Cao",0.7754
"KH-00043","CÔNG TY TNHH LONG PHÚ","TP Đà Nẵng","Miền Bắc","2025-01","2025-01-22","2025-02-20",39,3,30650000,10216667.0,3,25930000.0,"CITYBIKE_P|KIDBIKE_1|SPORTBIKE_S",0,0,1,1,5,2,"Cần chăm sóc đặc biệt",0.8537,"train","Cao",0.7754
"KH-00044","CÔNG TY TNHH THƯƠNG MẠI NGỌC ANH","Tam Kỳ","Miền Bắc","2025-01","2025-01-23","2025-01-23",67,1,29250000,29250000.0,2,0.0,"CITYBIKE_P|KIDBIKE_1",2,71341187,0,1,2,2,"Có nguy cơ rời bỏ",0.8805,"train","Cao",0.7754
"KH-00045","CÔNG TY TNHH AN PHÁT","Quảng Nam","Miền Trung","2025-01","2025-01-23","2025-01-23",67,1,18111112,18111112.0,1,0.0,"SPORTBIKE_A",0,0,1,1,2,2,"Có nguy cơ rời bỏ",0.8871,"test","Cao",0.7754
"KH-00046","CÔNG TY CỔ PHẦN THƯƠNG MẠI MẶT TRỜI","Đồng Hới","Miền Bắc","2025-01","2025-01-24","2025-03-17",14,2,213842071,106921036.0,2,2487507.0,"CITYBIKE_P|KIDBIKE_1",3,315447424,0,2,4,5,"Cần chăm sóc đặc biệt",0.7317,"train","Cao",0.7754
"KH-00047","CÔNG TY CỔ PHẦN THƯƠNG MẠI TÚ ANH","Vĩnh Phúc","Miền Bắc","2025-02","2025-02-04","2025-02-04",55,1,36180000,36180000.0,1,0.0,"CITYBIKE_P",0,0,1,1,2,3,"Có nguy cơ rời bỏ",0.8635,"train","Cao",0.7754
"KH-00048","CÔNG TY TNHH THUỶ TIÊN","Hà Nội","Miền Bắc","2025-02","2025-02-05","2025-02-20",39,3,13277778,4425926.0,1,0.0,"CITYBIKE_P",2,13296296,0,1,5,1,"Cần chăm sóc đặc biệt",0.8084,"test","Cao",0.7754
"KH-00049","CÔNG TY CỔ PHẦN THUỶ TIÊN","Bắc Ninh","Miền Bắc","2025-02","2025-02-07","2025-03-28",3,3,87930080,29310027.0,4,-29393984.0,"CITYBIKE_P|KIDBIKE_1|SPORTBIKE_A|SPORTBIKE_S",4,69438877,0,4,5,4,"Khách hàng tiêu biểu",0.807,"train","Cao",0.7754
"KH-00050","CÔNG TY TNHH AN PHÁT","Hải Dương","Miền Bắc","2025-02","2025-02-07","2025-02-07",52,1,2305556,2305556.0,1,0.0,"CITYBIKE_P",0,0,1,1,2,1,"Có nguy cơ rời bỏ",0.9106,"train","Cao",0.7754
"KH-00051","CÔNG TY CỔ PHẦN KHẢI HOÀN","Hưng Yên","Miền Bắc","2025-02","2025-02-07","2025-02-07",52,1,4611111,4611111.0,1,0.0,"CITYBIKE_P",0,0,1,1,2,1,"Có nguy cơ rời bỏ",0.9079,"train","Cao",0.7754
"KH-00052","DOANH NGHIỆP TW TÂN TIẾN","Chí Linh","Miền Bắc","2025-02","2025-02-07","2025-02-07",52,1,2212963,2212963.0,1,0.0,"CITYBIKE_P",0,0,1,1,2,1,"Có nguy cơ rời bỏ",0.9107,"train","Cao",0.7754
"KH-00053","CÔNG TY TNHH TRƯỜNG THỊNH","Hà Nội","Miền Bắc","2025-02","2025-02-07","2025-02-07",52,1,3694444,3694444.0,1,0.0,"SPORTBIKE_S",0,0,1,1,2,1,"Có nguy cơ rời bỏ",0.909,"test","Cao",0.7754
"KH-00054","HỘ KINH DOANH TRÍ ĐỨC","Hà Nội","Miền Bắc","2025-02","2025-02-10","2025-02-10",49,1,2398148,2398148.0,1,0.0,"CITYBIKE_P",0,0,1,1,2,1,"Có nguy cơ rời bỏ",0.9111,"train","Cao",0.7754
"KH-00055","CÔNG TY TNHH THƯƠNG MẠI TÂY BẮC","Đắk Lắk","Miền Trung","2025-02","2025-02-10","2025-02-10",49,1,4983333,4983333.0,1,0.0,"CITYBIKE_P",0,0,1,1,2,1,"Có nguy cơ rời bỏ",0.9082,"test","Cao",0.7754
"KH-00056","DOANH NGHIỆP TW ĐÔNG NAM","Hà Nam","Miền Bắc","2025-02","2025-02-10","2025-02-10",49,1,33090000,33090000.0,3,0.0,"CITYBIKE_P|KIDBIKE_1|KIDBIKE_2",0,0,1,1,2,2,"Có nguy cơ rời bỏ",0.8893,"train","Cao",0.7754
"KH-00057","CÔNG TY CỔ PHẦN THƯƠNG MẠI TOÀN THẮNG","Nam Định","Miền Bắc","2025-02","2025-02-10","2025-03-29",2,5,563575152,112715030.0,4,258464848.0,"CITYBIKE_P|KIDBIKE_1|KIDBIKE_2|SPORTBIKE_A",0,0,1,5,5,5,"Khách hàng tiêu biểu",0.9415,"train","Cao",0.7754
"KH-00058","DOANH NGHIỆP TW SÁN LẠP","TP Hải Dương","Miền Bắc","2025-02","2025-02-10","2025-02-10",49,1,24000000,24000000.0,1,0.0,"CITYBIKE_P",0,0,1,1,2,2,"Có nguy cơ rời bỏ",0.8839,"train","Cao",0.7754
"KH-00059","CÔNG TY TNHH TRÍ ĐỨC","Hải Dương","Miền Bắc","2025-02","2025-02-10","2025-02-10",49,1,48680000,48680000.0,2,0.0,"CITYBIKE_P|KIDBIKE_1",0,0,1,1,2,3,"Có nguy cơ rời bỏ",0.8555,"train","Cao",0.7754
"KH-00060","CÔNG TY TNHH THƯƠNG MẠI VẠN LỢI","Hà Nam","Miền Bắc","2025-02","2025-02-10","2025-02-10",49,1,25550000,25550000.0,1,0.0,"CITYBIKE_P",0,0,1,1,2,2,"Có nguy cơ rời bỏ",0.8816,"train","Cao",0.7754
"KH-00061","HỘ KINH DOANH THUỶ TIÊN","Hòa Bình","Miền Bắc","2025-02","2025-02-10","2025-02-10",49,1,13730000,13730000.0,3,0.0,"CITYBIKE_P|SPORTBIKE_A|SPORTBIKE_S",0,0,1,1,2,1,"Có nguy cơ rời bỏ",0.913,"test","Cao",0.7754
"KH-00062","CÔNG TY CỔ PHẦN YÊN BÌNH","Lạng Sơn","Miền Bắc","2025-02","2025-02-10","2025-03-31",0,2,119540000,59770000.0,5,-24140000.0,"CITYBIKE_P|KIDBIKE_1|KIDBIKE_2|SPORTBIKE_A|SPORTBIKE_S",0,0,1,5,4,5,"Khách hàng tiêu biểu",0.8332,"train","Cao",0.7754
"KH-00063","HỘ KINH DOANH VẠN LỢI","Bắc Giang","Miền Bắc","2025-02","2025-02-10","2025-03-28",3,2,51715148,25857574.0,2,10484852.0,"SPORTBIKE_A|SPORTBIKE_S",0,0,1,4,4,3,"Khách hàng trung thành",0.8728,"train","Cao",0.7754
"KH-00064","CÔNG TY TNHH SƠN HÀ","Khu 6 – TT Gia Lộc – Huyện Gia Lộc – Hải Dương","Miền Bắc","2025-02","2025-02-10","2025-03-28",3,6,363062500,60510417.0,5,101262500.0,"CITYBIKE_P|KIDBIKE_1|KIDBIKE_2|SPORTBIKE_A|SPORTBIKE_S",0,0,1,4,5,5,"Khách hàng tiêu biểu",0.8165,"test","Cao",0.7754
"KH-00065","CÔNG TY CỔ PHẦN QUANG VINH","Hà Nội","Miền Bắc","2025-02","2025-02-10","2025-03-25",6,8,550630000,68828750.0,5,386270000.0,"CITYBIKE_P|KIDBIKE_1|KIDBIKE_2|SPORTBIKE_A|SPORTBIKE_S",0,0,1,3,5,5,"Cần theo dõi",0.957,"test","Cao",0.7754
"KH-00066","CÔNG TY CỔ PHẦN NGỌC ANH","Hà Nộ","Miền Bắc","2025-02","2025-02-10","2025-02-10",49,1,34390000,34390000.0,2,0.0,"CITYBIKE_P|KIDBIKE_1",0,0,1,1,2,2,"Có nguy cơ rời bỏ",0.8782,"train","Cao",0.7754
"KH-00067","DOANH NGHIỆP TW NGỌC ANH","Hà Nội","Miền Bắc","2025-02","2025-02-10","2025-03-31",0,9,213946302,23771811.0,5,76163340.0,"CITYBIKE_P|KIDBIKE_1|KIDBIKE_2|SPORTBIKE_A|SPORTBIKE_S",0,0,1,5,5,5,"Khách hàng tiêu biểu",0.5149,"train","Trung bình",0.7754
"KH-00068","CÔNG TY CỔ PHẦN SÁN LẠP","Vĩnh Phúc","Miền Bắc","2025-02","2025-02-10","2025-03-18",13,3,48010000,16003333.0,2,-13030000.0,"CITYBIKE_P|KIDBIKE_2",0,0,1,2,5,3,"Cần chăm sóc đặc biệt",0.8069,"train","Cao",0.7754
"KH-00069","CÔNG TY TNHH MINH PHƯƠNG","Hà Nội","Miền Bắc","2025-02","2025-02-11","2025-02-18",41,2,11074074,5537037.0,1,0.0,"CITYBIKE_P",1,5537037,0,1,4,1,"Cần chăm sóc đặc biệt",0.8661,"test","Cao",0.7754
"KH-00070","CÔNG TY TNHH THƯƠNG MẠI CHI THÀNH","TP. Hồ Chí Minh","Miền Nam","2025-02","2025-02-13","2025-02-13",46,1,8851852,8851852.0,1,0.0,"CITYBIKE_P",0,0,1,1,2,1,"Có nguy cơ rời bỏ",0.9044,"train","Cao",0.7754
"KH-00071","CỬA HÀNG XE ĐẠP BÌNH MINH","Hà Nội","Miền Bắc","2025-02","2025-02-14","2025-02-14",45,1,3509259,3509259.0,1,0.0,"SPORTBIKE_S",0,0,1,1,2,1,"Có nguy cơ rời bỏ",0.9108,"test","Cao",0.7754
"KH-00072","DOANH NGHIỆP TW PHÚC AN","Hà Tĩnh","Miền Trung","2025-02","2025-02-14","2025-02-14",45,1,3450000,3450000.0,1,0.0,"CITYBIKE_P",1,12611109,0,1,2,1,"Có nguy cơ rời bỏ",0.9109,"train","Cao",0.7754
"KH-00073","CỬA HÀNG XE ĐẠP KHẢI HOÀN","Thanh Hoá","Miền Trung","2025-02","2025-02-14","2025-03-31",0,2,62612500,31306250.0,2,-7507500.0,"CITYBIKE_P|SPORTBIKE_S",0,0,1,5,4,4,"Khách hàng tiêu biểu",0.852,"train","Cao",0.7754
"KH-00074","CÔNG TY TNHH THƯƠNG MẠI HOÀ BÌNH","Hòa Bình","Miền Bắc","2025-02","2025-02-14","2025-03-20",11,2,25831481,12915740.0,3,-5031481.0,"CITYBIKE_P|KIDBIKE_1|KIDBIKE_2",2,22655085,0,2,4,2,"Cần chăm sóc đặc biệt",0.8826,"test","Cao",0.7754
"KH-00075","CÔNG TY CỔ PHẦN ĐÔNG NAM","Hà Nội","Miền Bắc","2025-02","2025-02-14","2025-03-27",4,5,312855405,62571081.0,4,106875405.0,"CITYBIKE_P|KIDBIKE_1|SPORTBIKE_A|SPORTBIKE_S",2,54772209,0,4,5,5,"Khách hàng tiêu biểu",0.8439,"train","Cao",0.7754
"KH-00076","CỬA HÀNG XE ĐẠP ĐẠI LỢI","Bắc Giang","Miền Bắc","2025-02","2025-02-14","2025-03-20",11,3,142017573,47339191.0,4,-18300573.0,"CITYBIKE_P|KIDBIKE_1|KIDBIKE_2|SPORTBIKE_A",8,1029202138,0,2,5,5,"Cần chăm sóc đặc biệt",0.7965,"train","Cao",0.7754
"KH-00077","CÔNG TY CỔ PHẦN THƯƠNG MẠI NGỌC ANH","Hà Nội","Miền Bắc","2025-02","2025-02-14","2025-02-14",45,1,35020000,35020000.0,2,0.0,"CITYBIKE_P|KIDBIKE_1",0,0,1,1,2,3,"Có nguy cơ rời bỏ",0.8785,"train","Cao",0.7754
"KH-00078","HỘ KINH DOANH VĨNH PHÁT","Hà Nội","Miền Bắc","2025-02","2025-02-14","2025-03-31",0,12,226371529,18864294.0,5,28776719.0,"CITYBIKE_P|KIDBIKE_1|KIDBIKE_2|SPORTBIKE_A|SPORTBIKE_S",5,75514516,0,5,5,5,"Khách hàng tiêu biểu",0.1785,"train","Thấp",0.7754
"KH-00079","CÔNG TY TNHH ĐÔNG NAM","Bắc Giang","Miền Bắc","2025-02","2025-02-14","2025-03-17",14,2,82316430,41158215.0,5,-37976430.0,"CITYBIKE_P|KIDBIKE_1|KIDBIKE_2|SPORTBIKE_A|SPORTBIKE_S",6,173431258,0,2,4,4,"Cần chăm sóc đặc biệt",0.8407,"train","Cao",0.7754
"KH-00080","HỘ KINH DOANH VĨNH PHÁT","Hà Nội","Miền Bắc","2025-02","2025-02-14","2025-02-14",45,1,60020000,60020000.0,1,0.0,"CITYBIKE_P",0,0,1,1,2,4,"Có nguy cơ rời bỏ",0.8239,"test","Cao",0.7754
"KH-00081","CÔNG TY TNHH THƯƠNG MẠI KHẢI HOÀN","Hưng Yên","Miền Bắc","2025-02","2025-02-14","2025-02-14",45,1,45220000,45220000.0,4,0.0,"CITYBIKE_P|KIDBIKE_1|KIDBIKE_2|SPORTBIKE_S",0,0,1,1,2,3,"Có nguy cơ rời bỏ",0.8826,"test","Cao",0.7754
"KH-00082","CÔNG TY TNHH THƯƠNG MẠI PHÚC AN","Vĩnh Phúc","Miền Bắc","2025-02","2025-02-14","2025-02-14",45,1,43600000,43600000.0,2,0.0,"CITYBIKE_P|SPORTBIKE_A",0,0,1,1,2,3,"Có nguy cơ rời bỏ",0.8653,"train","Cao",0.7754
"KH-00083","CÔNG TY CỔ PHẦN THƯƠNG MẠI THANH BÌNH","Hưng Yên","Miền Bắc","2025-02","2025-02-14","2025-03-19",12,2,141400000,70700000.0,3,62500000.0,"CITYBIKE_P|KIDBIKE_1|SPORTBIKE_S",0,0,1,2,4,5,"Cần chăm sóc đặc biệt",0.8697,"train","Cao",0.7754
"KH-00084","CỬA HÀNG XE ĐẠP TOÀN THẮNG","Hưng Yên","Miền Bắc","2025-02","2025-02-14","2025-02-14",45,1,17860000,17860000.0,2,0.0,"CITYBIKE_P|KIDBIKE_1",0,0,1,1,2,1,"Có nguy cơ rời bỏ",0.9016,"train","Cao",0.7754
"KH-00085","CÔNG TY CỔ PHẦN THƯƠNG MẠI NGỌC ANH","Hà Nội","Miền Bắc","2025-02","2025-02-14","2025-03-27",4,2,46780000,23390000.0,2,-740000.0,"CITYBIKE_P|SPORTBIKE_S",0,0,1,4,4,3,"Khách hàng trung thành",0.8664,"train","Cao",0.7754
"KH-00086","CÔNG TY TNHH NGỌC ANH","Hà Nội","Miền Bắc","2025-02","2025-02-14","2025-03-24",7,3,110019361,36673120.0,4,42724213.0,"CITYBIKE_P|KIDBIKE_1|KIDBIKE_2|SPORTBIKE_A",0,0,1,3,5,5,"Cần theo dõi",0.8678,"train","Cao",0.7754
"KH-00087","CỬA HÀNG XE ĐẠP SÁN LẠP","Nghệ An","Miền Trung","2025-02","2025-02-14","2025-02-14",45,1,24200000,24200000.0,1,0.0,"KIDBIKE_1",0,0,1,1,2,2,"Có nguy cơ rời bỏ",0.8847,"train","Cao",0.7754
"KH-00088","CỬA HÀNG XE ĐẠP SÁN LẠP","Nghệ An","Miền Trung","2025-02","2025-02-14","2025-03-31",0,4,125882643,31470661.0,4,49897357.0,"CITYBIKE_P|KIDBIKE_1|KIDBIKE_2|SPORTBIKE_A",5,363986952,0,5,5,5,"Khách hàng tiêu biểu",0.8373,"train","Cao",0.7754
"KH-00089","HỘ KINH DOANH TOÀN THẮNG","Nghệ A","Miền Bắc","2025-02","2025-02-14","2025-02-14",45,1,138392643,138392643.0,3,0.0,"CITYBIKE_P|KIDBIKE_1|SPORTBIKE_A",0,0,1,1,2,5,"Có nguy cơ rời bỏ",0.655,"train","Cao",0.7754
"KH-00090","CÔNG TY TNHH THƯƠNG MẠI TÂY BẮC","Thanh Hoá","Miền Trung","2025-02","2025-02-15","2025-02-15",44,1,8518519,8518519.0,1,0.0,"CITYBIKE_P",0,0,1,1,2,1,"Có nguy cơ rời bỏ",0.9052,"train","Cao",0.7754
"KH-00091","CÔNG TY TNHH BÌNH MINH","Hà Nội","Miền Bắc","2025-02","2025-02-17","2025-03-28",3,7,2688609631,384087090.0,5,2405571585.0,"CITYBIKE_P|KIDBIKE_1|KIDBIKE_2|SPORTBIKE_A|SPORTBIKE_S",48,6769302304,0,4,5,5,"Khách hàng tiêu biểu",1.0,"test","Cao",0.7754
"KH-00092","CÔNG TY CỔ PHẦN THƯƠNG MẠI XUÂN MAI","Hà Nội","Miền Bắc","2025-02","2025-02-17","2025-03-31",0,3,51482643,17160881.0,2,22962643.0,"CITYBIKE_P|SPORTBIKE_A",0,0,1,5,5,3,"Khách hàng trung thành",0.8473,"test","Cao",0.7754
"KH-00093","CÔNG TY CỔ PHẦN PHÚC AN","Hà Nội","Miền Bắc","2025-02","2025-02-17","2025-03-25",6,4,112430000,28107500.0,4,45290000.0,"CITYBIKE_P|KIDBIKE_1|KIDBIKE_2|SPORTBIKE_S",0,0,1,3,5,5,"Cần theo dõi",0.832,"train","Cao",0.7754
"KH-00094","HỘ KINH DOANH SÁN LẠP","Phú Thọ","Miền Bắc","2025-02","2025-02-17","2025-03-31",0,2,41790000,20895000.0,3,-4870000.0,"CITYBIKE_P|KIDBIKE_1|SPORTBIKE_S",0,0,1,5,4,3,"Khách hàng trung thành",0.8772,"test","Cao",0.7754
"KH-00095","CÔNG TY CỔ PHẦN THƯƠNG MẠI KHẢI HOÀN","Hà Nội","Miền Bắc","2025-02","2025-02-17","2025-02-17",42,1,34730000,34730000.0,3,0.0,"CITYBIKE_P|KIDBIKE_1|SPORTBIKE_S",0,0,1,1,2,3,"Có nguy cơ rời bỏ",0.889,"train","Cao",0.7754
"KH-00096","CÔNG TY TNHH THƯƠNG MẠI SƠN HÀ","Hà Nội","Miền Bắc","2025-02","2025-02-17","2025-03-18",13,2,52127000,26063500.0,3,3447000.0,"CITYBIKE_P|KIDBIKE_1|SPORTBIKE_S",0,0,1,2,4,3,"Cần chăm sóc đặc biệt",0.874,"train","Cao",0.7754
"KH-00097","CÔNG TY TNHH XUÂN MAI","Hà Nội","Miền Bắc","2025-02","2025-02-17","2025-03-31",0,8,199350113,24918764.0,5,-64741097.0,"CITYBIKE_P|KIDBIKE_1|KIDBIKE_2|SPORTBIKE_A|SPORTBIKE_S",0,0,1,5,5,5,"Khách hàng tiêu biểu",0.3652,"train","Trung bình",0.7754
"KH-00098","HỘ KINH DOANH MẶT TRỜI","Nghệ An","Miền Trung","2025-02","2025-02-17","2025-03-18",13,3,302480000,100826667.0,2,-1080000.0,"CITYBIKE_P|KIDBIKE_1",0,0,1,2,5,5,"Cần chăm sóc đặc biệt",0.7185,"train","Cao",0.7754
"KH-00099","CÔNG TY TNHH NGỌC ANH","Hà Nội","Miền Bắc","2025-02","2025-02-17","2025-02-17",42,1,43710000,43710000.0,4,0.0,"CITYBIKE_P|KIDBIKE_1|KIDBIKE_2|SPORTBIKE_S",0,0,1,1,2,3,"Có nguy cơ rời bỏ",0.8856,"train","Cao",0.7754
"KH-00100","CỬA HÀNG XE ĐẠP ĐẠI LỢI","Hà Nội","Miền Bắc","2025-02","2025-02-17","2025-03-22",9,3,87295102,29098367.0,4,10156058.0,"CITYBIKE_P|KIDBIKE_1|KIDBIKE_2|SPORTBIKE_A",0,0,1,3,5,4,"Cần theo dõi",0.845,"test","Cao",0.7754
"KH-00101","CÔNG TY CỔ PHẦN THƯƠNG MẠI QUANG VINH","Hà Nội","Miền Bắc","2025-02","2025-02-17","2025-03-24",7,3,35420000,11806667.0,3,33060000.0,"CITYBIKE_P|SPORTBIKE_A|SPORTBIKE_S",0,0,1,3,5,3,"Cần theo dõi",0.869,"test","Cao",0.7754
"KH-00102","CỬA HÀNG XE ĐẠP AN PHÁT","Bắc Ninh","Miền Bắc","2025-02","2025-02-17","2025-02-17",42,1,69700000,69700000.0,1,0.0,"CITYBIKE_P",1,24388326,0,1,2,4,"Có nguy cơ rời bỏ",0.805,"train","Cao",0.7754
"KH-00103","CÔNG TY CỔ PHẦN AN PHÁT","Bắc Giang","Miền Bắc","2025-02","2025-02-19","2025-02-19",40,1,18680556,18680556.0,1,0.0,"CITYBIKE_P",0,0,1,1,2,2,"Có nguy cơ rời bỏ",0.8936,"train","Cao",0.7754
"KH-00104","DOANH NGHIỆP TW THUỶ TIÊN","Thanh Hóa","Miền Trung","2025-02","2025-02-19","2025-03-25",6,3,226215286,75405095.0,3,95544714.0,"CITYBIKE_P|SPORTBIKE_A|SPORTBIKE_S",0,0,1,3,5,5,"Cần theo dõi",0.8705,"train","Cao",0.7754
"KH-00105","CỬA HÀNG XE ĐẠP PHÚC AN","Bắc Ninh","Miền Bắc","2025-02","2025-02-19","2025-02-19",40,1,34910000,34910000.0,2,0.0,"CITYBIKE_P|KIDBIKE_1",0,0,1,1,2,3,"Có nguy cơ rời bỏ",0.8801,"train","Cao",0.7754
"KH-00106","CÔNG TY TNHH THƯƠNG MẠI TOÀN THẮNG","Thanh Hóa","Miền Trung","2025-02","2025-02-19","2025-02-19",40,1,88360000,88360000.0,2,0.0,"CITYBIKE_P|SPORTBIKE_S",0,0,1,1,2,4,"Có nguy cơ rời bỏ",0.7783,"train","Cao",0.7754
"KH-00107","CÔNG TY TNHH LONG PHÚ","Bắc Ninh","Miền Bắc","2025-02","2025-02-19","2025-03-28",3,3,82830000,27610000.0,2,39310000.0,"CITYBIKE_P|KIDBIKE_1",0,0,1,4,5,4,"Khách hàng tiêu biểu",0.852,"train","Cao",0.7754
"KH-00108","HỘ KINH DOANH LÊ ANH","Hà Nội","Miền Bắc","2025-02","2025-02-19","2025-02-19",40,1,35900000,35900000.0,3,0.0,"CITYBIKE_P|KIDBIKE_1|SPORTBIKE_S",0,0,1,1,2,3,"Có nguy cơ rời bỏ",0.8879,"train","Cao",0.7754
"KH-00109","CÔNG TY CỔ PHẦN VẠN LỢI","Hà Nội","Miền Bắc","2025-02","2025-02-19","2025-03-31",0,3,80790000,26930000.0,3,56990000.0,"CITYBIKE_P|KIDBIKE_1|SPORTBIKE_A",0,0,1,5,5,4,"Khách hàng tiêu biểu",0.8785,"train","Cao",0.7754
"KH-00110","CỬA HÀNG XE ĐẠP TÂY BẮC","Hà Nội","Miền Bắc","2025-02","2025-02-19","2025-03-24",7,2,57900000,28950000.0,3,18400000.0,"CITYBIKE_P|KIDBIKE_1|SPORTBIKE_S",0,0,1,3,4,4,"Cần theo dõi",0.8838,"train","Cao",0.7754
"KH-00111","DOANH NGHIỆP TW MẶT TRỜI","Hà Nội","Miền Bắc","2025-02","2025-02-19","2025-03-27",4,2,72628500,36314250.0,4,20548500.0,"CITYBIKE_P|KIDBIKE_1|KIDBIKE_2|SPORTBIKE_A",0,0,1,4,4,4,"Khách hàng tiêu biểu",0.8876,"test","Cao",0.7754
"KH-00112","HỘ KINH DOANH TÚ ANH","Khu 2- thị trấn Kim Tân- Thạch Thành - Thanh Hóa","Miền Bắc","2025-02","2025-02-19","2025-03-19",12,2,61441481,30720740.0,3,-8918519.0,"CITYBIKE_P|KIDBIKE_1|KIDBIKE_2",0,0,1,2,4,4,"Cần chăm sóc đặc biệt",0.8586,"train","Cao",0.7754
"KH-00113","DOANH NGHIỆP TW XÂY DỰNG","Thanh Hoá","Miền Trung","2025-02","2025-02-19","2025-02-19",40,1,17790000,17790000.0,1,0.0,"CITYBIKE_P",1,23649439,0,1,2,1,"Có nguy cơ rời bỏ",0.8947,"train","Cao",0.7754
"KH-00114","CỬA HÀNG XE ĐẠP NGỌC ANH","Phố Kiểu - Yên Trường - Yên Định - Thanh Hoá","Miền Bắc","2025-02","2025-02-19","2025-02-19",40,1,22550000,22550000.0,3,0.0,"CITYBIKE_P|KIDBIKE_2|SPORTBIKE_A",0,0,1,1,2,2,"Có nguy cơ rời bỏ",0.905,"train","Cao",0.7754
"KH-00115","CÔNG TY CỔ PHẦN YÊN BÌNH","Thanh Hóa","Miền Trung","2025-02","2025-02-19","2025-03-31",0,2,52250000,26125000.0,3,-12470000.0,"CITYBIKE_P|KIDBIKE_1|KIDBIKE_2",0,0,1,5,4,3,"Khách hàng trung thành",0.8651,"train","Cao",0.7754
"KH-00116","HỘ KINH DOANH TOÀN THẮNG","Hưng Yên","Miền Bắc","2025-02","2025-02-19","2025-02-19",40,1,57090000,57090000.0,2,0.0,"CITYBIKE_P|KIDBIKE_1",0,0,1,1,2,4,"Có nguy cơ rời bỏ",0.8439,"train","Cao",0.7754
"KH-00117","HỘ KINH DOANH YÊN BÌNH","Hưng yên","Miền Bắc","2025-02","2025-02-19","2025-03-31",0,2,48490000,24245000.0,2,570000.0,"CITYBIKE_P|KIDBIKE_1",0,0,1,5,4,3,"Khách hàng trung thành",0.8677,"train","Cao",0.7754
"KH-00118","HỘ KINH DOANH HÙNG CƯỜNG","Nam Định","Miền Bắc","2025-02","2025-02-20","2025-02-20",39,1,7361111,7361111.0,1,0.0,"CITYBIKE_P",0,0,1,1,2,1,"Có nguy cơ rời bỏ",0.9078,"train","Cao",0.7754
"KH-00119","DOANH NGHIỆP TW MẶT TRỜI","Hà Nội","Miền Bắc","2025-02","2025-02-20","2025-03-25",6,2,53513597,26756798.0,4,-3231519.0,"CITYBIKE_P|KIDBIKE_1|KIDBIKE_2|SPORTBIKE_S",0,0,1,3,4,4,"Cần theo dõi",0.8799,"test","Cao",0.7754
"KH-00120","CÔNG TY TNHH THANH BÌNH","Hà Nội","Miền Bắc","2025-02","2025-02-20","2025-03-25",6,2,77920143,38960072.0,5,16434857.0,"CITYBIKE_P|KIDBIKE_1|KIDBIKE_2|SPORTBIKE_A|SPORTBIKE_S",0,0,1,3,4,4,"Cần theo dõi",0.8904,"test","Cao",0.7754
"KH-00121","CÔNG TY TNHH CHI THÀNH","Hưng Yên","Miền Bắc","2025-02","2025-02-20","2025-02-20",39,1,25527929,25527929.0,4,0.0,"CITYBIKE_P|KIDBIKE_1|KIDBIKE_2|SPORTBIKE_A",0,0,1,1,2,2,"Có nguy cơ rời bỏ",0.9093,"train","Cao",0.7754
"KH-00122","CÔNG TY TNHH CHI THÀNH","Hưng Yên","Miền Bắc","2025-02","2025-02-20","2025-02-20",39,1,28520000,28520000.0,3,0.0,"CITYBIKE_P|KIDBIKE_1|KIDBIKE_2",0,0,1,1,2,2,"Có nguy cơ rời bỏ",0.8979,"train","Cao",0.7754
"KH-00123","CÔNG TY CỔ PHẦN THƯƠNG MẠI LONG PHÚ","Hà Nội","Miền Bắc","2025-02","2025-02-20","2025-02-20",39,1,17390000,17390000.0,2,0.0,"CITYBIKE_P|KIDBIKE_2",0,0,1,1,2,1,"Có nguy cơ rời bỏ",0.9036,"test","Cao",0.7754
"KH-00124","CÔNG TY CỔ PHẦN THƯƠNG MẠI AN PHÁT","Thanh Hoá","Miền Trung","2025-02","2025-02-20","2025-02-20",39,1,36220000,36220000.0,2,0.0,"CITYBIKE_P|SPORTBIKE_S",0,0,1,1,2,3,"Có nguy cơ rời bỏ",0.8785,"train","Cao",0.7754
"KH-00125","HỘ KINH DOANH BÌNH MINH","Thanh Hóa","Miền Trung","2025-02","2025-02-20","2025-02-20",39,1,21860000,21860000.0,1,0.0,"CITYBIKE_P",0,0,1,1,2,2,"Có nguy cơ rời bỏ",0.8896,"train","Cao",0.7754
"KH-00126","HỘ KINH DOANH HOÀ BÌNH","Thanh Hoá","Miền Trung","2025-02","2025-02-20","2025-03-24",7,3,106170000,35390000.0,4,30230000.0,"CITYBIKE_P|KIDBIKE_1|KIDBIKE_2|SPORTBIKE_S",0,0,1,3,5,5,"Cần theo dõi",0.8583,"train","Cao",0.7754
"KH-00127","CỬA HÀNG XE ĐẠP TÂN TIẾN","Hà Nam","Miền Bắc","2025-02","2025-02-20","2025-02-20",39,1,48240000,48240000.0,1,0.0,"CITYBIKE_P",0,0,1,1,2,3,"Có nguy cơ rời bỏ",0.8484,"train","Cao",0.7754
"KH-00128","HỘ KINH DOANH TÂY BẮC","Thanh Hóa","Miền Trung","2025-02","2025-02-20","2025-02-20",39,1,46560000,46560000.0,2,0.0,"CITYBIKE_P|KIDBIKE_1",0,0,1,1,2,3,"Có nguy cơ rời bỏ",0.8624,"train","Cao",0.7754
"KH-00129","CÔNG TY CỔ PHẦN LÊ ANH","Tĩnh Thanh Hoá","Miền Bắc","2025-02","2025-02-20","2025-02-20",39,1,60307929,60307929.0,4,0.0,"CITYBIKE_P|KIDBIKE_1|KIDBIKE_2|SPORTBIKE_A",0,0,1,1,2,4,"Có nguy cơ rời bỏ",0.8612,"train","Cao",0.7754
"KH-00130","CÔNG TY CỔ PHẦN THƯƠNG MẠI THUỶ TIÊN","Thanh Hoá","Miền Trung","2025-02","2025-02-20","2025-03-31",0,5,191180000,38236000.0,3,117980000.0,"CITYBIKE_P|KIDBIKE_1|SPORTBIKE_S",0,0,1,5,5,5,"Khách hàng tiêu biểu",0.8434,"train","Cao",0.7754
"KH-00131","CÔNG TY TNHH QUANG VINH","Hà Nam","Miền Bắc","2025-02","2025-02-20","2025-02-20",39,1,35090000,35090000.0,2,0.0,"CITYBIKE_P|KIDBIKE_1",0,0,1,1,2,3,"Có nguy cơ rời bỏ",0.8801,"train","Cao",0.7754
"KH-00132","CÔNG TY TNHH THƯƠNG MẠI HOÀ BÌNH","Nghệ An","Miền Trung","2025-02","2025-02-20","2025-03-28",3,4,341650000,85412500.0,4,194170000.0,"CITYBIKE_P|KIDBIKE_2|SPORTBIKE_A|SPORTBIKE_S",0,0,1,4,5,5,"Khách hàng tiêu biểu",0.9224,"train","Cao",0.7754
"KH-00133","DOANH NGHIỆP TW YÊN BÌNH","Thanh Hoá","Miền Trung","2025-02","2025-02-20","2025-03-14",17,4,55861481,13965370.0,2,-49861481.0,"CITYBIKE_P|KIDBIKE_2",5,269041876,0,2,5,4,"Cần chăm sóc đặc biệt",0.6816,"train","Cao",0.7754
"KH-00134","DOANH NGHIỆP TW PHÚ THỊNH","Quảng Nam","Miền Trung","2025-02","2025-02-21","2025-03-31",0,3,236678935,78892978.0,2,-20540447.0,"CITYBIKE_P|SPORTBIKE_A",9,747631882,0,5,5,5,"Khách hàng tiêu biểu",0.7279,"train","Cao",0.7754
"KH-00135","CỬA HÀNG XE ĐẠP XUÂN MAI","Ninh Bình","Miền Bắc","2025-02","2025-02-22","2025-02-22",37,1,34180000,34180000.0,3,0.0,"CITYBIKE_P|KIDBIKE_2|SPORTBIKE_S",0,0,1,2,2,2,"Có nguy cơ rời bỏ",0.8911,"train","Cao",0.7754
"KH-00136","CÔNG TY CỔ PHẦN NGỌC ANH","Tây Bình Cách - Xã Đông Xá - Huyện Đông Hưng - Thái Bình.","Miền Bắc","2025-02","2025-02-22","2025-02-22",37,1,42370000,42370000.0,4,0.0,"CITYBIKE_P|KIDBIKE_1|KIDBIKE_2|SPORTBIKE_S",0,0,1,2,2,3,"Có nguy cơ rời bỏ",0.8888,"train","Cao",0.7754
"KH-00137","CÔNG TY TNHH THƯƠNG MẠI QUANG VINH","Hà Nam","Miền Bắc","2025-02","2025-02-22","2025-02-22",37,1,36580000,36580000.0,3,0.0,"CITYBIKE_P|SPORTBIKE_A|SPORTBIKE_S",0,0,1,2,2,3,"Có nguy cơ rời bỏ",0.8878,"train","Cao",0.7754
"KH-00138","CÔNG TY TNHH THƯƠNG MẠI VĨNH PHÁT","Thái Bình","Miền Bắc","2025-02","2025-02-22","2025-02-22",37,1,52850000,52850000.0,3,0.0,"CITYBIKE_P|KIDBIKE_1|KIDBIKE_2",0,0,1,2,2,3,"Có nguy cơ rời bỏ",0.8634,"train","Cao",0.7754
"KH-00139","HỘ KINH DOANH YÊN BÌNH","Hà Nội","Miền Bắc","2025-02","2025-02-22","2025-03-31",0,3,124298146,41432715.0,3,-22847574.0,"CITYBIKE_P|SPORTBIKE_A|SPORTBIKE_S",0,0,1,5,5,5,"Khách hàng tiêu biểu",0.788,"test","Cao",0.7754
"KH-00140","CÔNG TY TNHH XÂY DỰNG","Hải Dương","Miền Bắc","2025-02","2025-02-22","2025-03-21",10,3,98910000,32970000.0,5,17390000.0,"CITYBIKE_P|KIDBIKE_1|KIDBIKE_2|SPORTBIKE_A|SPORTBIKE_S",0,0,1,3,5,5,"Cần theo dõi",0.8592,"train","Cao",0.7754
"KH-00141","CÔNG TY CỔ PHẦN THƯƠNG MẠI TÂN TIẾN","Hải Phòng","Miền Bắc","2025-02","2025-02-22","2025-02-22",37,1,108820000,108820000.0,3,0.0,"CITYBIKE_P|KIDBIKE_1|KIDBIKE_2",0,0,1,2,2,5,"Có nguy cơ rời bỏ",0.7449,"train","Cao",0.7754
"KH-00142","CÔNG TY TNHH THƯƠNG MẠI CHI THÀNH","Hà Nội","Miền Bắc","2025-02","2025-02-22","2025-03-31",0,4,66548500,16637125.0,5,39648500.0,"CITYBIKE_P|KIDBIKE_1|KIDBIKE_2|SPORTBIKE_A|SPORTBIKE_S",0,0,1,5,5,4,"Khách hàng tiêu biểu",0.8461,"train","Cao",0.7754
"KH-00143","DOANH NGHIỆP TW TÂY BẮC","Vĩnh Phúc","Miền Bắc","2025-02","2025-02-22","2025-02-22",37,1,29700000,29700000.0,2,0.0,"CITYBIKE_P|SPORTBIKE_A",0,0,1,2,2,2,"Có nguy cơ rời bỏ",0.8883,"train","Cao",0.7754
"KH-00144","CỬA HÀNG XE ĐẠP QUANG VINH","Vĩnh Yên","Miền Bắc","2025-02","2025-02-22","2025-02-22",37,1,22418078,22418078.0,4,0.0,"CITYBIKE_P|KIDBIKE_1|KIDBIKE_2|SPORTBIKE_S",0,0,1,2,2,2,"Có nguy cơ rời bỏ",0.9133,"train","Cao",0.7754
"KH-00145","HỘ KINH DOANH PHÚ THỊNH","Quảng Ngãi","Miền Trung","2025-02","2025-02-22","2025-02-22",37,1,22940000,22940000.0,4,0.0,"CITYBIKE_P|KIDBIKE_1|KIDBIKE_2|SPORTBIKE_A",0,0,1,2,2,2,"Có nguy cơ rời bỏ",0.9127,"train","Cao",0.7754
"KH-00146","HỘ KINH DOANH LONG PHÚ","Điện Biên","Miền Bắc","2025-02","2025-02-22","2025-02-22",37,1,18640000,18640000.0,4,0.0,"CITYBIKE_P|KIDBIKE_1|SPORTBIKE_A|SPORTBIKE_S",0,0,1,2,2,2,"Có nguy cơ rời bỏ",0.9173,"train","Cao",0.7754
"KH-00147","CÔNG TY TNHH PHÚ THỊNH","Hà Nội","Miền Bắc","2025-02","2025-02-22","2025-03-29",2,3,176398243,58799414.0,5,46488159.0,"CITYBIKE_P|KIDBIKE_1|KIDBIKE_2|SPORTBIKE_A|SPORTBIKE_S",16,707864423,0,5,5,5,"Khách hàng tiêu biểu",0.8654,"train","Cao",0.7754
"KH-00148","HỘ KINH DOANH THUỶ TIÊN","Hải Dươn","Miền Bắc","2025-02","2025-02-22","2025-03-27",4,4,82782643,20695661.0,4,39937357.0,"CITYBIKE_P|KIDBIKE_1|SPORTBIKE_A|SPORTBIKE_S",0,0,1,4,5,4,"Khách hàng tiêu biểu",0.8309,"train","Cao",0.7754
"KH-00149","CỬA HÀNG XE ĐẠP TÚ ANH","Hải Dương","Miền Bắc","2025-02","2025-02-22","2025-03-21",10,2,66287929,33143964.0,5,-5247929.0,"CITYBIKE_P|KIDBIKE_1|KIDBIKE_2|SPORTBIKE_A|SPORTBIKE_S",0,0,1,3,4,4,"Cần theo dõi",0.8797,"train","Cao",0.7754
"KH-00150","HỘ KINH DOANH SÁN LẠP","Hải Dương","Miền Bắc","2025-02","2025-02-22","2025-02-22",37,1,14582643,14582643.0,2,0.0,"CITYBIKE_P|SPORTBIKE_A",0,0,1,2,2,1,"Có nguy cơ rời bỏ",0.9074,"train","Cao",0.7754
"KH-00151","CÔNG TY TNHH LÊ ANH","Hà Tĩnh","Miền Trung","2025-02","2025-02-22","2025-03-20",11,2,130261924,65130962.0,3,45661924.0,"CITYBIKE_P|KIDBIKE_1|SPORTBIKE_S",0,0,1,2,4,5,"Cần chăm sóc đặc biệt",0.8628,"train","Cao",0.7754
"KH-00152","HỘ KINH DOANH TRÍ ĐỨC","Nghệ An","Miền Trung","2025-02","2025-02-22","2025-03-31",0,3,89045116,29681705.0,3,11385116.0,"CITYBIKE_P|KIDBIKE_1|KIDBIKE_2",0,0,1,5,5,4,"Khách hàng tiêu biểu",0.837,"train","Cao",0.7754
"KH-00153","CÔNG TY CỔ PHẦN THƯƠNG MẠI PHÚ THỊNH","Hà Tĩnh","Miền Trung","2025-02","2025-02-22","2025-02-22",37,1,33900000,33900000.0,3,0.0,"CITYBIKE_P|KIDBIKE_1|KIDBIKE_2",0,0,1,2,2,2,"Có nguy cơ rời bỏ",0.8914,"train","Cao",0.7754
"KH-00154","DOANH NGHIỆP TW VĨNH PHÁT","Hà Tĩnh","Miền Trung","2025-02","2025-02-22","2025-03-31",0,3,80000000,26666667.0,1,32720000.0,"CITYBIKE_P",0,0,1,5,5,4,"Khách hàng tiêu biểu",0.8359,"train","Cao",0.7754
"KH-00155","DOANH NGHIỆP TW HÙNG CƯỜNG","Hà Nội","Miền Bắc","2025-02","2025-02-22","2025-03-28",3,4,140009520,35002380.0,5,59885286.0,"CITYBIKE_P|KIDBIKE_1|KIDBIKE_2|SPORTBIKE_A|SPORTBIKE_S",0,0,1,4,5,5,"Khách hàng tiêu biểu",0.8555,"train","Cao",0.7754
"KH-00156","DOANH NGHIỆP TW VIỆT ANH","Thanh Hoá","Miền Trung","2025-02","2025-02-22","2025-02-22",37,1,21250000,21250000.0,3,0.0,"CITYBIKE_P|KIDBIKE_1|SPORTBIKE_S",0,0,1,2,2,2,"Có nguy cơ rời bỏ",0.9072,"train","Cao",0.7754
"KH-00157","CÔNG TY TNHH THƯƠNG MẠI LONG PHÚ","Hà Nội","Miền Bắc","2025-02","2025-02-25","2025-02-25",34,1,7018519,7018519.0,2,0.0,"CITYBIKE_P|SPORTBIKE_A",123,446829638,0,2,2,1,"Có nguy cơ rời bỏ",0.9165,"train","Cao",0.7754
"KH-00158","CÔNG TY TNHH THƯƠNG MẠI VIỆT ANH","Thái Bình","Miền Bắc","2025-02","2025-02-25","2025-02-25",34,1,23040000,23040000.0,2,0.0,"CITYBIKE_P|KIDBIKE_1",0,0,1,2,2,2,"Có nguy cơ rời bỏ",0.8979,"test","Cao",0.7754
"KH-00159","CÔNG TY TNHH THƯƠNG MẠI THANH BÌNH","Thủ Dầu Một","Miền Bắc","2025-02","2025-02-25","2025-03-07",24,2,20750000,10375000.0,1,11527778.0,"CITYBIKE_P",0,0,1,2,4,2,"Cần chăm sóc đặc biệt",0.8749,"test","Cao",0.7754
"KH-00160","CÔNG TY TNHH THƯƠNG MẠI TRÍ ĐỨC","Hà Nội","Miền Bắc","2025-02","2025-02-26","2025-02-26",33,1,2768519,2768519.0,1,0.0,"CITYBIKE_P",0,0,1,2,2,1,"Có nguy cơ rời bỏ",0.9143,"train","Cao",0.7754
"KH-00161","CÔNG TY TNHH THIÊN AN","Hà Nội","Miền Bắc","2025-02","2025-02-26","2025-03-27",4,3,182845338,60948446.0,5,140450908.0,"CITYBIKE_P|KIDBIKE_1|KIDBIKE_2|SPORTBIKE_A|SPORTBIKE_S",0,0,1,4,5,5,"Khách hàng tiêu biểu",0.9247,"train","Cao",0.7754
"KH-00162","CÔNG TY CỔ PHẦN THƯƠNG MẠI CHI THÀNH","Hà Nội","Miền Bắc","2025-02","2025-02-26","2025-03-22",9,2,17880000,8940000.0,2,-3140000.0,"CITYBIKE_P|KIDBIKE_1",2,40252765,0,3,4,1,"Cần theo dõi",0.8795,"train","Cao",0.7754
"KH-00163","HỘ KINH DOANH XUÂN MAI","Hà Nội","Miền Bắc","2025-02","2025-02-26","2025-03-31",0,4,82695483,20673871.0,4,34663635.0,"CITYBIKE_P|KIDBIKE_1|KIDBIKE_2|SPORTBIKE_S",0,0,1,5,5,4,"Khách hàng tiêu biểu",0.8272,"train","Cao",0.7754
"KH-00164","HỘ KINH DOANH XÂY DỰNG","Thân Nhân Trung - TT Bích Động - Việt Yên - Bắc Giang","Miền Bắc","2025-02","2025-02-26","2025-03-21",10,2,61750000,30875000.0,3,10250000.0,"CITYBIKE_P|KIDBIKE_1|SPORTBIKE_S",0,0,1,3,4,4,"Cần theo dõi",0.8747,"train","Cao",0.7754
"KH-00165","CÔNG TY CỔ PHẦN THƯƠNG MẠI TRƯỜNG THỊNH","Bắc Giang","Miền Bắc","2025-02","2025-02-26","2025-02-26",33,1,10890000,10890000.0,3,0.0,"CITYBIKE_P|SPORTBIKE_A|SPORTBIKE_S",0,0,1,2,2,1,"Có nguy cơ rời bỏ",0.9194,"test","Cao",0.7754
"KH-00166","HỘ KINH DOANH QUANG VINH","Tổ 1 - Phường Mường Thanh - TP Điện Biên Phủ","Miền Bắc","2025-02","2025-02-26","2025-02-26",33,1,23312643,23312643.0,3,0.0,"CITYBIKE_P|SPORTBIKE_A|SPORTBIKE_S",0,0,1,2,2,2,"Có nguy cơ rời bỏ",0.9058,"train","Cao",0.7754
"KH-00167","CÔNG TY CỔ PHẦN THƯƠNG MẠI LÊ ANH","Hà Nội","Miền Bắc","2025-02","2025-02-26","2025-03-28",3,4,82220000,20555000.0,4,33440000.0,"CITYBIKE_P|KIDBIKE_1|SPORTBIKE_A|SPORTBIKE_S",1,60264618,0,4,5,4,"Khách hàng tiêu biểu",0.8248,"train","Cao",0.7754
"KH-00168","DOANH NGHIỆP TW ĐẠI LỢI","Hà Nội","Miền Bắc","2025-02","2025-02-26","2025-03-28",3,3,71662117,23887372.0,3,5897883.0,"CITYBIKE_P|KIDBIKE_1|KIDBIKE_2",3,167428470,0,4,5,4,"Khách hàng tiêu biểu",0.8359,"train","Cao",0.7754
"KH-00169","CÔNG TY TNHH THƯƠNG MẠI VĨNH PHÁT","Ninh Bình","Miền Bắc","2025-02","2025-02-26","2025-02-26",33,1,89420000,89420000.0,3,0.0,"CITYBIKE_P|KIDBIKE_1|SPORTBIKE_S",4,271788822,0,2,2,4,"Có nguy cơ rời bỏ",0.7942,"test","Cao",0.7754
"KH-00170","CỬA HÀNG XE ĐẠP TRƯỜNG THỊNH","Ninh Bình","Miền Bắc","2025-02","2025-02-26","2025-02-26",33,1,41700000,41700000.0,2,0.0,"CITYBIKE_P|KIDBIKE_1",0,0,1,2,2,3,"Có nguy cơ rời bỏ",0.872,"train","Cao",0.7754
"KH-00171","CÔNG TY CỔ PHẦN QUANG VINH","Hà Nội","Miền Bắc","2025-02","2025-02-27","2025-02-27",32,1,24259259,24259259.0,1,0.0,"CITYBIKE_P",0,0,1,2,2,2,"Có nguy cơ rời bỏ",0.8882,"train","Cao",0.7754
"KH-00172","CỬA HÀNG XE ĐẠP XÂY DỰNG","Đường Trang Quan - Xã An Đồng - Huyện An Dương - Hải Phòng.","Miền Bắc","2025-02","2025-02-28","2025-03-31",0,2,267722221,133861110.0,1,-10166667.0,"CITYBIKE_P",1,84722222,0,5,4,5,"Khách hàng tiêu biểu",0.6421,"train","Cao",0.7754
"KH-00173","DOANH NGHIỆP TW PHÚ THỊNH","Hà Nội","Miền Bắc","2025-03","2025-03-01","2025-03-25",6,21,1582007777,75333704.0,5,0.0,"CITYBIKE_P|KIDBIKE_1|KIDBIKE_2|SPORTBIKE_A|SPORTBIKE_S",0,0,1,3,5,5,"Cần theo dõi",0.1074,"train","Thấp",0.7754
"KH-00174","CÔNG TY CỔ PHẦN THƯƠNG MẠI LÊ ANH","Đà Nẵng","Miền Trung","2025-03","2025-03-06","2025-03-06",25,1,23300000,23300000.0,1,0.0,"CITYBIKE_P",0,0,1,2,2,2,"Có nguy cơ rời bỏ",0.8914,"train","Cao",0.7754
"KH-00175","CÔNG TY CỔ PHẦN THƯƠNG MẠI TÂN TIẾN","Hà Nội","Miền Bắc","2025-03","2025-03-06","2025-03-06",25,1,7490741,7490741.0,1,0.0,"SPORTBIKE_A",0,0,1,2,2,1,"Có nguy cơ rời bỏ",0.9108,"test","Cao",0.7754
"KH-00176","CÔNG TY TNHH THUỶ TIÊN","Hà Nội","Miền Bắc","2025-03","2025-03-07","2025-03-07",24,1,1472222,1472222.0,1,0.0,"KIDBIKE_2",0,0,1,2,2,1,"Có nguy cơ rời bỏ",0.9175,"test","Cao",0.7754
"KH-00177","CÔNG TY CỔ PHẦN TRƯỜNG THỊNH","Hưng Yên","Miền Bắc","2025-03","2025-03-10","2025-03-10",21,1,7388889,7388889.0,1,0.0,"CITYBIKE_P",0,0,1,2,2,1,"Có nguy cơ rời bỏ",0.9118,"train","Cao",0.7754
"KH-00178","CÔNG TY CỔ PHẦN QUANG VINH","Hà Nội","Miền Bắc","2025-03","2025-03-10","2025-03-10",21,1,2212963,2212963.0,1,0.0,"CITYBIKE_P",0,0,1,2,2,1,"Có nguy cơ rời bỏ",0.9174,"train","Cao",0.7754
"KH-00179","CÔNG TY CỔ PHẦN TÂN TIẾN","Hà Nội","Miền Bắc","2025-03","2025-03-10","2025-03-10",21,1,4240741,4240741.0,2,0.0,"CITYBIKE_P|KIDBIKE_2",0,0,1,2,2,1,"Có nguy cơ rời bỏ",0.922,"test","Cao",0.7754
"KH-00180","CÔNG TY TNHH THƯƠNG MẠI VẠN LỢI","Thanh Hoá","Miền Trung","2025-03","2025-03-14","2025-03-14",17,1,47210000,47210000.0,1,0.0,"CITYBIKE_P",4,165901625,0,2,2,3,"Có nguy cơ rời bỏ",0.8578,"train","Cao",0.7754
"KH-00181","CÔNG TY TNHH LONG PHÚ","Thừa Thiên Huế","Miền Trung","2025-03","2025-03-14","2025-03-14",17,1,145317087,145317087.0,2,0.0,"CITYBIKE_P|KIDBIKE_1",3,286335670,0,2,2,5,"Có nguy cơ rời bỏ",0.6301,"train","Cao",0.7754
"KH-00182","CÔNG TY CỔ PHẦN PHÚ THỊNH","Sơn La","Miền Bắc","2025-03","2025-03-14","2025-03-14",17,1,13140000,13140000.0,3,0.0,"CITYBIKE_P|KIDBIKE_1|SPORTBIKE_A",0,0,1,2,2,1,"Có nguy cơ rời bỏ",0.9204,"train","Cao",0.7754
"KH-00183","DOANH NGHIỆP TW LONG PHÚ","Bắc Giang","Miền Bắc","2025-03","2025-03-14","2025-03-14",17,1,20000000,20000000.0,2,0.0,"CITYBIKE_P|KIDBIKE_1",0,0,1,2,2,2,"Có nguy cơ rời bỏ",0.9057,"train","Cao",0.7754
"KH-00184","DOANH NGHIỆP TW ĐẠI LỢI","Hoà Bình","Miền Bắc","2025-03","2025-03-17","2025-03-31",0,2,24742962,12371481.0,5,0.0,"CITYBIKE_P|KIDBIKE_1|KIDBIKE_2|SPORTBIKE_A|SPORTBIKE_S",0,0,1,5,4,2,"Khách hàng trung thành",0.9063,"train","Cao",0.7754
"KH-00185","CÔNG TY TNHH THƯƠNG MẠI VĨNH PHÁT","Tỉnh Hòa Bình.","Miền Bắc","2025-03","2025-03-17","2025-03-17",14,1,2546296,2546296.0,1,0.0,"CITYBIKE_P",0,0,1,2,2,1,"Có nguy cơ rời bỏ",0.9185,"train","Cao",0.7754
"KH-00186","HỘ KINH DOANH XÂY DỰNG","Vĩnh Phúc","Miền Bắc","2025-03","2025-03-17","2025-03-31",0,4,67567129,16891782.0,1,0.0,"CITYBIKE_P",0,0,1,5,5,4,"Khách hàng tiêu biểu",0.7431,"train","Cao",0.7754
"KH-00187","HỘ KINH DOANH NGỌC ANH","Hà Nội","Miền Bắc","2025-03","2025-03-18","2025-03-18",13,1,2768519,2768519.0,1,0.0,"CITYBIKE_P",0,0,1,2,2,1,"Có nguy cơ rời bỏ",0.9185,"train","Cao",0.7754
"KH-00188","DOANH NGHIỆP TW XÂY DỰNG","Thanh Hóa","Miền Trung","2025-03","2025-03-18","2025-03-18",13,2,75574075,37787038.0,5,0.0,"CITYBIKE_P|KIDBIKE_1|KIDBIKE_2|SPORTBIKE_A|SPORTBIKE_S",0,0,1,2,4,4,"Cần chăm sóc đặc biệt",0.8777,"train","Cao",0.7754
"KH-00189","CÔNG TY CỔ PHẦN MẶT TRỜI","Hà Nội","Miền Bắc","2025-03","2025-03-18","2025-03-20",11,2,68267826,34133913.0,4,0.0,"CITYBIKE_P|KIDBIKE_1|KIDBIKE_2|SPORTBIKE_A",0,0,1,2,4,4,"Cần chăm sóc đặc biệt",0.8726,"train","Cao",0.7754
"KH-00190","HỘ KINH DOANH XÂY DỰNG","Hà Nội","Miền Bắc","2025-03","2025-03-18","2025-03-20",11,3,54567000,18189000.0,4,0.0,"CITYBIKE_P|KIDBIKE_1|KIDBIKE_2|SPORTBIKE_S",0,0,1,2,5,4,"Cần chăm sóc đặc biệt",0.8446,"train","Cao",0.7754
"KH-00191","CÔNG TY CỔ PHẦN THƯƠNG MẠI XUÂN MAI","Hưng Yên","Miền Bắc","2025-03","2025-03-19","2025-03-19",12,1,2768519,2768519.0,1,0.0,"CITYBIKE_P",0,0,1,2,2,1,"Có nguy cơ rời bỏ",0.9187,"train","Cao",0.7754
"KH-00192","HỘ KINH DOANH KHẢI HOÀN","Hà Nội","Miền Bắc","2025-03","2025-03-19","2025-03-31",0,3,47910000,15970000.0,4,0.0,"CITYBIKE_P|KIDBIKE_1|KIDBIKE_2|SPORTBIKE_A",0,0,1,5,5,3,"Khách hàng trung thành",0.8505,"train","Cao",0.7754
"KH-00193","CÔNG TY TNHH TÚ ANH","Đường Nguyễn Trải - P Ba Đình TP Thanh Hoá","Miền Bắc","2025-03","2025-03-19","2025-03-31",0,4,244765884,61191471.0,4,0.0,"CITYBIKE_P|KIDBIKE_1|KIDBIKE_2|SPORTBIKE_S",0,0,1,5,5,5,"Khách hàng tiêu biểu",0.7658,"train","Cao",0.7754
"KH-00194","CỬA HÀNG XE ĐẠP SÁN LẠP","Hà Nội","Miền Bắc","2025-03","2025-03-19","2025-03-28",3,2,154826001,77413000.0,5,0.0,"CITYBIKE_P|KIDBIKE_1|KIDBIKE_2|SPORTBIKE_A|SPORTBIKE_S",4,224841218,0,4,4,5,"Khách hàng tiêu biểu",0.8306,"test","Cao",0.7754
"KH-00195","CỬA HÀNG XE ĐẠP BÌNH MINH","Hà Nội","Miền Bắc","2025-03","2025-03-19","2025-03-25",6,2,38790000,19395000.0,4,0.0,"CITYBIKE_P|KIDBIKE_1|KIDBIKE_2|SPORTBIKE_A",0,0,1,3,4,3,"Cần theo dõi",0.8899,"train","Cao",0.7754
"KH-00196","CÔNG TY CỔ PHẦN NAM TIẾN","Bắc Ninh","Miền Bắc","2025-03","2025-03-19","2025-03-27",4,3,51900000,17300000.0,2,0.0,"CITYBIKE_P|KIDBIKE_1",0,0,1,4,5,3,"Khách hàng trung thành",0.8233,"train","Cao",0.7754
"KH-00197","CÔNG TY TNHH THƯƠNG MẠI MINH PHƯƠNG","Hà Nội","Miền Bắc","2025-03","2025-03-19","2025-03-21",10,2,143952962,71976481.0,4,0.0,"CITYBIKE_P|KIDBIKE_1|KIDBIKE_2|SPORTBIKE_S",0,0,1,3,4,5,"Cần theo dõi",0.823,"train","Cao",0.7754
"KH-00198","CÔNG TY TNHH TRÍ ĐỨC","Hà Nội","Miền Bắc","2025-03","2025-03-19","2025-03-25",6,4,161705220,40426305.0,5,0.0,"CITYBIKE_P|KIDBIKE_1|KIDBIKE_2|SPORTBIKE_A|SPORTBIKE_S",0,0,1,3,5,5,"Cần theo dõi",0.7904,"train","Cao",0.7754
"KH-00199","CỬA HÀNG XE ĐẠP TÚ ANH","Thanh Hoá","Miền Trung","2025-03","2025-03-19","2025-03-24",7,2,64070000,32035000.0,3,0.0,"CITYBIKE_P|KIDBIKE_1|KIDBIKE_2",0,0,1,3,4,4,"Cần theo dõi",0.8661,"train","Cao",0.7754
"KH-00200","CÔNG TY CỔ PHẦN TOÀN THẮNG","Hà Nội","Miền Bắc","2025-03","2025-03-19","2025-03-27",4,2,56517000,28258500.0,3,0.0,"CITYBIKE_P|KIDBIKE_1|SPORTBIKE_S",0,0,1,4,4,4,"Khách hàng tiêu biểu",0.8715,"test","Cao",0.7754
"KH-00201","HỘ KINH DOANH XUÂN MAI","Hải Dương","Miền Bắc","2025-03","2025-03-19","2025-03-19",12,1,54234212,54234212.0,5,0.0,"CITYBIKE_P|KIDBIKE_1|KIDBIKE_2|SPORTBIKE_A|SPORTBIKE_S",0,0,1,2,2,4,"Có nguy cơ rời bỏ",0.8883,"train","Cao",0.7754
"KH-00202","CÔNG TY CỔ PHẦN XUÂN MAI","Hà Nội","Miền Bắc","2025-03","2025-03-19","2025-03-21",10,2,57790000,28895000.0,3,0.0,"CITYBIKE_P|KIDBIKE_1|KIDBIKE_2",0,0,1,3,4,4,"Cần theo dõi",0.8689,"train","Cao",0.7754
"KH-00203","CÔNG TY CỔ PHẦN THƯƠNG MẠI HOÀ BÌNH","Phú Thọ","Miền Bắc","2025-03","2025-03-19","2025-03-19",12,1,2305556,2305556.0,1,0.0,"CITYBIKE_P",0,0,1,2,2,1,"Có nguy cơ rời bỏ",0.9192,"train","Cao",0.7754
"KH-00204","CÔNG TY CỔ PHẦN ĐẠI DƯƠNG","Nam Định","Miền Bắc","2025-03","2025-03-20","2025-03-20",11,1,24907407,24907407.0,1,0.0,"CITYBIKE_P",0,0,1,2,2,2,"Có nguy cơ rời bỏ",0.893,"train","Cao",0.7754
"KH-00205","CỬA HÀNG XE ĐẠP QUANG VINH","Hạ Long","Miền Bắc","2025-03","2025-03-20","2025-03-20",11,1,58740000,58740000.0,4,0.0,"CITYBIKE_P|KIDBIKE_1|KIDBIKE_2|SPORTBIKE_S",0,0,1,2,2,4,"Có nguy cơ rời bỏ",0.8726,"test","Cao",0.7754
"KH-00206","CÔNG TY TNHH THƯƠNG MẠI MẶT TRỜI","Hà Nội","Miền Bắc","2025-03","2025-03-20","2025-03-20",11,2,30030000,15015000.0,2,0.0,"CITYBIKE_P|KIDBIKE_1",0,0,1,2,4,2,"Cần chăm sóc đặc biệt",0.8745,"test","Cao",0.7754
"KH-00207","CỬA HÀNG XE ĐẠP VẠN LỢI","Bắc Giang","Miền Bắc","2025-03","2025-03-20","2025-03-29",2,3,101357296,33785765.0,4,0.0,"CITYBIKE_P|KIDBIKE_1|SPORTBIKE_A|SPORTBIKE_S",0,0,1,5,5,5,"Khách hàng tiêu biểu",0.8336,"train","Cao",0.7754
"KH-00208","CỬA HÀNG XE ĐẠP TÂY BẮC","Hà Nội","Miền Bắc","2025-03","2025-03-20","2025-03-25",6,5,121615286,24323057.0,4,0.0,"CITYBIKE_P|KIDBIKE_1|SPORTBIKE_A|SPORTBIKE_S",0,0,1,3,5,5,"Cần theo dõi",0.7144,"train","Cao",0.7754
"KH-00209","CÔNG TY TNHH THƯƠNG MẠI VIỆT ANH","TP Hải Phòng","Miền Bắc","2025-03","2025-03-20","2025-03-28",3,2,52103683,26051842.0,4,0.0,"CITYBIKE_P|KIDBIKE_1|KIDBIKE_2|SPORTBIKE_A",0,0,1,4,4,3,"Khách hàng trung thành",0.8839,"train","Cao",0.7754
"KH-00210","DOANH NGHIỆP TW SÁN LẠP","Uông Bí","Miền Bắc","2025-03","2025-03-20","2025-03-20",11,1,31677734,31677734.0,4,0.0,"CITYBIKE_P|KIDBIKE_1|KIDBIKE_2|SPORTBIKE_S",1,109201063,0,2,2,2,"Có nguy cơ rời bỏ",0.9087,"train","Cao",0.7754
"KH-00211","CỬA HÀNG XE ĐẠP NAM TIẾN","Hà Tĩnh","Miền Trung","2025-03","2025-03-20","2025-03-20",11,1,31530000,31530000.0,2,0.0,"CITYBIKE_P|KIDBIKE_1",0,0,1,2,2,2,"Có nguy cơ rời bỏ",0.8929,"train","Cao",0.7754
"KH-00212","CỬA HÀNG XE ĐẠP TÂY BẮC","Hà Nội","Miền Bắc","2025-03","2025-03-20","2025-03-22",9,4,99322643,24830661.0,5,0.0,"CITYBIKE_P|KIDBIKE_1|KIDBIKE_2|SPORTBIKE_A|SPORTBIKE_S",0,0,1,3,5,5,"Cần theo dõi",0.7975,"train","Cao",0.7754
"KH-00213","CÔNG TY CỔ PHẦN HOÀ BÌNH","Hà Nội","Miền Bắc","2025-03","2025-03-20","2025-03-20",11,1,2305556,2305556.0,1,0.0,"CITYBIKE_P",0,0,1,2,2,1,"Có nguy cơ rời bỏ",0.9194,"train","Cao",0.7754
"KH-00214","DOANH NGHIỆP TW QUANG VINH","Hải Dương","Miền Bắc","2025-03","2025-03-20","2025-03-25",6,2,81983500,40991750.0,3,0.0,"CITYBIKE_P|KIDBIKE_1|SPORTBIKE_S",0,0,1,3,4,4,"Cần theo dõi",0.8554,"train","Cao",0.7754
"KH-00215","DOANH NGHIỆP TW LÊ ANH","Hà Tĩnh","Miền Trung","2025-03","2025-03-20","2025-03-31",0,2,37160000,18580000.0,5,0.0,"CITYBIKE_P|KIDBIKE_1|KIDBIKE_2|SPORTBIKE_A|SPORTBIKE_S",0,0,1,5,4,3,"Khách hàng trung thành",0.9007,"train","Cao",0.7754
"KH-00216","HỘ KINH DOANH NGỌC ANH","Hà Nam","Miền Bắc","2025-03","2025-03-20","2025-03-20",11,1,61070000,61070000.0,3,0.0,"CITYBIKE_P|KIDBIKE_1|SPORTBIKE_A",0,0,1,2,2,4,"Có nguy cơ rời bỏ",0.8584,"train","Cao",0.7754
"KH-00217","DOANH NGHIỆP TW ĐẠI DƯƠNG","Thái Bình","Miền Bắc","2025-03","2025-03-20","2025-03-25",6,3,193880000,64626667.0,2,0.0,"CITYBIKE_P|KIDBIKE_1",6,368131596,0,3,5,5,"Cần theo dõi",0.7704,"train","Cao",0.7754
"KH-00218","CÔNG TY TNHH THƯƠNG MẠI BÌNH MINH","Hải Dương","Miền Bắc","2025-03","2025-03-20","2025-03-20",11,1,40060000,40060000.0,2,0.0,"CITYBIKE_P|KIDBIKE_1",4,143210442,0,2,2,3,"Có nguy cơ rời bỏ",0.8811,"train","Cao",0.7754
"KH-00219","CÔNG TY CỔ PHẦN THƯƠNG MẠI PHÚ THỊNH","Ninh Bình","Miền Bắc","2025-03","2025-03-20","2025-03-25",6,2,73480000,36740000.0,5,0.0,"CITYBIKE_P|KIDBIKE_1|KIDBIKE_2|SPORTBIKE_A|SPORTBIKE_S",8,426308138,0,3,4,4,"Cần theo dõi",0.8809,"train","Cao",0.7754
"KH-00220","CỬA HÀNG XE ĐẠP VIỆT ANH","Nam Định","Miền Bắc","2025-03","2025-03-20","2025-03-24",7,2,74017929,37008964.0,5,0.0,"CITYBIKE_P|KIDBIKE_1|KIDBIKE_2|SPORTBIKE_A|SPORTBIKE_S",0,0,1,3,4,4,"Cần theo dõi",0.8803,"train","Cao",0.7754
"KH-00221","CÔNG TY CỔ PHẦN VĨNH PHÁT","Hưng Yên","Miền Bắc","2025-03","2025-03-20","2025-03-27",4,2,59460000,29730000.0,2,0.0,"CITYBIKE_P|KIDBIKE_1",0,0,1,4,4,4,"Khách hàng tiêu biểu",0.8593,"train","Cao",0.7754
"KH-00222","CÔNG TY CỔ PHẦN TÂN TIẾN","Hà Nội","Miền Bắc","2025-03","2025-03-20","2025-03-31",0,2,42161481,21080740.0,4,0.0,"CITYBIKE_P|KIDBIKE_1|SPORTBIKE_A|SPORTBIKE_S",0,0,1,5,4,3,"Khách hàng trung thành",0.8898,"train","Cao",0.7754
"KH-00223","CÔNG TY CỔ PHẦN THƯƠNG MẠI AN PHÁT","Hà Nội","Miền Bắc","2025-03","2025-03-21","2025-03-21",10,1,33720000,33720000.0,3,0.0,"CITYBIKE_P|KIDBIKE_1|KIDBIKE_2",0,0,1,3,2,2,"Cần theo dõi",0.8987,"train","Cao",0.7754
"KH-00224","DOANH NGHIỆP TW ĐÔNG NAM","Ninh Bình","Miền Bắc","2025-03","2025-03-21","2025-03-21",10,1,36150000,36150000.0,2,0.0,"CITYBIKE_P|KIDBIKE_1",0,0,1,3,2,3,"Cần theo dõi",0.8869,"train","Cao",0.7754
"KH-00225","CÔNG TY TNHH TÂY BẮC","Hà Nam","Miền Bắc","2025-03","2025-03-21","2025-03-28",3,2,84160000,42080000.0,3,0.0,"CITYBIKE_P|KIDBIKE_1|SPORTBIKE_A",0,0,1,4,4,4,"Khách hàng tiêu biểu",0.855,"train","Cao",0.7754
"KH-00226","CÔNG TY CỔ PHẦN VĨNH PHÁT","Hà Nội","Miền Bắc","2025-03","2025-03-21","2025-03-21",10,1,26040000,26040000.0,1,0.0,"CITYBIKE_P",0,0,1,3,2,2,"Cần theo dõi",0.8918,"train","Cao",0.7754
"KH-00227","CÔNG TY TNHH THƯƠNG MẠI TRÍ ĐỨC","Bắc Ninh","Miền Bắc","2025-03","2025-03-21","2025-03-21",10,1,40920000,40920000.0,2,0.0,"CITYBIKE_P|KIDBIKE_1",0,0,1,3,2,3,"Cần theo dõi",0.8801,"train","Cao",0.7754
"KH-00228","CÔNG TY CỔ PHẦN THƯƠNG MẠI XUÂN MAI","Hà Nội","Miền Bắc","2025-03","2025-03-21","2025-03-21",10,1,18000000,18000000.0,2,0.0,"CITYBIKE_P|SPORTBIKE_S",0,0,1,3,2,1,"Cần theo dõi",0.9097,"train","Cao",0.7754
"KH-00229","DOANH NGHIỆP TW TRÍ ĐỨC","Bắc Giang","Miền Bắc","2025-03","2025-03-21","2025-03-21",10,1,33980000,33980000.0,2,0.0,"CITYBIKE_P|KIDBIKE_1",0,0,1,3,2,2,"Cần theo dõi",0.8898,"train","Cao",0.7754
"KH-00230","DOANH NGHIỆP TW ĐẠI LỢI","Hà Nội","Miền Bắc","2025-03","2025-03-21","2025-03-21",10,1,20440000,20440000.0,2,0.0,"CITYBIKE_P|KIDBIKE_1",0,0,1,3,2,2,"Cần theo dõi",0.9069,"train","Cao",0.7754
"KH-00231","CÔNG TY CỔ PHẦN THANH BÌNH","Hưng Yên","Miền Bắc","2025-03","2025-03-21","2025-03-27",4,3,107772500,35924167.0,5,0.0,"CITYBIKE_P|KIDBIKE_1|KIDBIKE_2|SPORTBIKE_A|SPORTBIKE_S",0,0,1,4,5,5,"Khách hàng tiêu biểu",0.8431,"train","Cao",0.7754
"KH-00232","HỘ KINH DOANH HOÀ BÌNH","Hội An","Miền Bắc","2025-03","2025-03-21","2025-03-21",10,1,19000000,19000000.0,1,0.0,"CITYBIKE_P",1,7361112,0,3,2,2,"Cần theo dõi",0.9008,"train","Cao",0.7754
"KH-00233","DOANH NGHIỆP TW CHI THÀNH","Thái Bình","Miền Bắc","2025-03","2025-03-21","2025-03-21",10,1,22840000,22840000.0,1,0.0,"CITYBIKE_P",0,0,1,3,2,2,"Cần theo dõi",0.896,"train","Cao",0.7754
"KH-00234","CÔNG TY TNHH KHẢI HOÀN","Thái Bình","Miền Bắc","2025-03","2025-03-21","2025-03-21",10,1,24220000,24220000.0,2,0.0,"CITYBIKE_P|KIDBIKE_1",0,0,1,3,2,2,"Cần theo dõi",0.9024,"train","Cao",0.7754
"KH-00235","CÔNG TY CỔ PHẦN THƯƠNG MẠI CHI THÀNH","Nam Định","Miền Bắc","2025-03","2025-03-21","2025-03-21",10,2,87420000,43710000.0,2,0.0,"CITYBIKE_P|SPORTBIKE_A",0,0,1,3,4,4,"Cần theo dõi",0.8387,"train","Cao",0.7754
"KH-00236","CỬA HÀNG XE ĐẠP ĐÔNG NAM","Hà Nội","Miền Bắc","2025-03","2025-03-21","2025-03-22",9,2,35880000,17940000.0,1,0.0,"CITYBIKE_P",0,0,1,3,4,3,"Cần theo dõi",0.8614,"test","Cao",0.7754
"KH-00237","DOANH NGHIỆP TW LÊ ANH","Tuyên Quang","Miền Bắc","2025-03","2025-03-21","2025-03-22",9,2,59932962,29966481.0,5,0.0,"CITYBIKE_P|KIDBIKE_1|KIDBIKE_2|SPORTBIKE_A|SPORTBIKE_S",0,0,1,3,4,4,"Cần theo dõi",0.8872,"train","Cao",0.7754
"KH-00238","CÔNG TY CỔ PHẦN THƯƠNG MẠI TRƯỜNG THỊNH","Phú Thọ","Miền Bắc","2025-03","2025-03-21","2025-03-21",10,1,33546143,33546143.0,4,0.0,"CITYBIKE_P|KIDBIKE_1|SPORTBIKE_A|SPORTBIKE_S",0,0,1,3,2,2,"Cần theo dõi",0.9068,"test","Cao",0.7754
"KH-00239","HỘ KINH DOANH THANH BÌNH","Hội An","Miền Bắc","2025-03","2025-03-21","2025-03-21",10,1,34357000,34357000.0,2,0.0,"CITYBIKE_P|SPORTBIKE_A",0,0,1,3,2,2,"Cần theo dõi",0.8893,"test","Cao",0.7754
"KH-00240","CÔNG TY CỔ PHẦN TRÍ ĐỨC","Sơn La","Miền Bắc","2025-03","2025-03-21","2025-03-21",10,1,39050000,39050000.0,1,0.0,"KIDBIKE_1",0,0,1,3,2,3,"Cần theo dõi",0.8732,"train","Cao",0.7754
"KH-00241","HỘ KINH DOANH PHÚ THỊNH","Thái Nguyên","Miền Bắc","2025-03","2025-03-21","2025-03-25",6,2,88600000,44300000.0,1,0.0,"CITYBIKE_P",0,0,1,3,4,4,"Cần theo dõi",0.8269,"train","Cao",0.7754
"KH-00242","CÔNG TY CỔ PHẦN THƯƠNG MẠI HÙNG CƯỜNG","Bắc Kạn","Miền Bắc","2025-03","2025-03-21","2025-03-25",6,2,36320000,18160000.0,3,0.0,"CITYBIKE_P|KIDBIKE_1|KIDBIKE_2",0,0,1,3,4,3,"Cần theo dõi",0.8821,"train","Cao",0.7754
"KH-00243","HỘ KINH DOANH VĨNH PHÁT","Hà Nam","Miền Bắc","2025-03","2025-03-21","2025-03-21",10,1,35150000,35150000.0,3,0.0,"CITYBIKE_P|KIDBIKE_1|SPORTBIKE_S",0,0,1,3,2,3,"Cần theo dõi",0.8969,"train","Cao",0.7754
"KH-00244","CÔNG TY CỔ PHẦN THƯƠNG MẠI AN PHÁT","Phú Thọ","Miền Bắc","2025-03","2025-03-21","2025-03-21",10,1,33400000,33400000.0,3,0.0,"CITYBIKE_P|KIDBIKE_1|SPORTBIKE_S",0,0,1,3,2,2,"Cần theo dõi",0.8991,"train","Cao",0.7754
"KH-00245","CỬA HÀNG XE ĐẠP TÂN TIẾN","Hà Nội","Miền Bắc","2025-03","2025-03-22","2025-03-22",9,1,2120370,2120370.0,1,0.0,"CITYBIKE_P",2,17990739,0,3,2,1,"Cần theo dõi",0.92,"train","Cao",0.7754
"KH-00246","CỬA HÀNG XE ĐẠP TRƯỜNG THỊNH","Hà Nội","Miền Bắc","2025-03","2025-03-22","2025-03-25",6,2,38184000,19092000.0,4,0.0,"CITYBIKE_P|KIDBIKE_1|KIDBIKE_2|SPORTBIKE_S",0,0,1,3,4,3,"Cần theo dõi",0.8902,"train","Cao",0.7754
"KH-00247","HỘ KINH DOANH NGỌC ANH","Hưng Yên","Miền Bắc","2025-03","2025-03-22","2025-03-22",9,1,126890000,126890000.0,3,0.0,"CITYBIKE_P|KIDBIKE_1|SPORTBIKE_S",0,0,1,3,2,5,"Cần theo dõi",0.7108,"train","Cao",0.7754
"KH-00248","CÔNG TY CỔ PHẦN THƯƠNG MẠI ĐẠI DƯƠNG","Nghệ An","Miền Trung","2025-03","2025-03-22","2025-03-28",3,2,100482859,50241430.0,4,0.0,"CITYBIKE_P|KIDBIKE_1|KIDBIKE_2|SPORTBIKE_A",0,0,1,4,4,5,"Khách hàng tiêu biểu",0.8557,"train","Cao",0.7754
"KH-00249","HỘ KINH DOANH PHÚC AN","Thanh Hóa","Miền Trung","2025-03","2025-03-22","2025-03-22",9,1,37560000,37560000.0,2,0.0,"CITYBIKE_P|KIDBIKE_1",0,0,1,3,2,3,"Cần theo dõi",0.8852,"train","Cao",0.7754
"KH-00250","DOANH NGHIỆP TW XUÂN MAI","Hà Nội","Miền Bắc","2025-03","2025-03-22","2025-03-31",0,4,95971481,23992870.0,5,0.0,"CITYBIKE_P|KIDBIKE_1|KIDBIKE_2|SPORTBIKE_A|SPORTBIKE_S",0,0,1,5,5,5,"Khách hàng tiêu biểu",0.8019,"test","Cao",0.7754
"KH-00251","HỘ KINH DOANH KHẢI HOÀN","Hưng Yên","Miền Bắc","2025-03","2025-03-22","2025-03-28",3,3,119020000,39673333.0,3,0.0,"CITYBIKE_P|KIDBIKE_1|KIDBIKE_2",0,0,1,4,5,5,"Khách hàng tiêu biểu",0.8144,"test","Cao",0.7754
"KH-00252","CÔNG TY TNHH TÂY BẮC","Hà Nội","Miền Bắc","2025-03","2025-03-22","2025-03-22",9,1,59107574,59107574.0,4,0.0,"CITYBIKE_P|KIDBIKE_1|SPORTBIKE_A|SPORTBIKE_S",0,0,1,3,2,4,"Cần theo dõi",0.8727,"train","Cao",0.7754
"KH-00253","CÔNG TY TNHH YÊN BÌNH","Hà Nội","Miền Bắc","2025-03","2025-03-24","2025-03-24",7,1,7490741,7490741.0,1,0.0,"SPORTBIKE_A",0,0,1,3,2,1,"Cần theo dõi",0.9148,"train","Cao",0.7754
"KH-00254","CỬA HÀNG XE ĐẠP ĐÔNG NAM","Hà Nam","Miền Bắc","2025-03","2025-03-24","2025-03-25",6,2,43942860,21971430.0,3,0.0,"CITYBIKE_P|KIDBIKE_1|SPORTBIKE_A",0,0,1,3,4,3,"Cần theo dõi",0.878,"train","Cao",0.7754
"KH-00255","CÔNG TY TNHH PHÚ THỊNH","Hải Dương","Miền Bắc","2025-03","2025-03-24","2025-03-27",4,2,58060000,29030000.0,4,0.0,"CITYBIKE_P|KIDBIKE_1|KIDBIKE_2|SPORTBIKE_S",0,0,1,4,4,4,"Khách hàng tiêu biểu",0.8804,"test","Cao",0.7754
"KH-00256","CÔNG TY TNHH XUÂN MAI","Hà Nội","Miền Bắc","2025-03","2025-03-24","2025-03-31",0,6,151660000,25276667.0,5,0.0,"CITYBIKE_P|KIDBIKE_1|KIDBIKE_2|SPORTBIKE_A|SPORTBIKE_S",0,0,1,5,5,5,"Khách hàng tiêu biểu",0.6576,"train","Cao",0.7754
"KH-00257","HỘ KINH DOANH PHÚC AN","Hà Nội","Miền Bắc","2025-03","2025-03-24","2025-03-28",3,2,39541481,19770740.0,3,0.0,"CITYBIKE_P|KIDBIKE_1|KIDBIKE_2",0,0,1,4,4,3,"Khách hàng trung thành",0.8813,"test","Cao",0.7754
"KH-00258","CỬA HÀNG XE ĐẠP HOÀ BÌNH","Hà Nội","Miền Bắc","2025-03","2025-03-24","2025-03-28",3,2,39361481,19680740.0,3,0.0,"CITYBIKE_P|KIDBIKE_1|KIDBIKE_2",0,0,1,4,4,3,"Khách hàng trung thành",0.8814,"train","Cao",0.7754
"KH-00259","DOANH NGHIỆP TW MINH PHƯƠNG","Hà Nội","Miền Bắc","2025-03","2025-03-24","2025-03-24",7,1,35050000,35050000.0,4,0.0,"CITYBIKE_P|KIDBIKE_1|KIDBIKE_2|SPORTBIKE_A",0,0,1,3,2,3,"Cần theo dõi",0.9057,"train","Cao",0.7754
"KH-00260","CỬA HÀNG XE ĐẠP XUÂN MAI","Hà Nội","Miền Bắc","2025-03","2025-03-24","2025-03-24",7,2,66020000,33010000.0,3,0.0,"CITYBIKE_P|KIDBIKE_1|SPORTBIKE_A",0,0,1,3,4,4,"Cần theo dõi",0.8649,"train","Cao",0.7754
"KH-00261","CÔNG TY TNHH THƯƠNG MẠI VẠN LỢI","Hà Nội","Miền Bắc","2025-03","2025-03-24","2025-03-24",7,1,49160000,49160000.0,2,0.0,"CITYBIKE_P|KIDBIKE_1",0,0,1,3,2,3,"Cần theo dõi",0.8685,"train","Cao",0.7754
"KH-00262","CÔNG TY TNHH VIỆT ANH","Hà Nội","Miền Bắc","2025-03","2025-03-24","2025-03-27",4,2,64270000,32135000.0,1,0.0,"CITYBIKE_P",0,0,1,4,4,4,"Khách hàng tiêu biểu",0.8448,"test","Cao",0.7754
"KH-00263","DOANH NGHIỆP TW TRƯỜNG THỊNH","Thanh Hoá","Miền Trung","2025-03","2025-03-24","2025-03-24",7,1,35790000,35790000.0,2,0.0,"CITYBIKE_P|SPORTBIKE_S",0,0,1,3,2,3,"Cần theo dõi",0.8882,"train","Cao",0.7754
"KH-00264","DOANH NGHIỆP TW NGỌC ANH","Thanh Hoá","Miền Trung","2025-03","2025-03-24","2025-03-25",6,3,131871676,43957225.0,4,0.0,"CITYBIKE_P|KIDBIKE_1|KIDBIKE_2|SPORTBIKE_S",0,0,1,3,5,5,"Cần theo dõi",0.8222,"test","Cao",0.7754
"KH-00265","CÔNG TY TNHH THƯƠNG MẠI PHÚC AN","phố số 6 - Thị trấn Diêm Điền - Huyện Thái Thụy - Thái Bình.","Miền Bắc","2025-03","2025-03-24","2025-03-25",6,2,115376430,57688215.0,4,0.0,"CITYBIKE_P|KIDBIKE_1|KIDBIKE_2|SPORTBIKE_A",0,0,1,3,4,5,"Cần theo dõi",0.8449,"test","Cao",0.7754
"KH-00266","CỬA HÀNG XE ĐẠP TÂN TIẾN","Nam Định","Miền Bắc","2025-03","2025-03-24","2025-03-24",7,1,83590000,83590000.0,2,0.0,"CITYBIKE_P|KIDBIKE_1",0,0,1,3,2,4,"Cần theo dõi",0.8042,"test","Cao",0.7754
"KH-00267","CÔNG TY CỔ PHẦN HÙNG CƯỜNG","Nam Định","Miền Bắc","2025-03","2025-03-24","2025-03-25",6,2,85460000,42730000.0,2,0.0,"CITYBIKE_P|SPORTBIKE_A",0,0,1,3,4,4,"Cần theo dõi",0.8415,"test","Cao",0.7754
"KH-00268","CÔNG TY CỔ PHẦN THƯƠNG MẠI TRƯỜNG THỊNH","Hà Nội","Miền Bắc","2025-03","2025-03-25","2025-03-25",6,1,58140000,58140000.0,2,0.0,"CITYBIKE_P|KIDBIKE_1",0,0,1,3,2,4,"Cần theo dõi",0.854,"train","Cao",0.7754
"KH-00269","HỘ KINH DOANH AN PHÁT","Phú Thọ","Miền Bắc","2025-03","2025-03-25","2025-03-25",6,1,52678500,52678500.0,4,0.0,"CITYBIKE_P|KIDBIKE_1|KIDBIKE_2|SPORTBIKE_A",0,0,1,3,2,3,"Cần theo dõi",0.8831,"train","Cao",0.7754
"KH-00270","DOANH NGHIỆP TW TÚ ANH","Phú Thọ","Miền Bắc","2025-03","2025-03-25","2025-03-25",6,1,57290000,57290000.0,2,0.0,"CITYBIKE_P|KIDBIKE_1",0,0,1,3,2,4,"Cần theo dõi",0.8555,"train","Cao",0.7754
"KH-00271","CÔNG TY CỔ PHẦN THƯƠNG MẠI HÙNG CƯỜNG","Hà Nội","Miền Bắc","2025-03","2025-03-25","2025-03-25",6,1,20030000,20030000.0,3,0.0,"CITYBIKE_P|KIDBIKE_1|KIDBIKE_2",0,0,1,3,2,2,"Cần theo dõi",0.9155,"train","Cao",0.7754
"KH-00272","CÔNG TY TNHH THƯƠNG MẠI VĨNH PHÁT","Vĩnh Phúc","Miền Bắc","2025-03","2025-03-25","2025-03-31",0,2,43920000,21960000.0,2,0.0,"CITYBIKE_P|KIDBIKE_1",0,0,1,5,4,3,"Khách hàng trung thành",0.8699,"train","Cao",0.7754
"KH-00273","CÔNG TY TNHH THƯƠNG MẠI PHÚ THỊNH","Vĩnh Phúc","Miền Bắc","2025-03","2025-03-25","2025-03-25",6,1,44730000,44730000.0,3,0.0,"CITYBIKE_P|KIDBIKE_1|KIDBIKE_2",0,0,1,3,2,3,"Cần theo dõi",0.8851,"train","Cao",0.7754
"KH-00274","CÔNG TY CỔ PHẦN THƯƠNG MẠI YÊN BÌNH","Vĩnh Phúc","Miền Bắc","2025-03","2025-03-25","2025-03-25",6,1,18170000,18170000.0,2,0.0,"CITYBIKE_P|SPORTBIKE_S",0,0,1,3,2,2,"Cần theo dõi",0.9104,"train","Cao",0.7754
"KH-00275","CÔNG TY CỔ PHẦN THƯƠNG MẠI QUANG VINH","Thái Nguyên","Miền Bắc","2025-03","2025-03-25","2025-03-25",6,1,35890000,35890000.0,3,0.0,"CITYBIKE_P|KIDBIKE_1|SPORTBIKE_S",0,0,1,3,2,3,"Cần theo dõi",0.8969,"train","Cao",0.7754
"KH-00276","CÔNG TY TNHH VẠN LỢI","Hà Nội","Miền Bắc","2025-03","2025-03-25","2025-03-31",0,2,68110000,34055000.0,2,0.0,"CITYBIKE_P|KIDBIKE_1",0,0,1,5,4,4,"Khách hàng tiêu biểu",0.8551,"train","Cao",0.7754
"KH-00277","CÔNG TY CỔ PHẦN THƯƠNG MẠI VĨNH PHÁT","Vinh","Miền Bắc","2025-03","2025-03-25","2025-03-25",6,2,232490000,116245000.0,2,0.0,"CITYBIKE_P|KIDBIKE_1",0,0,1,3,4,5,"Cần theo dõi",0.7133,"train","Cao",0.7754
"KH-00278","CÔNG TY TNHH QUANG VINH","Hà Nội","Miền Bắc","2025-03","2025-03-25","2025-03-25",6,1,47790000,47790000.0,1,0.0,"CITYBIKE_P",0,0,1,3,2,3,"Cần theo dõi",0.8605,"train","Cao",0.7754
"KH-00279","CỬA HÀNG XE ĐẠP CHI THÀNH","Hà Nam","Miền Bắc","2025-03","2025-03-25","2025-03-25",6,1,17170000,17170000.0,2,0.0,"CITYBIKE_P|KIDBIKE_2",0,0,1,3,2,1,"Cần theo dõi",0.9115,"train","Cao",0.7754
"KH-00280","CÔNG TY TNHH THƯƠNG MẠI MINH PHƯƠNG","Hà Nam","Miền Bắc","2025-03","2025-03-25","2025-03-25",6,1,22480000,22480000.0,3,0.0,"CITYBIKE_P|KIDBIKE_1|KIDBIKE_2",0,0,1,3,2,2,"Cần theo dõi",0.9128,"test","Cao",0.7754
"KH-00281","CỬA HÀNG XE ĐẠP PHÚC AN","Thanh Hoá","Miền Trung","2025-03","2025-03-25","2025-03-25",6,1,42075286,42075286.0,4,0.0,"CITYBIKE_P|KIDBIKE_1|SPORTBIKE_A|SPORTBIKE_S",0,0,1,3,2,3,"Cần theo dõi",0.8974,"train","Cao",0.7754
"KH-00282","CÔNG TY TNHH THƯƠNG MẠI LONG PHÚ","Hà Nội","Miền Bắc","2025-03","2025-03-25","2025-03-28",3,3,51690000,17230000.0,3,0.0,"CITYBIKE_P|KIDBIKE_1|KIDBIKE_2",0,0,1,4,5,3,"Khách hàng trung thành",0.8364,"train","Cao",0.7754
"KH-00283","CỬA HÀNG XE ĐẠP TRƯỜNG THỊNH","Hưng Yên","Miền Bắc","2025-03","2025-03-25","2025-03-27",4,2,54240000,27120000.0,1,0.0,"CITYBIKE_P",0,0,1,4,4,4,"Khách hàng tiêu biểu",0.8515,"train","Cao",0.7754
"KH-00284","HỘ KINH DOANH NGỌC ANH","Hưng Yên","Miền Bắc","2025-03","2025-03-25","2025-03-25",6,1,35470000,35470000.0,2,0.0,"CITYBIKE_P|KIDBIKE_1",4,60474982,0,3,2,3,"Cần theo dõi",0.8889,"train","Cao",0.7754
"KH-00285","CÔNG TY TNHH ĐÔNG NAM","Hà Nội","Miền Bắc","2025-03","2025-03-25","2025-03-26",5,2,55041000,27520500.0,4,0.0,"CITYBIKE_P|KIDBIKE_1|KIDBIKE_2|SPORTBIKE_S",0,0,1,4,4,4,"Khách hàng tiêu biểu",0.8817,"train","Cao",0.7754
"KH-00286","DOANH NGHIỆP TW VIỆT ANH","Hà Nội","Miền Bắc","2025-03","2025-03-26","2025-03-26",5,1,2398148,2398148.0,1,0.0,"CITYBIKE_P",0,0,1,4,2,1,"Khách hàng mới tiềm năng",0.9205,"test","Cao",0.7754
"KH-00287","CÔNG TY TNHH THƯƠNG MẠI THUỶ TIÊN","Vĩnh Phúc","Miền Bắc","2025-03","2025-03-26","2025-03-26",5,1,4611111,4611111.0,1,0.0,"CITYBIKE_P",1,15500000,0,4,2,1,"Khách hàng mới tiềm năng",0.9182,"train","Cao",0.7754
"KH-00288","CÔNG TY TNHH THƯƠNG MẠI TOÀN THẮNG","Nghệ An","Miền Trung","2025-03","2025-03-26","2025-03-29",2,3,53532962,17844321.0,2,0.0,"CITYBIKE_P|KIDBIKE_1",3,140404962,0,5,5,4,"Khách hàng tiêu biểu",0.8235,"test","Cao",0.7754
"KH-00289","CÔNG TY CỔ PHẦN KHẢI HOÀN","Hưng Yên","Miền Bắc","2025-03","2025-03-26","2025-03-29",2,3,64680000,21560000.0,3,0.0,"CITYBIKE_P|KIDBIKE_1|SPORTBIKE_S",0,0,1,5,5,4,"Khách hàng tiêu biểu",0.8327,"test","Cao",0.7754
"KH-00290","CÔNG TY CỔ PHẦN THƯƠNG MẠI TÂY BẮC","Hưng Yên","Miền Bắc","2025-03","2025-03-26","2025-03-26",5,1,14702643,14702643.0,3,0.0,"CITYBIKE_P|KIDBIKE_1|SPORTBIKE_A",0,0,1,4,2,1,"Khách hàng mới tiềm năng",0.9212,"train","Cao",0.7754
"KH-00291","CÔNG TY TNHH VĨNH PHÁT","Hà Nam","Miền Bắc","2025-03","2025-03-26","2025-03-26",5,1,24000000,24000000.0,1,0.0,"CITYBIKE_P",0,0,1,4,2,2,"Khách hàng mới tiềm năng",0.8957,"train","Cao",0.7754
"KH-00292","CÔNG TY TNHH VIỆT ANH","Hà Nội","Miền Bắc","2025-03","2025-03-26","2025-03-26",5,1,28127001,28127001.0,3,0.0,"CITYBIKE_P|KIDBIKE_1|KIDBIKE_2",0,0,1,4,2,2,"Khách hàng mới tiềm năng",0.9067,"train","Cao",0.7754
"KH-00293","CÔNG TY TNHH THƯƠNG MẠI TÚ ANH","Hà Nội","Miền Bắc","2025-03","2025-03-27","2025-03-27",4,1,20277778,20277778.0,1,0.0,"CITYBIKE_P",0,0,1,4,2,2,"Khách hàng mới tiềm năng",0.9007,"train","Cao",0.7754
"KH-00294","HỘ KINH DOANH SÁN LẠP","Hải Phòng","Miền Bắc","2025-03","2025-03-27","2025-03-27",4,1,2305556,2305556.0,1,0.0,"CITYBIKE_P",0,0,1,4,2,1,"Khách hàng mới tiềm năng",0.9208,"test","Cao",0.7754
"KH-00295","DOANH NGHIỆP TW XÂY DỰNG","Hà Nội","Miền Bắc","2025-03","2025-03-27","2025-03-27",4,1,34400000,34400000.0,1,0.0,"CITYBIKE_P",0,0,1,4,2,2,"Khách hàng mới tiềm năng",0.8818,"test","Cao",0.7754
"KH-00296","CÔNG TY TNHH THƯƠNG MẠI HOÀ BÌNH","Hà Nội","Miền Bắc","2025-03","2025-03-27","2025-03-27",4,1,23580000,23580000.0,1,0.0,"CITYBIKE_P",0,0,1,4,2,2,"Khách hàng mới tiềm năng",0.8965,"train","Cao",0.7754
"KH-00297","CỬA HÀNG XE ĐẠP TÂY BẮC","Hà Nội","Miền Bắc","2025-03","2025-03-27","2025-03-27",4,1,20650000,20650000.0,1,0.0,"CITYBIKE_P",0,0,1,4,2,2,"Khách hàng mới tiềm năng",0.9002,"train","Cao",0.7754
"KH-00298","CÔNG TY CỔ PHẦN THƯƠNG MẠI ĐÔNG NAM","Hà Nội","Miền Bắc","2025-03","2025-03-27","2025-03-28",3,2,96307574,48153787.0,4,0.0,"CITYBIKE_P|KIDBIKE_1|SPORTBIKE_A|SPORTBIKE_S",0,0,1,4,4,5,"Khách hàng tiêu biểu",0.8584,"train","Cao",0.7754
"KH-00299","CỬA HÀNG XE ĐẠP VIỆT ANH","Hà Tĩnh","Miền Trung","2025-03","2025-03-27","2025-03-27",4,1,24430000,24430000.0,3,0.0,"CITYBIKE_P|KIDBIKE_1|SPORTBIKE_S",0,0,1,4,2,2,"Khách hàng mới tiềm năng",0.9111,"train","Cao",0.7754
"KH-00300","CÔNG TY TNHH THƯƠNG MẠI QUANG VINH","","","2025-03","2025-03-28","2025-03-28",3,1,17490000,17490000.0,1,0.0,"CITYBIKE_P",0,0,1,4,2,1,"Khách hàng mới tiềm năng",0.9043,"train","Cao",0.7754
"KH-00301","CÔNG TY TNHH THƯƠNG MẠI THUỶ TIÊN","Hải Phòng","Miền Bắc","2025-03","2025-03-28","2025-03-28",3,1,64940000,64940000.0,1,0.0,"CITYBIKE_P",0,0,1,4,2,4,"Khách hàng mới tiềm năng",0.8308,"train","Cao",0.7754
"KH-00302","CÔNG TY TNHH XÂY DỰNG","Hà Giang","Miền Bắc","2025-03","2025-03-28","2025-03-28",3,1,36910000,36910000.0,4,0.0,"CITYBIKE_P|KIDBIKE_1|SPORTBIKE_A|SPORTBIKE_S",0,0,1,4,2,3,"Khách hàng mới tiềm năng",0.9045,"train","Cao",0.7754
"KH-00303","CÔNG TY CỔ PHẦN BÌNH MINH","Hà Nội","Miền Bắc","2025-03","2025-03-28","2025-03-28",3,1,12980000,12980000.0,2,0.0,"CITYBIKE_P|KIDBIKE_1",0,0,1,4,2,1,"Khách hàng mới tiềm năng",0.9167,"train","Cao",0.7754
"KH-00304","DOANH NGHIỆP TW TÚ ANH","Hà Nội","Miền Bắc","2025-03","2025-03-28","2025-03-28",3,1,17710000,17710000.0,1,0.0,"CITYBIKE_P",0,0,1,4,2,1,"Khách hàng mới tiềm năng",0.9041,"test","Cao",0.7754
"KH-00305","CÔNG TY CỔ PHẦN TÂY BẮC","Hà Nội","Miền Bắc","2025-03","2025-03-28","2025-03-31",0,2,32170000,16085000.0,3,0.0,"CITYBIKE_P|KIDBIKE_1|SPORTBIKE_A",0,0,1,5,4,2,"Khách hàng trung thành",0.886,"test","Cao",0.7754
"KH-00306","CÔNG TY TNHH HOÀ BÌNH","Vĩnh Phúc","Miền Bắc","2025-03","2025-03-28","2025-03-28",3,1,16430000,16430000.0,1,0.0,"CITYBIKE_P",0,0,1,4,2,1,"Khách hàng mới tiềm năng",0.9056,"train","Cao",0.7754
"KH-00307","DOANH NGHIỆP TW THIÊN AN","Quảng Ninh","Miền Bắc","2025-03","2025-03-28","2025-03-28",3,1,29517574,29517574.0,4,0.0,"CITYBIKE_P|KIDBIKE_2|SPORTBIKE_A|SPORTBIKE_S",0,0,1,4,2,2,"Khách hàng mới tiềm năng",0.9129,"train","Cao",0.7754
"KH-00308","CÔNG TY TNHH THIÊN AN","Cường Tráng - An Thịnh - Lương Tài - Bắc Ninh","Miền Bắc","2025-03","2025-03-28","2025-03-28",3,1,38840000,38840000.0,4,0.0,"CITYBIKE_P|KIDBIKE_1|SPORTBIKE_A|SPORTBIKE_S",0,0,1,4,2,3,"Khách hàng mới tiềm năng",0.9021,"train","Cao",0.7754
"KH-00309","CÔNG TY CỔ PHẦN PHÚC AN","Hải Dương","Miền Bắc","2025-03","2025-03-28","2025-03-28",3,1,21610000,21610000.0,3,0.0,"CITYBIKE_P|KIDBIKE_2|SPORTBIKE_S",0,0,1,4,2,2,"Khách hàng mới tiềm năng",0.9144,"train","Cao",0.7754
"KH-00310","HỘ KINH DOANH VẠN LỢI","Quảng Ninh","Miền Bắc","2025-03","2025-03-28","2025-03-28",3,1,34770000,34770000.0,2,0.0,"CITYBIKE_P|KIDBIKE_1",0,0,1,4,2,3,"Khách hàng mới tiềm năng",0.8907,"train","Cao",0.7754
"KH-00311","CÔNG TY TNHH THƯƠNG MẠI QUANG VINH","Quảng Ninh","Miền Bắc","2025-03","2025-03-28","2025-03-28",3,1,39960000,39960000.0,2,0.0,"CITYBIKE_P|SPORTBIKE_A",0,0,1,4,2,3,"Khách hàng mới tiềm năng",0.8835,"train","Cao",0.7754
"KH-00312","DOANH NGHIỆP TW HOÀ BÌNH","Quảng Ninh","Miền Bắc","2025-03","2025-03-28","2025-03-28",3,1,46750000,46750000.0,2,0.0,"CITYBIKE_P|SPORTBIKE_S",0,0,1,4,2,3,"Khách hàng mới tiềm năng",0.8735,"test","Cao",0.7754
"KH-00313","DOANH NGHIỆP TW BÌNH MINH","Hà Nội","Miền Bắc","2025-03","2025-03-28","2025-03-28",3,1,18730000,18730000.0,1,0.0,"CITYBIKE_P",0,0,1,4,2,2,"Khách hàng mới tiềm năng",0.9028,"train","Cao",0.7754
"KH-00314","CÔNG TY TNHH THƯƠNG MẠI YÊN BÌNH","Hải Phòng","Miền Bắc","2025-03","2025-03-28","2025-03-28",3,1,70640000,70640000.0,2,0.0,"CITYBIKE_P|KIDBIKE_1",0,0,1,4,2,4,"Khách hàng mới tiềm năng",0.8323,"train","Cao",0.7754
"KH-00315","CÔNG TY CỔ PHẦN THƯƠNG MẠI THUỶ TIÊN","Vĩnh Yên","Miền Bắc","2025-03","2025-03-28","2025-03-28",3,1,20889981,20889981.0,4,0.0,"CITYBIKE_P|KIDBIKE_1|SPORTBIKE_A|SPORTBIKE_S",0,0,1,4,2,2,"Khách hàng mới tiềm năng",0.9219,"train","Cao",0.7754
"KH-00316","CÔNG TY CỔ PHẦN THƯƠNG MẠI THUỶ TIÊN","Hà Nội","Miền Bắc","2025-03","2025-03-28","2025-03-28",3,1,42392500,42392500.0,3,0.0,"CITYBIKE_P|KIDBIKE_1|SPORTBIKE_S",0,0,1,4,2,3,"Khách hàng mới tiềm năng",0.8892,"test","Cao",0.7754
"KH-00317","CỬA HÀNG XE ĐẠP THIÊN AN","Hà Nội","Miền Bắc","2025-03","2025-03-28","2025-03-28",3,1,17550000,17550000.0,2,0.0,"CITYBIKE_P|KIDBIKE_1",0,0,1,4,2,1,"Khách hàng mới tiềm năng",0.9118,"train","Cao",0.7754
"KH-00318","HỘ KINH DOANH BÌNH MINH","Hòa Bình","Miền Bắc","2025-03","2025-03-29","2025-03-29",2,1,30680000,30680000.0,1,0.0,"CITYBIKE_P",0,0,1,5,2,2,"Khách hàng mới tiềm năng",0.8876,"train","Cao",0.7754
"KH-00319","CỬA HÀNG XE ĐẠP QUANG VINH","TP Hưng Yên","Miền Bắc","2025-03","2025-03-29","2025-03-29",2,1,27978500,27978500.0,4,0.0,"CITYBIKE_P|KIDBIKE_1|SPORTBIKE_A|SPORTBIKE_S",0,0,1,5,2,2,"Khách hàng mới tiềm năng",0.9148,"train","Cao",0.7754
"KH-00320","HỘ KINH DOANH PHÚC AN","Hà Nội","Miền Bắc","2025-03","2025-03-31","2025-03-31",0,1,18020000,18020000.0,2,0.0,"CITYBIKE_P|KIDBIKE_1",0,0,1,5,2,2,"Khách hàng mới tiềm năng",0.9119,"train","Cao",0.7754
"KH-00321","CỬA HÀNG XE ĐẠP VIỆT ANH","Hải Phòng","Miền Bắc","2025-03","2025-03-31","2025-03-31",0,1,22250000,22250000.0,2,0.0,"CITYBIKE_P|KIDBIKE_1",0,0,1,5,2,2,"Khách hàng mới tiềm năng",0.9071,"train","Cao",0.7754
"KH-00322","CÔNG TY TNHH THƯƠNG MẠI THANH BÌNH","Hải Phòng","Miền Bắc","2025-03","2025-03-31","2025-03-31",0,1,16380000,16380000.0,2,0.0,"CITYBIKE_P|KIDBIKE_1",0,0,1,5,2,1,"Khách hàng mới tiềm năng",0.9137,"train","Cao",0.7754
"KH-00323","CÔNG TY CỔ PHẦN PHÚ THỊNH","Nghệ An","Miền Trung","2025-03","2025-03-31","2025-03-31",0,1,10850000,10850000.0,1,0.0,"CITYBIKE_P",0,0,1,5,2,1,"Khách hàng mới tiềm năng",0.9126,"test","Cao",0.7754
"KH-00324","CÔNG TY CỔ PHẦN ĐÔNG NAM","Quảng Ninh","Miền Bắc","2025-03","2025-03-31","2025-03-31",0,1,34180000,34180000.0,3,0.0,"CITYBIKE_P|SPORTBIKE_A|SPORTBIKE_S",0,0,1,5,2,2,"Khách hàng mới tiềm năng",0.9006,"train","Cao",0.7754
"KH-00325","HỘ KINH DOANH THANH BÌNH","Hạ Long","Miền Bắc","2025-03","2025-03-31","2025-03-31",0,1,59956468,59956468.0,1,0.0,"CITYBIKE_P",0,0,1,5,2,4,"Khách hàng mới tiềm năng",0.8413,"train","Cao",0.7754
"KH-00326","CỬA HÀNG XE ĐẠP VĨNH PHÁT","Quảng NinhSố","Miền Bắc","2025-03","2025-03-31","2025-03-31",0,1,13870000,13870000.0,3,0.0,"CITYBIKE_P|KIDBIKE_1|KIDBIKE_2",0,0,1,5,2,1,"Khách hàng mới tiềm năng",0.923,"train","Cao",0.7754
"KH-00327","CÔNG TY TNHH MẶT TRỜI","Vĩnh Phúc","Miền Bắc","2025-03","2025-03-31","2025-03-31",0,1,55970000,55970000.0,1,0.0,"CITYBIKE_P",0,0,1,5,2,4,"Khách hàng mới tiềm năng",0.8485,"train","Cao",0.7754
"KH-00328","CÔNG TY CỔ PHẦN PHÚC AN","Vĩnh Phúc","Miền Bắc","2025-03","2025-03-31","2025-03-31",0,1,37780000,37780000.0,3,0.0,"CITYBIKE_P|KIDBIKE_1|SPORTBIKE_A",0,0,1,5,2,3,"Khách hàng mới tiềm năng",0.8961,"test","Cao",0.7754
"KH-00329","HỘ KINH DOANH TRÍ ĐỨC","Hà Nội","Miền Bắc","2025-03","2025-03-31","2025-03-31",0,1,21666667,21666667.0,1,0.0,"CITYBIKE_P",0,0,1,5,2,2,"Khách hàng mới tiềm năng",0.9,"train","Cao",0.7754
"KH-00330","CÔNG TY TNHH THIÊN AN","Hà Giang","Miền Bắc","2025-03","2025-03-31","2025-03-31",0,1,61560000,61560000.0,4,0.0,"CITYBIKE_P|KIDBIKE_1|KIDBIKE_2|SPORTBIKE_S",0,0,1,5,2,4,"Khách hàng mới tiềm năng",0.8717,"train","Cao",0.7754
"KH-00331","HỘ KINH DOANH ĐẠI DƯƠNG","Hà Giang","Miền Bắc","2025-03","2025-03-31","2025-03-31",0,1,16960000,16960000.0,2,0.0,"CITYBIKE_P|KIDBIKE_1",0,0,1,5,2,1,"Khách hàng mới tiềm năng",0.9131,"test","Cao",0.7754
"KH-00332","DOANH NGHIỆP TW TOÀN THẮNG","Hà Nội","Miền Bắc","2025-03","2025-03-31","2025-03-31",0,1,24510000,24510000.0,1,0.0,"CITYBIKE_P",0,0,1,5,2,2,"Khách hàng mới tiềm năng",0.8964,"train","Cao",0.7754
"KH-00333","DOANH NGHIỆP TW ĐÔNG NAM","Thanh Hoá","Miền Trung","2025-03","2025-03-31","2025-03-31",0,1,22970000,22970000.0,2,0.0,"CITYBIKE_P|KIDBIKE_1",0,0,1,5,2,2,"Khách hàng mới tiềm năng",0.9063,"test","Cao",0.7754
