product_code,product_name,group_code,group_name,line_name,color,revenue_total,quantity_total,n_orders_total,n_customers_total,revenue_2025,quantity_2025,n_orders_2025,revenue_2026,quantity_2026,n_orders_2026,revenue_2026_ann,yoy_revenue_pct,avg_unit_price,revenue_rank,pareto_cum_pct,pareto_class,revenue_share_in_group_pct,bcg_quadrant
000225002023000,Xe đạp Thống Nhất New 26 Kem,CITYBIKE_P,Xe phổ thông,Xe New 26,Kem,3537208993,2483,566,347,1619321843,1303,296.0,1917887150,1180,270.0,11507322900,610.63,1424571,1,5.15,A (top 70%),9.2,Ngôi sao
000224002023000,Xe đạp Thống Nhất New 24 Kem,CITYBIKE_P,Xe phổ thông,Xe New 24,Kem,2320473494,1713,480,309,917042024,796,235.0,1403431470,917,245.0,8420588820,818.23,1354626,2,8.53,A (top 70%),6.04,Ngôi sao
000226003023000,Xe đạp Thống Nhất LD 24-01_2023 Kem,CITYBIKE_P,Xe phổ thông,Xe LD 24-01_2023,Kem,1855162820,1211,371,242,693359259,524,166.0,1161803561,687,205.0,6970821366,905.37,1531926,3,11.24,A (top 70%),4.83,Ngôi sao
000225002015000,Xe đạp Thống Nhất New 26 Café/nâu,CITYBIKE_P,Xe phổ thông,Xe New 26,Café/nâu,1811200009,1252,381,270,849378282,663,198.0,961821727,589,183.0,5770930362,579.43,1446645,4,13.88,A (top 70%),4.71,Ngôi sao
000217003001000,Xe đạp Thống Nhất GN 06-26 2.0 Đen,CITYBIKE_P,Xe phổ thông,Xe GN 06-26 2.0,Đen,1759770654,1190,375,265,640455923,496,170.0,1119314731,694,205.0,6715888386,948.61,1478799,5,16.44,A (top 70%),4.58,Ngôi sao
000225002002000,Xe đạp Thống Nhất New 26 Trắng,CITYBIKE_P,Xe phổ thông,Xe New 26,Trắng,1678308225,1138,383,247,891562788,673,223.0,786745437,465,160.0,4720472622,429.46,1474788,6,18.88,A (top 70%),4.37,Bò sữa
000331002008000,Xe đạp Thống Nhất MTB 26-02 Ghi,CITYBIKE_P,Xe phổ thông,Xe MTB 26 02,Ghi,1444342063,895,296,208,549799074,409,136.0,894542989,486,160.0,5367257934,876.22,1613790,7,20.99,A (top 70%),3.76,Ngôi sao
000207004000000,Xe đạp Thống Nhất 219-05-26,CITYBIKE_P,Xe phổ thông,Xe 219-05-26,219-05-26,1381409524,941,224,157,713951387,512,106.0,667458137,429,118.0,4004748822,460.93,1468023,9,25.09,A (top 70%),3.59,Bò sữa
000230002023000,Xe đạp Thống Nhất LD 26 Kem,CITYBIKE_P,Xe phổ thông,Xe LD 26,Kem,1362615654,770,227,164,0,0,0.0,1362615654,770,227.0,8175693924,,1769631,10,27.08,A (top 70%),3.54,Bò sữa
000217003008000,Xe đạp Thống Nhất GN 06-26 2.0 Ghi,CITYBIKE_P,Xe phổ thông,Xe GN 06-26 2.0,Ghi,1318725170,910,311,224,499178239,397,148.0,819546931,513,163.0,4917281586,885.08,1449149,11,29.0,A (top 70%),3.43,Ngôi sao
000401002016000,"Xe đạp Thống Nhất Nữ Truyền thống Lốp đỏ, Ngọc",CITYBIKE_P,Xe phổ thông,Xe Nữ,Ngọc,1308233962,886,129,100,336916666,259,42.0,971317296,627,87.0,5827903776,1629.78,1476562,12,30.9,A (top 70%),3.4,Ngôi sao
000225002025000,Xe đạp Thống Nhất New 26 Xanh mint,CITYBIKE_P,Xe phổ thông,Xe New 26,Xanh mint,1172070127,832,301,217,584952650,474,166.0,587117477,358,135.0,3522704862,502.22,1408738,13,32.61,A (top 70%),3.05,Ngôi sao
000224002015000,Xe đạp Thống Nhất New 24 Café/nâu,CITYBIKE_P,Xe phổ thông,Xe New 24,Café/nâu,1112254536,821,294,218,475967124,414,150.0,636287412,407,144.0,3817724472,702.1,1354756,14,34.23,A (top 70%),2.89,Ngôi sao
000216003001000,Xe đạp Thống Nhất GN 06-24 2.0 Đen,CITYBIKE_P,Xe phổ thông,Xe GN 06-24 2.0,Đen,792797344,571,233,177,283534722,236,101.0,509262622,335,132.0,3055575732,977.67,1388437,18,39.49,A (top 70%),2.06,Ngôi sao
000224002002000,Xe đạp Thống Nhất New 24 Trắng,CITYBIKE_P,Xe phổ thông,Xe New 24,Trắng,779729677,576,250,197,379727576,318,130.0,400002101,258,120.0,2400012606,532.04,1353697,19,40.62,A (top 70%),2.03,Ngôi sao
000216003008000,Xe đạp Thống Nhất GN 06-24 2.0 Ghi,CITYBIKE_P,Xe phổ thông,Xe GN 06-24 2.0,Ghi,777028965,532,212,159,147934722,123,66.0,629094243,409,146.0,3774565458,2451.51,1460581,20,41.76,A (top 70%),2.02,Ngôi sao
000224002026000,Xe đạp Thống Nhất New 24 Xanh mint,CITYBIKE_P,Xe phổ thông,Xe New 24,Xanh mint,773837487,573,241,188,333801572,293,123.0,440035915,280,118.0,2640215490,690.95,1350502,21,42.88,A (top 70%),2.01,Ngôi sao
000226003002000,Xe đạp Thống Nhất LD 24-01_2023 Trắng,CITYBIKE_P,Xe phổ thông,Xe LD 24-01_2023,Trắng,718796802,510,220,149,361982962,286,119.0,356813840,224,101.0,2140883040,491.43,1409405,23,44.99,A (top 70%),1.87,Ngôi sao
000214004000000,Xe đạp Thống Nhất GN 05-26,CITYBIKE_P,Xe phổ thông,Xe GN 05-26,05-26,686770756,484,153,118,366029168,273,92.0,320741588,211,61.0,1924449528,425.76,1418948,26,48.05,A (top 70%),1.79,Bò sữa
000209002025000,Xe đạp Thống Nhất 219-26 Xanh Tím,CITYBIKE_P,Xe phổ thông,Xe 219-26,Xanh Tím,682150847,518,159,133,347464813,298,98.0,334686034,220,61.0,2008116204,477.93,1316894,27,49.04,A (top 70%),1.77,Bò sữa
000331002022000,Xe đạp Thống Nhất MTB 26-02 Xanh dương,CITYBIKE_P,Xe phổ thông,Xe MTB 26 02,Xanh dương,610686802,402,185,144,361662963,262,103.0,249023839,140,82.0,1494143034,313.13,1519121,31,52.71,A (top 70%),1.59,Bò sữa
000226003015000,Xe đạp Thống Nhất LD 24-01_2023 Café/nâu,CITYBIKE_P,Xe phổ thông,Xe LD 24-01_2023,Café/nâu,530851824,358,139,95,326959259,232,80.0,203892565,126,59.0,1223355390,274.16,1482826,34,55.15,A (top 70%),1.38,Bò sữa
000226003014000,Xe đạp Thống Nhất LD 24-01_2023 Xanh Santorini,CITYBIKE_P,Xe phổ thông,Xe LD 24-01_2023,Xanh Santorini,506745338,358,157,113,279929628,218,90.0,226815710,140,67.0,1360894260,386.16,1415490,37,57.4,A (top 70%),1.32,Bò sữa
000216002007000,Xe đạp Thống Nhất GN 06-24 Coban,CITYBIKE_P,Xe phổ thông,Xe GN 06-24,Coban,483900907,325,25,20,152975925,105,11.0,330924982,220,14.0,1985549892,1197.95,1488926,43,61.71,A (top 70%),1.26,Ngôi sao
000224002009000,Xe đạp Thống Nhất New 24 Hồng,CITYBIKE_P,Xe phổ thông,Xe New 24,Hồng,461487169,358,160,129,239560000,212,94.0,221927169,146,66.0,1331563014,455.84,1289070,45,63.08,A (top 70%),1.2,Bò sữa
000230002002000,Xe đạp Thống Nhất LD 26 Trắng,CITYBIKE_P,Xe phổ thông,Xe LD 26,Trắng,433796953,243,110,88,9717500,5,2.0,424079453,238,108.0,2544476718,26084.48,1785173,49,65.7,A (top 70%),1.13,Ngôi sao
000225002004000,Xe đạp Thống Nhất New 26 Đỏ tươi,CITYBIKE_P,Xe phổ thông,Xe New 26,Đỏ tươi,428189253,283,102,88,337658700,227,61.0,90530553,56,41.0,543183318,60.87,1513036,50,66.32,A (top 70%),1.11,Bò sữa
000217002001000,Xe đạp Thống Nhất GN 06-26 Đen,CITYBIKE_P,Xe phổ thông,Xe GN 06-26,Đen,426110141,321,132,98,222473147,184,73.0,203636994,137,59.0,1221821964,449.2,1327446,51,66.94,A (top 70%),1.11,Bò sữa
000330002001000,Xe đạp Thống Nhất MTB 24-03 Đen,CITYBIKE_P,Xe phổ thông,Xe MTB 24-03,Đen,413084716,339,145,102,413084716,339,145.0,0,0,0.0,0,-100.0,1218539,54,68.77,A (top 70%),1.07,Bò sữa
000208002003000,Xe đạp Thống Nhất 219-24 Đỏ đun,CITYBIKE_P,Xe phổ thông,Xe 219-24,Đỏ đun,394773111,280,60,48,160118519,119,24.0,234654592,161,36.0,1407927552,779.3,1409904,55,69.35,A (top 70%),1.03,Ngôi sao
000209002003000,Xe đạp Thống Nhất 219-26 Đỏ đun,CITYBIKE_P,Xe phổ thông,Xe 219-26,Đỏ đun,380212439,288,92,81,170318051,145,54.0,209894388,143,38.0,1259366328,639.42,1320182,56,69.9,A (top 70%),0.99,Ngôi sao
000215004000000,Xe đạp Thống Nhất GN 05-27,CITYBIKE_P,Xe phổ thông,Xe GN 05-27,05-27,360359486,248,81,57,232241013,169,46.0,128118473,79,35.0,768710838,231.0,1453062,58,70.96,B (70-90%),0.94,Bò sữa
000330002002200,Xe đạp Thống Nhất MTB 24-03 Xanh dương,CITYBIKE_P,Xe phổ thông,Xe MTB 24-03,Xanh dương,355948424,261,134,93,355948424,261,134.0,0,0,0.0,0,-100.0,1363787,59,71.48,B (70-90%),0.93,Bò sữa
000331002004000,Xe đạp Thống Nhất MTB 26-02 Đỏ tươi,CITYBIKE_P,Xe phổ thông,Xe MTB 26 02,Đỏ tươi,353143755,224,127,97,141540278,104,58.0,211603477,120,69.0,1269620862,797.0,1576535,60,71.99,B (70-90%),0.92,Dấu hỏi
000401002016002,"Xe đạp Thống Nhất Nữ Truyền thống Lốp 2 màu, Ngọc",CITYBIKE_P,Xe phổ thông,Xe Nữ,Ngọc,345344373,235,37,34,138233333,100,18.0,207111040,135,19.0,1242666240,798.96,1469551,61,72.5,B (70-90%),0.9,Dấu hỏi
000209002007000,Xe đạp Thống Nhất 219-26 Coban,CITYBIKE_P,Xe phổ thông,Xe 219-26,Coban,319725888,211,79,70,108162035,84,39.0,211563853,127,40.0,1269383118,1073.59,1515289,65,74.41,B (70-90%),0.83,Dấu hỏi
000224002024000,Xe đạp Thống Nhất New 24 Tím,CITYBIKE_P,Xe phổ thông,Xe New 24,Tím,318513650,236,109,92,139441572,121,52.0,179072078,115,57.0,1074432468,670.53,1349634,66,74.87,B (70-90%),0.83,Dấu hỏi
000225002009000,Xe đạp Thống Nhất New 26 Hồng,CITYBIKE_P,Xe phổ thông,Xe New 26,Hồng,313868882,229,104,96,161796943,136,60.0,152071939,93,44.0,912431634,463.94,1370606,67,75.33,B (70-90%),0.82,Con chó
000225002024000,Xe đạp Thống Nhất New 26 Tím,CITYBIKE_P,Xe phổ thông,Xe New 26,Tím,295741476,217,100,85,150435924,126,54.0,145305552,91,46.0,871833312,479.54,1362864,70,76.64,B (70-90%),0.77,Dấu hỏi
000217002007000,Xe đạp Thống Nhất GN 06-26 Coban,CITYBIKE_P,Xe phổ thông,Xe GN 06-26,Coban,271683764,196,93,75,134548612,104,51.0,137135152,92,42.0,822810912,511.53,1386142,75,78.69,B (70-90%),0.71,Dấu hỏi
000230002014000,Xe đạp Thống Nhất LD 26 Xanh Santorini,CITYBIKE_P,Xe phổ thông,Xe LD 26,Xanh Santorini,265837635,150,76,53,0,0,0.0,265837635,150,76.0,1595025810,,1772251,77,79.47,B (70-90%),0.69,Con chó
000208002007000,Xe đạp Thống Nhất 219-24 Coban,CITYBIKE_P,Xe phổ thông,Xe 219-24,Coban,262572209,184,35,30,184233332,130,16.0,78338877,54,19.0,470033262,155.13,1427023,78,79.85,B (70-90%),0.68,Con chó
000224002004000,Xe đạp Thống Nhất New 24 Đỏ tươi,CITYBIKE_P,Xe phổ thông,Xe New 24,Đỏ tươi,261500720,182,79,67,186009072,132,46.0,75491648,50,33.0,452949888,143.51,1436817,80,80.62,B (70-90%),0.68,Con chó
000218002007000,Xe đạp Thống Nhất GN 06-27 Coban,CITYBIKE_P,Xe phổ thông,Xe GN 06-27,Coban,257756008,161,40,34,210424535,134,26.0,47331473,27,14.0,283988838,34.96,1600969,82,81.37,B (70-90%),0.67,Con chó
000216002001000,Xe đạp Thống Nhất GN 06-24 Đen,CITYBIKE_P,Xe phổ thông,Xe GN 06-24,Đen,256620357,186,38,32,118107407,92,18.0,138512950,94,20.0,831077700,603.66,1379679,83,81.75,B (70-90%),0.67,Dấu hỏi
000208002023000,Xe đạp Thống Nhất 219-24 Xanh Tím,CITYBIKE_P,Xe phổ thông,Xe 219-24,Xanh Tím,251803675,191,74,57,95938889,83,29.0,155864786,108,45.0,935188716,874.78,1318344,84,82.11,B (70-90%),0.65,Dấu hỏi
000217003005000,Xe đạp Thống Nhất GN 06-26 2.0 Cam,CITYBIKE_P,Xe phổ thông,Xe GN 06-26 2.0,Cam,238478552,151,84,70,94373975,62,34.0,144104577,89,50.0,864627462,816.17,1579328,88,83.54,B (70-90%),0.62,Dấu hỏi
000217002003000,Xe đạp Thống Nhất GN 06-26 Đỏ đun,CITYBIKE_P,Xe phổ thông,Xe GN 06-26,Đỏ đun,211300929,139,50,44,118392592,86,35.0,92908337,53,15.0,557450022,370.85,1520151,91,84.49,B (70-90%),0.55,Con chó
000216003005000,Xe đạp Thống Nhất GN 06-24 2.0 Cam,CITYBIKE_P,Xe phổ thông,Xe GN 06-24 2.0,Cam,188916626,134,80,67,61200000,51,32.0,127716626,83,48.0,766299756,1152.12,1409826,97,86.22,B (70-90%),0.49,Dấu hỏi
000218002001000,Xe đạp Thống Nhất GN 06-27 Đen,CITYBIKE_P,Xe phổ thông,Xe GN 06-27,Đen,158200826,121,35,31,145956386,113,28.0,12244440,8,7.0,73466640,-49.67,1307445,108,88.9,B (70-90%),0.41,Con chó
000218003008000,Xe đạp Thống Nhất GN 06-27 2.0 Ghi,CITYBIKE_P,Xe phổ thông,Xe GN 06-27 2.0,Ghi,150251388,117,44,35,150251388,117,44.0,0,0,0.0,0,-100.0,1284200,113,90.02,C (90-100%),0.39,Con chó
000218003001000,Xe đạp Thống Nhất GN 06-27 2.0 Đen,CITYBIKE_P,Xe phổ thông,Xe GN 06-27 2.0,Đen,89285092,70,30,28,89285092,70,30.0,0,0,0.0,0,-100.0,1275501,136,94.09,C (90-100%),0.23,Con chó
000227002014000,Xe đạp Thống Nhất LD 24-02 Xanh Santorini,CITYBIKE_P,Xe phổ thông,Xe LD 24-02,Xanh Santorini,71369813,39,13,3,71369813,39,13.0,0,0,0.0,0,-100.0,1829995,146,95.28,C (90-100%),0.19,Con chó
000218002003000,Xe đạp Thống Nhất GN 06-27 Đỏ đun,CITYBIKE_P,Xe phổ thông,Xe GN 06-27,Đỏ đun,71226385,58,15,13,60498611,51,10.0,10727774,7,5.0,64366644,6.39,1228041,147,95.39,C (90-100%),0.19,Con chó
000225002002001,Xe đạp Thống Nhất New 26 Trắng DA HP,CITYBIKE_P,Xe phổ thông,Xe New 26,HP,68611111,38,1,1,0,0,0.0,68611111,38,1.0,411666666,,1805556,150,95.69,C (90-100%),0.18,Con chó
000225002007001,Xe đạp Thống Nhất New 26 Xanh DA HP,CITYBIKE_P,Xe phổ thông,Xe New 26,HP,68611111,38,1,1,0,0,0.0,68611111,38,1.0,411666666,,1805556,151,95.79,C (90-100%),0.18,Con chó
000225002015001,Xe đạp Thống Nhất New 26 Café/nâu DA HP,CITYBIKE_P,Xe phổ thông,Xe New 26,HP,66805555,37,1,1,0,0,0.0,66805555,37,1.0,400833330,,1805556,155,96.19,C (90-100%),0.17,Con chó
000225002004001,Xe đạp Thống Nhất New 26 màu đỏ DA HP,CITYBIKE_P,Xe phổ thông,Xe New 26,HP,66805555,37,1,1,0,0,0.0,66805555,37,1.0,400833330,,1805556,156,96.28,C (90-100%),0.17,Con chó
000218003005000,Xe đạp Thống Nhất GN 06-27 2.0 Cam,CITYBIKE_P,Xe phổ thông,Xe GN 06-27 2.0,Cam,66425092,52,12,9,66425092,52,12.0,0,0,0.0,0,-100.0,1277406,158,96.48,C (90-100%),0.17,Con chó
000216002003000,Xe đạp Thống Nhất GN 06-24 Đỏ đun,CITYBIKE_P,Xe phổ thông,Xe GN 06-24,Đỏ đun,44050458,32,12,12,20011574,15,6.0,24038884,17,6.0,144233304,620.75,1376577,180,98.19,C (90-100%),0.11,Dấu hỏi
000490002004000,Xe đạp đôi Thống Nhất 26 Đỏ tươi,CITYBIKE_P,Xe phổ thông,Xe đạp đôi 26,Đỏ tươi,18198611,12,7,7,18198611,12,7.0,0,0,0.0,0,-100.0,1516551,214,99.57,C (90-100%),0.05,Con chó
000490002007000,Xe đạp đôi Thống Nhất 26 Coban,CITYBIKE_P,Xe phổ thông,Xe đạp đôi 26,Coban,16797222,10,6,6,16797222,10,6.0,0,0,0.0,0,-100.0,1679722,216,99.62,C (90-100%),0.04,Con chó
000490002009000,Xe đạp đôi Thống Nhất 26 Hồng,CITYBIKE_P,Xe phổ thông,Xe đạp đôi 26,Hồng,14000000,10,6,5,14000000,10,6.0,0,0,0.0,0,-100.0,1400000,221,99.73,C (90-100%),0.04,Con chó
000230002001000,Xe đạp Thống Nhất M 27-01 Đen,CITYBIKE_P,Xe phổ thông,Xe M 27-01,Đen,3750000,3,1,1,3750000,3,1.0,0,0,0.0,0,-100.0,1250000,242,99.99,C (90-100%),0.01,Con chó
000230002027000,Xe đạp Thống Nhất M 27-01 Xanh nước biển,CITYBIKE_P,Xe phổ thông,Xe M 27-01,Xanh nước biển,2500000,2,1,1,2500000,2,1.0,0,0,0.0,0,-100.0,1250000,243,99.99,C (90-100%),0.01,Con chó
000125002009000,Xe đạp Thống Nhất Puppy 20 Hồng,KIDBIKE_1,Xe trẻ em nhóm 1,Xe Puppy 20,Hồng,1434516070,1162,380,250,543273886,466,171.0,891242184,696,209.0,5347453104,884.3,1234523,8,23.08,A (top 70%),18.49,Ngôi sao
000125002023000,Xe đạp Thống Nhất Puppy 20 Kem,KIDBIKE_1,Xe trẻ em nhóm 1,Xe Puppy 20,Kem,833759844,702,300,229,343298046,322,148.0,490461798,380,152.0,2942770788,757.21,1187692,17,38.33,A (top 70%),10.75,Ngôi sao
000131002001002,Xe đạp Thống Nhất GN 06 20 2024 Đen,KIDBIKE_1,Xe trẻ em nhóm 1,Xe GN 06 20 2024,Đen,693316689,574,219,168,331980091,273,101.0,361336598,301,118.0,2168019588,553.06,1207869,25,47.05,A (top 70%),8.94,Ngôi sao
000125002013000,Xe đạp Thống Nhất Puppy 20 Xanh,KIDBIKE_1,Xe trẻ em nhóm 1,Xe Puppy 20,Xanh,650642097,544,235,173,242743880,227,105.0,407898217,317,130.0,2447389302,908.22,1196033,28,49.99,A (top 70%),8.39,Ngôi sao
000131002008001,Xe đạp Thống Nhất GN 06 20 2024 Ghi,KIDBIKE_1,Xe trẻ em nhóm 1,Xe GN 06 20 2024,Ghi,526713455,440,205,150,255579165,213,96.0,271134290,227,109.0,1626805740,536.52,1197076,35,55.92,A (top 70%),6.79,Ngôi sao
000305002022000,Xe đạp Thống Nhất MTB 20-05 Xanh dương,KIDBIKE_1,Xe trẻ em nhóm 1,Xe MTB 20-05,Xanh dương,481958334,342,76,55,481958334,342,76.0,0,0,0.0,0,-100.0,1409235,44,62.41,A (top 70%),6.21,Bò sữa
000334002013000,Xe đạp Thống Nhất Super 20 Xanh,KIDBIKE_1,Xe trẻ em nhóm 1,Xe TE Super 20,Xanh,452090245,264,88,48,240786944,149,49.0,211303301,115,39.0,1267819806,426.53,1712463,48,65.07,A (top 70%),5.83,Ngôi sao
000125002002000,Xe đạp Thống Nhất Puppy 20 Trắng,KIDBIKE_1,Xe trẻ em nhóm 1,Xe Puppy 20,Trắng,418126327,354,174,122,174471660,163,79.0,243654667,191,95.0,1461928002,737.92,1181148,53,68.17,A (top 70%),5.39,Ngôi sao
000131002004005,Xe đạp Thống Nhất GN 06 20 2024 Đỏ,KIDBIKE_1,Xe trẻ em nhóm 1,Xe GN 06 20 2024,Đỏ,305581626,258,141,108,135743055,115,61.0,169838571,143,80.0,1019031426,650.71,1184425,68,75.78,B (70-90%),3.94,Ngôi sao
000131002019002,Xe đạp Thống Nhất GN 06 20 2024 Vàng,KIDBIKE_1,Xe trẻ em nhóm 1,Xe GN 06 20 2024,Vàng,297616254,250,142,112,130347685,110,67.0,167268569,140,75.0,1003611414,669.95,1190465,69,76.21,B (70-90%),3.84,Ngôi sao
000122002009000,Xe đạp Thống Nhất Neo 20-02 Hồng,KIDBIKE_1,Xe trẻ em nhóm 1,Xe Neo 20-02,Hồng,248198319,229,44,33,117600000,112,24.0,130598319,117,20.0,783589914,566.32,1083835,86,82.84,B (70-90%),3.2,Ngôi sao
000305002001000,Xe đạp Thống Nhất MTB 20-05 Đen,KIDBIKE_1,Xe trẻ em nhóm 1,Xe MTB 20-05,Đen,227133329,214,83,63,227133329,214,83.0,0,0,0.0,0,-100.0,1061371,89,83.88,B (70-90%),2.93,Bò sữa
000334002001000,Xe đạp Thống Nhất Super 20 Đen,KIDBIKE_1,Xe trẻ em nhóm 1,Xe TE Super 20,Đen,192771629,140,70,54,94380000,78,30.0,98391629,62,40.0,590349774,525.5,1376940,96,85.94,B (70-90%),2.48,Ngôi sao
000334002004000,Xe đạp Thống Nhất Super 20 Đỏ,KIDBIKE_1,Xe trẻ em nhóm 1,Xe TE Super 20,Đỏ,157993867,119,62,50,94380000,78,36.0,63613867,41,26.0,381683202,304.41,1327680,109,89.13,B (70-90%),2.04,Ngôi sao
000122002004000,Xe đạp Thống Nhất Neo 20-02 Đỏ tươi,KIDBIKE_1,Xe trẻ em nhóm 1,Xe Neo 20-02,Đỏ tươi,141080553,121,21,16,121080555,103,13.0,19999998,18,8.0,119999988,-0.89,1165955,117,90.87,C (90-100%),1.82,Bò sữa
000122002007000,Xe đạp Thống Nhất Neo 20-02 Coban,KIDBIKE_1,Xe trẻ em nhóm 1,Xe Neo 20-02,Coban,100105553,94,23,17,74550000,71,14.0,25555553,23,9.0,153333318,105.68,1064953,134,93.82,C (90-100%),1.29,Bò sữa
000124002009000,Xe đạp Thống Nhất Neo 2004 Hồng,KIDBIKE_1,Xe trẻ em nhóm 1,Xe Neo 2004,Hồng,68089712,51,22,17,40928611,30,16.0,27161101,21,6.0,162966606,298.17,1335092,153,95.99,C (90-100%),0.88,Dấu hỏi
000122002002000,Xe đạp Thống Nhất Neo 20-02 Trắng,KIDBIKE_1,Xe trẻ em nhóm 1,Xe Neo 20-02,Trắng,64050000,61,9,6,64050000,61,9.0,0,0,0.0,0,-100.0,1050000,159,96.57,C (90-100%),0.83,Con chó
000124002024000,Xe đạp Thống Nhất Neo 2004 Tím,KIDBIKE_1,Xe trẻ em nhóm 1,Xe Neo 2004,Tím,60771388,52,18,14,38549168,32,14.0,22222220,20,4.0,133333320,245.88,1168681,164,97.03,C (90-100%),0.78,Dấu hỏi
000304002004000,Xe đạp Thống Nhất MTB 20-04 Tem đỏ,KIDBIKE_1,Xe trẻ em nhóm 1,Xe MTB 20-04,Tem đỏ,59798606,37,6,3,59798606,37,6.0,0,0,0.0,0,-100.0,1616179,165,97.12,C (90-100%),0.77,Con chó
000124002004000,Xe đạp Thống Nhất Neo 2004 Đỏ tươi,KIDBIKE_1,Xe trẻ em nhóm 1,Xe Neo 2004,Đỏ tươi,56668886,41,6,5,1050000,1,1.0,55618886,40,5.0,333713316,31682.22,1382168,168,97.37,C (90-100%),0.73,Dấu hỏi
000122002022000,Xe đạp Thống Nhất Bubbles 20 Xanh,KIDBIKE_1,Xe trẻ em nhóm 1,Xe Neo 20-02 Bubble,Xanh,46375274,35,22,9,0,0,0.0,46375274,35,22.0,278251644,,1325008,174,97.8,C (90-100%),0.6,Con chó
000304002019000,Xe đạp Thống Nhất MTB 20-04 Tem Vàng,KIDBIKE_1,Xe trẻ em nhóm 1,Xe MTB 20-04,Vàng,46074070,30,2,2,46074070,30,2.0,0,0,0.0,0,-100.0,1535802,175,97.86,C (90-100%),0.59,Con chó
000122002019000,Xe đạp Thống Nhất Bubbles 20 Vàng chanh,KIDBIKE_1,Xe trẻ em nhóm 1,Xe Neo 20-02 Bubble,chanh,39373604,30,19,12,0,0,0.0,39373604,30,19.0,236241624,,1312453,187,98.61,C (90-100%),0.51,Con chó
000131002007000,Xe đạp Thống Nhất GN 06 20 Coban,KIDBIKE_1,Xe trẻ em nhóm 1,Xe GN 06 20,Coban,36427500,29,5,4,36427500,29,5.0,0,0,0.0,0,-100.0,1256121,190,98.77,C (90-100%),0.47,Con chó
000123002009000,Xe đạp Thống Nhất Neo 20-03 Hồng,KIDBIKE_1,Xe trẻ em nhóm 1,Xe Neo 20-03,Hồng,31929723,27,4,2,31929723,27,4.0,0,0,0.0,0,-100.0,1182582,191,98.82,C (90-100%),0.41,Con chó
000123002004000,Xe đạp Thống Nhất Neo 20-03 Đỏ tươi,KIDBIKE_1,Xe trẻ em nhóm 1,Xe Neo 20-03,Đỏ tươi,23100000,22,3,3,23100000,22,3.0,0,0,0.0,0,-100.0,1050000,199,99.13,C (90-100%),0.3,Con chó
000304002005000,Xe đạp Thống Nhất MTB 20-04 Tem cam,KIDBIKE_1,Xe trẻ em nhóm 1,Xe MTB 20-04,Tem cam,22000000,20,1,1,22000000,20,1.0,0,0,0.0,0,-100.0,1100000,202,99.23,C (90-100%),0.28,Con chó
000123002002000,Xe đạp Thống Nhất Neo 20-03 Trắng,KIDBIKE_1,Xe trẻ em nhóm 1,Xe Neo 20-03,Trắng,21000000,20,1,1,21000000,20,1.0,0,0,0.0,0,-100.0,1050000,204,99.29,C (90-100%),0.27,Con chó
000114002000000,Xe đạp Thống Nhất TE 16-04,KIDBIKE_1,Xe trẻ em nhóm 1,Xe TE 16-04,16-04,9000000,9,3,3,9000000,9,3.0,0,0,0.0,0,-100.0,1000000,232,99.91,C (90-100%),0.12,Con chó
000304002020000,Xe đạp Thống Nhất MTB 20-04 Tem Xanh da trời,KIDBIKE_1,Xe trẻ em nhóm 1,Xe MTB 20-04,trời,5881944,3,1,1,5881944,3,1.0,0,0,0.0,0,-100.0,1960648,235,99.94,C (90-100%),0.08,Con chó
000131002004000,Xe đạp Thống Nhất GN 06 20 Đỏ tươi,KIDBIKE_1,Xe trẻ em nhóm 1,Xe GN 06 20,Đỏ tươi,5693056,5,2,2,5693056,5,2.0,0,0,0.0,0,-100.0,1138611,236,99.95,C (90-100%),0.07,Con chó
1000240020090000,Xe đạp Thống Nhất TE Bunny 16 Hồng,KIDBIKE_2,Xe trẻ em nhóm 2,Xe Bunny 16,Hồng,485622223,625,203,142,157807485,257,85.0,327814738,368,118.0,1966888428,1146.38,776996,42,61.0,A (top 70%),17.45,Ngôi sao
1000270020220000,Xe đạp Thống Nhất TE Spaceboy 16 Xanh dương,KIDBIKE_2,Xe trẻ em nhóm 2,Xe Spaceboy 16,Xanh dương,454386429,577,195,138,185506660,288,94.0,268879769,289,101.0,1613278614,769.66,787498,47,64.41,A (top 70%),16.32,Bò sữa
1000270020150000,Xe đạp Thống Nhất TE Spaceboy 16 Café/nâu,KIDBIKE_2,Xe trẻ em nhóm 2,Xe Spaceboy 16,Café/nâu,327595442,383,132,89,165905540,219,72.0,161689902,164,60.0,970139412,484.75,855341,64,73.94,B (70-90%),11.77,Bò sữa
1000230020090000,Xe đạp Thống Nhất TE Bunny 12 Hồng,KIDBIKE_2,Xe trẻ em nhóm 2,Xe Bunny 12,Hồng,286913076,406,125,94,82330831,167,49.0,204582245,239,76.0,1227493470,1390.93,706682,72,77.48,B (70-90%),10.31,Ngôi sao
1000260020220000,Xe đạp Thống Nhất TE Spaceboy 12 Xanh dương,KIDBIKE_2,Xe trẻ em nhóm 2,Xe Spaceboy 12,Xanh dương,280669161,373,102,69,148273424,227,67.0,132395737,146,35.0,794374422,435.75,752464,73,77.89,B (70-90%),10.08,Bò sữa
1000210020090000,Xe đạp Thống Nhất TE Love 12 Hồng,KIDBIKE_2,Xe trẻ em nhóm 2,Xe Love 12,Hồng,185495352,201,64,28,92816203,109,39.0,92679149,92,25.0,556074894,499.11,922862,98,86.49,B (70-90%),6.66,Bò sữa
1000250020050000,Xe đạp Thống Nhất TE Robot 16 Cam,KIDBIKE_2,Xe trẻ em nhóm 2,Xe Robot 16,Cam,153469687,173,83,46,52073054,75,36.0,101396633,98,47.0,608379798,1068.32,887108,111,89.59,B (70-90%),5.51,Ngôi sao
1000240020220000,Xe đạp Thống Nhất TE Bunny 16 Xanh dương,KIDBIKE_2,Xe trẻ em nhóm 2,Xe Bunny 16,Xanh dương,149086883,192,80,55,51912496,88,31.0,97174387,104,49.0,583046322,1023.13,776494,114,90.24,C (90-100%),5.36,Dấu hỏi
1000220020220000,Xe đạp Thống Nhất TE Love 16 Xanh dương,KIDBIKE_2,Xe trẻ em nhóm 2,Xe Love 16,Xanh dương,143550264,142,45,16,51809998,58,21.0,91740266,84,24.0,550441596,962.42,1010917,115,90.45,C (90-100%),5.16,Dấu hỏi
1000250020220000,Xe đạp Thống Nhất TE Robot 16 Xanh dương,KIDBIKE_2,Xe trẻ em nhóm 2,Xe Robot 16,Xanh dương,130661333,173,80,59,61573056,94,37.0,69088277,79,43.0,414529662,573.23,755268,122,91.84,C (90-100%),4.69,Con chó
1000220020090000,Xe đạp Thống Nhất TE Love 16 Hồng,KIDBIKE_2,Xe trẻ em nhóm 2,Xe Love 16,Hồng,75418028,105,42,31,43504165,68,27.0,31913863,37,15.0,191483178,340.15,718267,145,95.18,C (90-100%),2.71,Con chó
000117002023000,Xe đạp thống nhất TE Bunny 16 Kem,KIDBIKE_2,Xe trẻ em nhóm 2,Xe Bunny 16,Kem,70014403,96,52,46,23500000,47,19.0,46514403,49,33.0,279086418,1087.6,729317,148,95.49,C (90-100%),2.52,Dấu hỏi
000116002023000,Xe đạp thống nhất TE Love 16 Kem,KIDBIKE_2,Xe trẻ em nhóm 2,Xe Love 16,Kem,40638331,58,28,23,5000000,10,7.0,35638331,48,21.0,213829986,4176.6,700661,185,98.5,C (90-100%),1.46,Dấu hỏi
1000310050010000,Xe đạp Thống Nhất Road RPD 700C Đen,SPORTBIKE_A,Xe thể thao nhôm,Xe Road RPD 700C,Đen,501888337,178,61,33,501888337,178,61.0,0,0,0.0,0,-100.0,2819597,39,58.87,A (top 70%),20.53,Ngôi sao
1000300050200000,Xe đạp Thống Nhất MTB SPD 27.5 (xanh da trời),SPORTBIKE_A,Xe thể thao nhôm,Xe MTB SPD 27.5,trời,488659169,166,60,35,488659169,166,60.0,0,0,0.0,0,-100.0,2943730,41,60.3,A (top 70%),19.99,Ngôi sao
1000310050080000,Xe đạp Thống Nhất Road RPD 700C Ghi,SPORTBIKE_A,Xe thể thao nhôm,Xe Road RPD 700C,Ghi,248844060,105,46,36,122550000,57,29.0,126294060,48,17.0,757764360,518.33,2369943,85,82.48,B (70-90%),10.18,Ngôi sao
1000300050010000,Xe đạp Thống Nhất MTB SPD 27.5 ( Đen),SPORTBIKE_A,Xe thể thao nhôm,Xe MTB SPD 27.5,Đen,247494445,107,58,46,242966667,106,57.0,4527778,1,1.0,27166668,-88.82,2313032,87,83.2,B (70-90%),10.12,Ngôi sao
100029005001000,Xe đạp Thống Nhất Touring Blade 700C Đen,SPORTBIKE_A,Xe thể thao nhôm,Xe Touring Blade 700C,Đen,184335181,57,36,29,184335181,57,36.0,0,0,0.0,0,-100.0,3233951,99,86.76,B (70-90%),7.54,Ngôi sao
100029005020000,Xe đạp Thống Nhất Touring Blade 700C Xanh,SPORTBIKE_A,Xe thể thao nhôm,Xe Touring Blade 700C,Xanh,161702312,48,30,24,161702312,48,30.0,0,0,0.0,0,-100.0,3368798,103,87.74,B (70-90%),6.61,Ngôi sao
1000300050080000,Xe đạp Thống Nhất MTB SPD 27.5 ( Ghi),SPORTBIKE_A,Xe thể thao nhôm,Xe MTB SPD 27.5,Ghi,157861112,69,44,31,157861112,69,44.0,0,0,0.0,0,-100.0,2287842,110,89.36,B (70-90%),6.46,Ngôi sao
1000310050200000,Xe đạp Thống Nhất Road RPD 700C Xanh da trời,SPORTBIKE_A,Xe thể thao nhôm,Xe Road RPD 700C,trời,115398719,41,17,16,91420388,32,12.0,23978331,9,5.0,143869986,57.37,2814603,127,92.75,C (90-100%),4.72,Ngôi sao
1000350050220000,"Xe đạp Thống Nhất MTB Cyper 2024 27.5""  Ghi",SPORTBIKE_A,Xe thể thao nhôm,Xe MTB Cyber 27.5 2024,Ghi,94480656,31,23,20,94480656,31,23.0,0,0,0.0,0,-100.0,3047763,135,93.96,C (90-100%),3.86,Ngôi sao
100035005001000,"Xe đạp Thống Nhất MTB Cyper 2024 27.5""  Đen",SPORTBIKE_A,Xe thể thao nhôm,Xe MTB Cyber 27.5 2024,Đen,63680288,21,15,14,63680288,21,15.0,0,0,0.0,0,-100.0,3032395,162,96.85,C (90-100%),2.6,Dấu hỏi
1010020010050000,"Xe đạp Thống Nhất GRX AT 27,5_2.0_17 Cam",SPORTBIKE_A,Xe thể thao nhôm,"Xe GRX AT 27,5_2.0",Cam,63500000,20,8,8,63500000,20,8.0,0,0,0.0,0,-100.0,3175000,163,96.94,C (90-100%),2.6,Dấu hỏi
1010020000050000,"Xe đạp Thống Nhất GRX AT 27,5_2.0_15 Cam",SPORTBIKE_A,Xe thể thao nhôm,"Xe GRX AT 27,5_2.0",Cam,42253703,7,5,4,42253703,7,5.0,0,0,0.0,0,-100.0,6036243,184,98.44,C (90-100%),1.73,Dấu hỏi
1010020010080000,"Xe đạp Thống Nhất GRX AT 27,5_2.0_17 Ghi",SPORTBIKE_A,Xe thể thao nhôm,"Xe GRX AT 27,5_2.0",Ghi,21600000,9,6,5,21600000,9,6.0,0,0,0.0,0,-100.0,2400000,203,99.26,C (90-100%),0.88,Dấu hỏi
1010020010220000,"Xe đạp Thống Nhất GRX AT 27,5_2.0_17 Xanh dương",SPORTBIKE_A,Xe thể thao nhôm,"Xe GRX AT 27,5_2.0",Xanh dương,20600000,6,5,5,20600000,6,5.0,0,0,0.0,0,-100.0,3433333,206,99.35,C (90-100%),0.84,Dấu hỏi
100028005008000,Xe đạp Thống Nhất MTB Cyper 27.5 Ghi,SPORTBIKE_A,Xe thể thao nhôm,Xe MTB Cyber 27.5,Ghi,18323104,6,4,4,18323104,6,4.0,0,0,0.0,0,-100.0,3053851,213,99.55,C (90-100%),0.75,Dấu hỏi
1010020000080000,"Xe đạp Thống Nhất GRX AT 27,5_2.0_15 Ghi",SPORTBIKE_A,Xe thể thao nhôm,"Xe GRX AT 27,5_2.0",Ghi,9890741,2,2,2,9890741,2,2.0,0,0,0.0,0,-100.0,4945370,231,99.9,C (90-100%),0.4,Dấu hỏi
100028005020000,Xe đạp Thống Nhất MTB Cyper 27.5 Xanh,SPORTBIKE_A,Xe thể thao nhôm,Xe MTB Cyber 27.5,Xanh,4066667,1,1,1,4066667,1,1.0,0,0,0.0,0,-100.0,4066667,241,99.98,C (90-100%),0.17,Dấu hỏi
000335002001000,Xe đạp Thống Nhất Super 24 Đen,SPORTBIKE_S,Xe thể thao thép,Xe Super 24,Đen,718213012,358,135,84,336265644,185,76.0,381947368,173,59.0,2291684208,581.51,2006182,24,46.04,A (top 70%),21.71,Ngôi sao
000335002013000,Xe đạp Thống Nhất Super 24 Xanh,SPORTBIKE_S,Xe thể thao thép,Xe Super 24,Xanh,290653504,202,85,65,197682408,154,53.0,92971096,48,32.0,557826576,182.18,1438879,71,77.06,B (70-90%),8.78,Ngôi sao
000231003002000,Xe đạp Thống Nhất M2601 Trắng,SPORTBIKE_S,Xe thể thao thép,Xe M2601,Trắng,204113606,84,21,4,204113606,84,21.0,0,0,0.0,0,-100.0,2429924,92,84.79,B (70-90%),6.17,Ngôi sao
000329002004001,Xe đạp Thống Nhất MTB 26-07 Tem đỏ,SPORTBIKE_S,Xe thể thao thép,Xe MTB 26-07,Tem đỏ,202222222,78,1,1,202222222,78,1.0,0,0,0.0,0,-100.0,2592593,93,85.09,B (70-90%),6.11,Ngôi sao
000329002005000,Xe đạp Thống Nhất MTB 26-07 Tem cam,SPORTBIKE_S,Xe thể thao thép,Xe MTB 26-07,Tem cam,199629629,77,1,1,199629629,77,1.0,0,0,0.0,0,-100.0,2592593,94,85.38,B (70-90%),6.03,Ngôi sao
000333002001000,Xe đạp Thống Nhất Super 26 đen,SPORTBIKE_S,Xe thể thao thép,Xe Super 26,đen,195981018,150,69,56,195981018,150,69.0,0,0,0.0,0,-100.0,1306540,95,85.66,B (70-90%),5.92,Ngôi sao
000335002004000,Xe đạp Thống Nhất Super 24 Đỏ,SPORTBIKE_S,Xe thể thao thép,Xe Super 24,Đỏ,160701006,107,64,61,84900462,70,38.0,75800544,37,26.0,454803264,435.69,1501879,106,88.44,B (70-90%),4.86,Ngôi sao
000333002022000,Xe đạp Thống Nhất Super 26 xanh,SPORTBIKE_S,Xe thể thao thép,Xe Super 26,xanh,160120740,119,64,53,157818518,118,63.0,2302222,1,1.0,13813332,-91.25,1345552,107,88.67,B (70-90%),4.84,Ngôi sao
000217004022000,Xe đạp Thống Nhất GN 06-26 2.0 Pro Xanh dương,SPORTBIKE_S,Xe thể thao thép,Xe GN 06-26 2.0 Pro,Xanh dương,150564907,82,18,7,150564907,82,18.0,0,0,0.0,0,-100.0,1836157,112,89.81,B (70-90%),4.55,Ngôi sao
000324000180000,Xe đạp Thống Nhất MTB 26-05_2023 Đen mờ,SPORTBIKE_S,Xe thể thao thép,Xe MTB 26-05_2023,mờ,110216378,70,35,27,78929166,57,28.0,31287212,13,7.0,187723272,137.84,1574520,129,93.07,C (90-100%),3.33,Ngôi sao
000231003022000,Xe đạp Thống Nhất M2601 Xanh dương,SPORTBIKE_S,Xe thể thao thép,Xe M2601,Xanh dương,102376943,41,17,16,102376943,41,17.0,0,0,0.0,0,-100.0,2496999,132,93.53,C (90-100%),3.09,Ngôi sao
000217004008000,Xe đạp Thống Nhất GN 06-26 2.0 Pro Ghi,SPORTBIKE_S,Xe thể thao thép,Xe GN 06-26 2.0 Pro,Ghi,86927870,51,9,6,83696389,50,8.0,3231481,1,1.0,19388886,-76.83,1704468,138,94.35,C (90-100%),2.63,Ngôi sao
000413002001000,Xe đạp Thống Nhất Highway 27.5 Đen bóng,SPORTBIKE_S,Xe thể thao thép,Xe Highway 27.5,bóng,85821943,45,30,26,46202314,31,18.0,39619629,14,12.0,237717774,414.51,1907154,139,94.47,C (90-100%),2.59,Ngôi sao
000324000100000,Xe đạp Thống Nhất MTB 26-05_2023 Xanh rêu,SPORTBIKE_S,Xe thể thao thép,Xe MTB 26-05_2023,rêu,84405084,53,23,21,60341203,43,16.0,24063881,10,7.0,144383286,139.28,1592549,141,94.72,C (90-100%),2.55,Ngôi sao
000413002022000,Xe đạp Thống Nhất Highway 27.5 Xanh dương,SPORTBIKE_S,Xe thể thao thép,Xe Highway 27.5,Xanh dương,81416572,42,28,24,47256943,30,18.0,34159629,12,10.0,204957774,333.71,1938490,143,94.96,C (90-100%),2.46,Ngôi sao
000217004005000,Xe đạp Thống Nhất GN 06-26 2.0 Pro Cam,SPORTBIKE_S,Xe thể thao thép,Xe GN 06-26 2.0 Pro,Cam,67255278,45,7,4,67255278,45,7.0,0,0,0.0,0,-100.0,1494562,154,96.09,C (90-100%),2.03,Ngôi sao
000231003002001,Xe đạp Thống Nhất M2601 Shimano Trắng (tem tím),SPORTBIKE_S,Xe thể thao thép,Xe M2601 Shimano,tím,66462500,25,14,13,66462500,25,14.0,0,0,0.0,0,-100.0,2658500,157,96.38,C (90-100%),2.01,Ngôi sao
000324000040000,Xe đạp Thống Nhất MTB 26-05_2023 Đỏ đun,SPORTBIKE_S,Xe thể thao thép,Xe MTB 26-05_2023,Đỏ đun,45996849,30,10,10,36379630,26,7.0,9617219,4,3.0,57703314,58.61,1533228,176,97.93,C (90-100%),1.39,Dấu hỏi
000231003022001,Xe đạp Thống Nhất M2601 Shimano Xanh (tem trắng),SPORTBIKE_S,Xe thể thao thép,Xe M2601 Shimano,trắng,42536000,16,9,9,42536000,16,9.0,0,0,0.0,0,-100.0,2658500,182,98.31,C (90-100%),1.29,Dấu hỏi
000231003005001,Xe đạp Thống Nhất M2601 Shimano Đen (tem cam),SPORTBIKE_S,Xe thể thao thép,Xe M2601 Shimano,cam,42536000,16,8,8,42536000,16,8.0,0,0,0.0,0,-100.0,2658500,183,98.38,C (90-100%),1.29,Dấu hỏi
000231003023001,Xe đạp Thống Nhất M2601 Shimano Đen (tem xanh),SPORTBIKE_S,Xe thể thao thép,Xe M2601 Shimano,xanh,31902000,12,6,6,31902000,12,6.0,0,0,0.0,0,-100.0,2658500,192,98.87,C (90-100%),0.96,Dấu hỏi
000217004008001,Xe đạp Thống Nhất GN 06-26 2.0 Pro Shimano Ghi,SPORTBIKE_S,Xe thể thao thép,Xe GN 06-26 2.0 Pro Shimano,Ghi,23335000,10,8,7,23335000,10,8.0,0,0,0.0,0,-100.0,2333500,197,99.06,C (90-100%),0.71,Dấu hỏi
000413002003000,Xe đạp Thống Nhất Highway 27.5 Đỏ đun,SPORTBIKE_S,Xe thể thao thép,Xe Highway 27.5,Đỏ đun,23200000,16,6,5,23200000,16,6.0,0,0,0.0,0,-100.0,1450000,198,99.09,C (90-100%),0.7,Dấu hỏi
000413002018000,Xe đạp Thống Nhất Highway 27.5 Đen mờ,SPORTBIKE_S,Xe thể thao thép,Xe Highway 27.5,mờ,23002315,15,5,4,23002315,15,5.0,0,0,0.0,0,-100.0,1533488,200,99.16,C (90-100%),0.7,Dấu hỏi
000231003023000,Xe đạp Thống Nhất M2601 Đen Tem Xanh,SPORTBIKE_S,Xe thể thao thép,Xe M2601,Xanh,16800000,14,13,13,16800000,14,13.0,0,0,0.0,0,-100.0,1200000,215,99.6,C (90-100%),0.51,Dấu hỏi
000314002005000,Xe đạp Thống Nhất MTB 24-04 Tem cam,SPORTBIKE_S,Xe thể thao thép,Xe MTB 24-04,Tem cam,16500462,13,3,3,16500462,13,3.0,0,0,0.0,0,-100.0,1269266,217,99.65,C (90-100%),0.5,Dấu hỏi
000231003005000,Xe đạp Thống Nhất M2601 Đen Tem cam,SPORTBIKE_S,Xe thể thao thép,Xe M2601,Tem cam,14401388,11,11,11,14401388,11,11.0,0,0,0.0,0,-100.0,1309217,219,99.69,C (90-100%),0.44,Dấu hỏi
000218004009001,Xe đạp Thống Nhất GN 06-27 2.0 Pro BLACKPINK,SPORTBIKE_S,Xe thể thao thép,Xe GN 06-27 2.0 Pro,BLACKPINK,12150000,9,1,1,12150000,9,1.0,0,0,0.0,0,-100.0,1350000,224,99.79,C (90-100%),0.37,Dấu hỏi
000314002020000,Xe đạp Thống Nhất MTB 24-04 Tem Xanh da trời,SPORTBIKE_S,Xe thể thao thép,Xe MTB 24-04,trời,12053425,5,2,2,12053425,5,2.0,0,0,0.0,0,-100.0,2410685,225,99.81,C (90-100%),0.36,Dấu hỏi
000218004005000,Xe đạp Thống Nhất GN 06-27 2.0 Pro Cam,SPORTBIKE_S,Xe thể thao thép,Xe GN 06-27 2.0 Pro,Cam,11448796,5,4,4,11448796,5,4.0,0,0,0.0,0,-100.0,2289759,226,99.82,C (90-100%),0.35,Dấu hỏi
000218004008000,Xe đạp Thống Nhất GN 06-27 2.0 Pro Ghi,SPORTBIKE_S,Xe thể thao thép,Xe GN 06-27 2.0 Pro,Ghi,11400648,8,6,6,11400648,8,6.0,0,0,0.0,0,-100.0,1425081,227,99.84,C (90-100%),0.34,Dấu hỏi
000218004008001,Xe đạp Thống Nhất GN 06-27 2.0 Pro Shimano Ghi,SPORTBIKE_S,Xe thể thao thép,Xe GN 06-27 2.0 Pro Shimano,Ghi,7195500,3,2,2,7195500,3,2.0,0,0,0.0,0,-100.0,2398500,233,99.92,C (90-100%),0.22,Dấu hỏi
000217004022001,Xe đạp Thống Nhất GN 06-26 2.0 Pro Shimano Xanh,SPORTBIKE_S,Xe thể thao thép,Xe GN 06-26 2.0 Pro Shimano,Xanh,4667000,2,2,2,4667000,2,2.0,0,0,0.0,0,-100.0,2333500,237,99.96,C (90-100%),0.14,Dấu hỏi
000314002019000,Xe đạp Thống Nhất MTB 24-04 Tem vàng,SPORTBIKE_S,Xe thể thao thép,Xe MTB 24-04,vàng,2488241,1,1,1,2488241,1,1.0,0,0,0.0,0,-100.0,2488241,244,99.99,C (90-100%),0.08,Dấu hỏi
