customer_code,customer_name,province_name,region,first_order_date,last_order_date_q1_2025,cohort_month,recency_days,n_orders_q1_2025,revenue_q1_2025,quantity_q1_2025,avg_order_value_q1_2025,n_product_groups_q1_2025,trend_slope,groups_bought,churn_label,rfm_r,rfm_f,rfm_m,rfm_segment,churn_prob,churn_split,churn_priority,roc_auc_test,n_orders_q1_2026,revenue_q1_2026,quantity_q1_2026
KH-00001,HỘ KINH DOANH TÚ ANH,Hà Nội,Miền Bắc,2025-01-02,2025-03-26,2025-01,5,3,11527779,5,3842593.0,1,6916667.0,CITYBIKE_P,1,4,5,1,Khách hàng trung thành,0.9907,train,Cao,0.8046,0.0,0,0.0
KH-00002,CÔNG TY TNHH THƯƠNG MẠI VIỆT ANH,Hà Nội,Miền Bắc,2025-01-06,2025-01-06,2025-01,84,1,3509259,1,3509259.0,1,0.0,SPORTBIKE_S,1,1,2,1,Có nguy cơ rời bỏ,0.9779,test,Cao,0.8046,0.0,0,0.0
KH-00003,CÔNG TY CỔ PHẦN THƯƠNG MẠI NAM TIẾN,Hà Nội,Miền Bắc,2025-01-06,2025-01-06,2025-01,84,1,2398148,1,2398148.0,1,0.0,CITYBIKE_P,1,1,2,1,Có nguy cơ rời bỏ,0.9779,train,Cao,0.8046,0.0,0,0.0
KH-00004,DOANH NGHIỆP TW KHẢI HOÀN,,,2025-01-06,2025-03-28,2025-01,3,7,195378519,159,27911217.0,5,61825740.5,CITYBIKE_P|KIDBIKE_1|KIDBIKE_2|SPORTBIKE_A|SPORTBIKE_S,0,4,5,5,Khách hàng tiêu biểu,0.0797,train,Thấp,0.8046,3.0,78361833,48.0
KH-00005,CÔNG TY TNHH ĐẠI LỢI,Hà Nội,Miền Bắc,2025-01-07,2025-01-07,2025-01,83,1,4425926,2,4425926.0,1,0.0,CITYBIKE_P,1,1,2,1,Có nguy cơ rời bỏ,0.9779,train,Cao,0.8046,0.0,0,0.0
KH-00006,CÔNG TY TNHH CHI THÀNH,TP. Hồ Chí Minh,Miền Nam,2025-01-07,2025-03-21,2025-01,10,26,534583903,325,20560919.0,3,46455267.5,CITYBIKE_P|KIDBIKE_2|SPORTBIKE_S,0,3,5,5,Cần theo dõi,0.0262,train,Thấp,0.8046,41.0,559333665,343.0
KH-00007,CÔNG TY TNHH THƯƠNG MẠI ĐẠI LỢI,Lê Hoàn - Thị trấn Thọ Xuân - Huyện Thọ Xuân - Thanh Hoá,Miền Bắc,2025-01-08,2025-03-20,2025-01,11,3,282381204,175,94127068.0,3,-212701204.0,CITYBIKE_P|KIDBIKE_1|SPORTBIKE_A,0,2,5,5,Cần chăm sóc đặc biệt,0.0392,train,Thấp,0.8046,4.0,324075674,204.0
KH-00008,CÔNG TY CỔ PHẦN YÊN BÌNH,Hưng Yên,Miền Bắc,2025-01-09,2025-01-09,2025-01,81,1,6648148,2,6648148.0,1,0.0,SPORTBIKE_S,0,1,2,1,Có nguy cơ rời bỏ,0.1084,train,Thấp,0.8046,1.0,7037038,2.0
KH-00009,CỬA HÀNG XE ĐẠP THIÊN AN,Hà Nội,Miền Bắc,2025-01-09,2025-01-09,2025-01,81,1,44444444,20,44444444.0,1,0.0,CITYBIKE_P,0,1,2,3,Có nguy cơ rời bỏ,0.1089,train,Thấp,0.8046,1.0,44444444,20.0
KH-00010,CỬA HÀNG XE ĐẠP QUANG VINH,Thái Nguyên,Miền Bắc,2025-01-09,2025-03-25,2025-01,6,5,210870876,188,42174175.0,4,64070352.0,CITYBIKE_P|KIDBIKE_1|KIDBIKE_2|SPORTBIKE_A,0,3,5,5,Cần theo dõi,0.0756,train,Thấp,0.8046,2.0,109468672,77.0
KH-00011,DOANH NGHIỆP TW NAM TIẾN,Hà Nội,Miền Bắc,2025-01-09,2025-03-06,2025-01,25,2,4611112,2,2305556.0,1,-0.0,CITYBIKE_P,1,2,4,1,Cần chăm sóc đặc biệt,0.9804,test,Cao,0.8046,0.0,0,0.0
KH-00012,HỘ KINH DOANH THIÊN AN,Hà Nội,Miền Bắc,2025-01-10,2025-03-10,2025-01,21,2,5185186,2,2592593.0,1,-0.0,CITYBIKE_P,1,2,4,1,Cần chăm sóc đặc biệt,0.9804,train,Cao,0.8046,0.0,0,0.0
KH-00013,DOANH NGHIỆP TW THANH BÌNH,Hưng Yên,Miền Bắc,2025-01-10,2025-01-10,2025-01,80,1,2490741,1,2490741.0,0,0.0,,1,1,2,1,Có nguy cơ rời bỏ,0.9869,train,Cao,0.8046,0.0,0,0.0
KH-00014,HỘ KINH DOANH LONG PHÚ,Bắc Ninh,Miền Bắc,2025-01-10,2025-03-17,2025-01,14,3,119270000,119,39756667.0,4,1190000.0,CITYBIKE_P|KIDBIKE_1|KIDBIKE_2|SPORTBIKE_S,0,2,5,5,Cần chăm sóc đặc biệt,0.112,train,Thấp,0.8046,1.0,39473324,21.0
KH-00015,DOANH NGHIỆP TW MINH PHƯƠNG,Phú Thọ,Miền Bắc,2025-01-10,2025-03-25,2025-01,6,3,77930000,55,25976667.0,4,31510000.0,CITYBIKE_P|KIDBIKE_1|SPORTBIKE_A|SPORTBIKE_S,1,3,5,4,Cần theo dõi,0.9727,train,Cao,0.8046,0.0,0,0.0
KH-00016,DOANH NGHIỆP TW VIỆT ANH,Quảng Trị,Miền Trung,2025-01-10,2025-03-26,2025-01,5,4,93910000,78,23477500.0,2,20450000.0,CITYBIKE_P|KIDBIKE_1,1,4,5,5,Khách hàng tiêu biểu,0.9053,test,Cao,0.8046,0.0,0,0.0
KH-00017,CỬA HÀNG XE ĐẠP THUỶ TIÊN,TT Hương Sơn- Phú Bình- Thái Nguyên,Miền Bắc,2025-01-10,2025-01-10,2025-01,80,1,23350000,20,23350000.0,1,0.0,CITYBIKE_P,1,1,2,2,Có nguy cơ rời bỏ,0.9276,train,Cao,0.8046,0.0,0,0.0
KH-00018,CÔNG TY TNHH THƯƠNG MẠI PHÚ THỊNH,Hà Nội,Miền Bắc,2025-01-10,2025-03-21,2025-01,10,3,125901481,112,41967160.0,4,-67938519.0,CITYBIKE_P|KIDBIKE_1|KIDBIKE_2|SPORTBIKE_S,0,3,5,5,Cần theo dõi,0.4116,test,Trung bình,0.8046,3.0,144333378,96.0
KH-00019,CÔNG TY CỔ PHẦN THƯƠNG MẠI LÊ ANH,TP. Hồ Chí Minh,Miền Nam,2025-01-11,2025-03-25,2025-01,6,15,1315502218,730,87700148.0,5,10402133.5,CITYBIKE_P|KIDBIKE_1|KIDBIKE_2|SPORTBIKE_A|SPORTBIKE_S,0,3,5,5,Cần theo dõi,0.0485,train,Thấp,0.8046,42.0,2306399537,1072.0
KH-00020,DOANH NGHIỆP TW TRƯỜNG THỊNH,Hà Nội,Miền Bắc,2025-01-11,2025-01-11,2025-01,79,1,124583332,60,124583332.0,1,0.0,CITYBIKE_P,1,1,2,5,Có nguy cơ rời bỏ,0.9385,train,Cao,0.8046,0.0,0,0.0
KH-00021,HỘ KINH DOANH XÂY DỰNG,Hà Nội,Miền Bắc,2025-01-11,2025-01-11,2025-01,79,1,87037037,40,87037037.0,1,0.0,CITYBIKE_P,1,1,2,4,Có nguy cơ rời bỏ,0.9559,train,Cao,0.8046,0.0,0,0.0
KH-00022,CÔNG TY CỔ PHẦN VIỆT ANH,Hà Nội,Miền Bắc,2025-01-13,2025-03-25,2025-01,6,12,139426647,122,11618887.0,5,16383323.5,CITYBIKE_P|KIDBIKE_1|KIDBIKE_2|SPORTBIKE_A|SPORTBIKE_S,0,3,5,5,Cần theo dõi,0.0424,train,Thấp,0.8046,5.0,47703881,28.0
KH-00023,CÔNG TY TNHH THANH BÌNH,Hà Nội,Miền Bắc,2025-01-13,2025-03-19,2025-01,12,4,561667591,382,140416898.0,2,-140111110.0,CITYBIKE_P|KIDBIKE_1,0,2,5,5,Cần chăm sóc đặc biệt,0.3543,test,Trung bình,0.8046,2.0,230648146,150.0
KH-00024,CÔNG TY TNHH MINH PHƯƠNG,Ninh Bình,Miền Bắc,2025-01-13,2025-03-25,2025-01,6,6,266430000,220,44405000.0,3,29185000.0,CITYBIKE_P|KIDBIKE_1|SPORTBIKE_S,0,3,5,5,Cần theo dõi,0.0652,train,Thấp,0.8046,5.0,331010112,195.0
KH-00025,DOANH NGHIỆP TW SƠN HÀ,Thanh Hoá,Miền Trung,2025-01-13,2025-01-13,2025-01,77,1,13277778,6,13277778.0,1,0.0,CITYBIKE_P,1,1,2,1,Có nguy cơ rời bỏ,0.9638,train,Cao,0.8046,0.0,0,0.0
KH-00026,CÔNG TY CỔ PHẦN LÊ ANH,Thanh Hóa,Miền Trung,2025-01-13,2025-01-13,2025-01,77,1,7777778,3,7777778.0,1,0.0,CITYBIKE_P,1,1,2,1,Có nguy cơ rời bỏ,0.9619,test,Cao,0.8046,0.0,0,0.0
KH-00027,HỘ KINH DOANH ĐẠI DƯƠNG,Hà Nội,Miền Bắc,2025-01-13,2025-03-25,2025-01,6,6,68267254,50,11377876.0,5,90412.0,CITYBIKE_P|KIDBIKE_1|KIDBIKE_2|SPORTBIKE_A|SPORTBIKE_S,0,3,5,4,Cần theo dõi,0.0472,train,Thấp,0.8046,4.0,153786253,90.0
KH-00028,DOANH NGHIỆP TW PHÚ THỊNH,Phú Thọ,Miền Bắc,2025-01-15,2025-03-28,2025-01,3,2,51050000,43,25525000.0,4,-17970000.0,CITYBIKE_P|KIDBIKE_1|KIDBIKE_2|SPORTBIKE_S,1,4,4,3,Khách hàng trung thành,0.9885,test,Cao,0.8046,0.0,0,0.0
KH-00029,CÔNG TY TNHH THƯƠNG MẠI THANH BÌNH,Phan Thiết,Miền Bắc,2025-01-16,2025-01-16,2025-01,74,1,4055556,2,4055556.0,0,0.0,,1,1,2,1,Có nguy cơ rời bỏ,0.9846,train,Cao,0.8046,0.0,0,0.0
KH-00030,CỬA HÀNG XE ĐẠP BÌNH MINH,Bắc Giang,Miền Bắc,2025-01-16,2025-01-16,2025-01,74,1,680818519,307,680818519.0,3,0.0,CITYBIKE_P|SPORTBIKE_A|SPORTBIKE_S,0,1,2,5,Có nguy cơ rời bỏ,0.0133,train,Thấp,0.8046,1.0,685527778,309.0
KH-00031,CÔNG TY CỔ PHẦN THƯƠNG MẠI ĐẠI DƯƠNG,Hà Nội,Miền Bắc,2025-01-16,2025-01-16,2025-01,74,1,4907408,2,4907408.0,1,0.0,CITYBIKE_P,1,1,2,1,Có nguy cơ rời bỏ,0.9846,train,Cao,0.8046,0.0,0,0.0
KH-00032,HỘ KINH DOANH CHI THÀNH,Hà Nội,Miền Bắc,2025-01-16,2025-01-16,2025-01,74,1,1935185,1,1935185.0,0,0.0,,1,1,2,1,Có nguy cơ rời bỏ,0.9846,train,Cao,0.8046,0.0,0,0.0
KH-00033,CỬA HÀNG XE ĐẠP HÙNG CƯỜNG,Hà Nội,Miền Bắc,2025-01-17,2025-01-17,2025-01,73,1,11064815,5,11064815.0,1,0.0,CITYBIKE_P,1,1,2,1,Có nguy cơ rời bỏ,0.9575,train,Cao,0.8046,0.0,0,0.0
KH-00034,CÔNG TY TNHH BÌNH MINH,Đà Nẵng,Miền Trung,2025-01-18,2025-02-20,2025-01,39,2,32750000,28,16375000.0,3,9250000.0,CITYBIKE_P|KIDBIKE_1|SPORTBIKE_S,1,1,4,2,Cần chăm sóc đặc biệt,0.9881,train,Cao,0.8046,0.0,0,0.0
KH-00035,CỬA HÀNG XE ĐẠP TÂY BẮC,Đà Nẵng,Miền Trung,2025-01-18,2025-03-28,2025-01,3,4,63200000,51,15800000.0,2,33200000.0,CITYBIKE_P|SPORTBIKE_S,1,4,5,4,Khách hàng tiêu biểu,0.9402,train,Cao,0.8046,0.0,0,0.0
KH-00036,CÔNG TY TNHH THƯƠNG MẠI PHÚC AN,Hà Nội,Miền Bắc,2025-01-20,2025-02-07,2025-01,52,3,46324073,7,15441358.0,1,-16361111.0,SPORTBIKE_A,1,1,5,3,Cần chăm sóc đặc biệt,0.9347,train,Cao,0.8046,0.0,0,0.0
KH-00037,CÔNG TY TNHH THƯƠNG MẠI THANH BÌNH,Hà Nội,Miền Bắc,2025-01-20,2025-01-20,2025-01,70,1,3879630,1,3879630.0,1,0.0,SPORTBIKE_S,1,1,2,1,Có nguy cơ rời bỏ,0.9846,train,Cao,0.8046,0.0,0,0.0
KH-00038,DOANH NGHIỆP TW TÂN TIẾN,Thái Nguyên,Miền Bắc,2025-01-20,2025-02-21,2025-01,38,2,106679035,86,53339518.0,2,41979035.0,CITYBIKE_P|SPORTBIKE_A,1,2,4,5,Cần chăm sóc đặc biệt,0.9775,train,Cao,0.8046,0.0,0,0.0
KH-00039,CÔNG TY CỔ PHẦN ĐÔNG NAM,Phú Quốc,Miền Bắc,2025-01-21,2025-01-21,2025-01,69,1,153703695,60,153703695.0,3,0.0,KIDBIKE_1|KIDBIKE_2|SPORTBIKE_S,0,1,2,5,Có nguy cơ rời bỏ,0.0405,test,Thấp,0.8046,1.0,61250010,30.0
KH-00040,CÔNG TY TNHH VẠN LỢI,Vinh,Miền Bắc,2025-01-21,2025-03-29,2025-01,2,3,293400000,163,97800000.0,1,-69300000.0,KIDBIKE_1,1,5,5,5,Khách hàng tiêu biểu,0.8566,train,Cao,0.8046,0.0,0,0.0
KH-00041,CỬA HÀNG XE ĐẠP ĐÔNG NAM,Thanh Hóa,Miền Trung,2025-01-22,2025-01-22,2025-01,68,1,11064815,5,11064815.0,1,0.0,CITYBIKE_P,1,1,2,1,Có nguy cơ rời bỏ,0.9575,train,Cao,0.8046,0.0,0,0.0
KH-00042,HỘ KINH DOANH MẶT TRỜI,Hà Nội,Miền Bắc,2025-01-22,2025-03-28,2025-01,3,6,122314323,76,20385720.0,3,12413189.0,CITYBIKE_P|KIDBIKE_1|SPORTBIKE_S,0,4,5,5,Khách hàng tiêu biểu,0.0264,train,Thấp,0.8046,2.0,78345994,52.0
KH-00043,CÔNG TY TNHH LONG PHÚ,TP Đà Nẵng,Miền Bắc,2025-01-22,2025-02-20,2025-01,39,3,30650000,26,10216667.0,3,25930000.0,CITYBIKE_P|KIDBIKE_1|SPORTBIKE_S,1,1,5,2,Cần chăm sóc đặc biệt,0.9881,train,Cao,0.8046,0.0,0,0.0
KH-00044,CÔNG TY TNHH THƯƠNG MẠI NGỌC ANH,Tam Kỳ,Miền Bắc,2025-01-23,2025-01-23,2025-01,67,1,29250000,26,29250000.0,2,0.0,CITYBIKE_P|KIDBIKE_1,0,1,2,2,Có nguy cơ rời bỏ,0.4872,train,Trung bình,0.8046,1.0,47775542,30.0
KH-00045,CÔNG TY TNHH AN PHÁT,Quảng Nam,Miền Trung,2025-01-23,2025-01-23,2025-01,67,1,18111112,4,18111112.0,1,0.0,SPORTBIKE_A,1,1,2,2,Có nguy cơ rời bỏ,0.7701,test,Cao,0.8046,0.0,0,0.0
KH-00046,CÔNG TY CỔ PHẦN THƯƠNG MẠI MẶT TRỜI,Đồng Hới,Miền Bắc,2025-01-24,2025-03-17,2025-01,14,2,213842071,136,106921036.0,2,2487507.0,CITYBIKE_P|KIDBIKE_1,0,2,4,5,Cần chăm sóc đặc biệt,0.0457,train,Thấp,0.8046,1.0,78322761,45.0
KH-00047,CÔNG TY CỔ PHẦN THƯƠNG MẠI TÚ ANH,Vĩnh Phúc,Miền Bắc,2025-02-04,2025-02-04,2025-02,55,1,36180000,30,36180000.0,1,0.0,CITYBIKE_P,1,1,2,3,Có nguy cơ rời bỏ,0.9567,train,Cao,0.8046,0.0,0,0.0
KH-00048,CÔNG TY TNHH THUỶ TIÊN,Hà Nội,Miền Bắc,2025-02-05,2025-02-20,2025-02,39,3,13277778,6,4425926.0,1,0.0,CITYBIKE_P,1,1,5,1,Cần chăm sóc đặc biệt,0.9804,train,Cao,0.8046,0.0,0,0.0
KH-00049,CÔNG TY CỔ PHẦN THUỶ TIÊN,Bắc Ninh,Miền Bắc,2025-02-07,2025-03-28,2025-02,3,3,87930080,36,29310027.0,4,-29393984.0,CITYBIKE_P|KIDBIKE_1|SPORTBIKE_A|SPORTBIKE_S,0,4,5,4,Khách hàng tiêu biểu,0.9144,test,Cao,0.8046,2.0,37276660,18.0
KH-00050,CÔNG TY TNHH AN PHÁT,Hải Dương,Miền Bắc,2025-02-07,2025-02-07,2025-02,52,1,2305556,1,2305556.0,1,0.0,CITYBIKE_P,1,1,2,1,Có nguy cơ rời bỏ,0.9867,train,Cao,0.8046,0.0,0,0.0
KH-00051,CÔNG TY CỔ PHẦN KHẢI HOÀN,Hưng Yên,Miền Bắc,2025-02-07,2025-02-07,2025-02,52,1,4611111,2,4611111.0,1,0.0,CITYBIKE_P,1,1,2,1,Có nguy cơ rời bỏ,0.9867,train,Cao,0.8046,0.0,0,0.0
KH-00052,DOANH NGHIỆP TW TÂN TIẾN,Chí Linh,Miền Bắc,2025-02-07,2025-02-07,2025-02,52,1,2212963,1,2212963.0,1,0.0,CITYBIKE_P,1,1,2,1,Có nguy cơ rời bỏ,0.9867,test,Cao,0.8046,0.0,0,0.0
KH-00053,CÔNG TY TNHH TRƯỜNG THỊNH,Hà Nội,Miền Bắc,2025-02-07,2025-02-07,2025-02,52,1,3694444,1,3694444.0,1,0.0,SPORTBIKE_S,1,1,2,1,Có nguy cơ rời bỏ,0.9867,train,Cao,0.8046,0.0,0,0.0
KH-00054,HỘ KINH DOANH TRÍ ĐỨC,Hà Nội,Miền Bắc,2025-02-10,2025-02-10,2025-02,49,1,2398148,1,2398148.0,1,0.0,CITYBIKE_P,1,1,2,1,Có nguy cơ rời bỏ,0.9867,test,Cao,0.8046,0.0,0,0.0
KH-00055,CÔNG TY TNHH THƯƠNG MẠI TÂY BẮC,Đắk Lắk,Miền Trung,2025-02-10,2025-02-10,2025-02,49,1,4983333,2,4983333.0,1,0.0,CITYBIKE_P,1,1,2,1,Có nguy cơ rời bỏ,0.9867,train,Cao,0.8046,0.0,0,0.0
KH-00056,DOANH NGHIỆP TW ĐÔNG NAM,Hà Nam,Miền Bắc,2025-02-10,2025-02-10,2025-02,49,1,33090000,30,33090000.0,3,0.0,CITYBIKE_P|KIDBIKE_1|KIDBIKE_2,1,1,2,2,Có nguy cơ rời bỏ,0.9846,train,Cao,0.8046,0.0,0,0.0
KH-00057,CÔNG TY CỔ PHẦN THƯƠNG MẠI TOÀN THẮNG,Nam Định,Miền Bắc,2025-02-10,2025-03-29,2025-02,2,5,563575152,499,112715030.0,4,258464848.0,CITYBIKE_P|KIDBIKE_1|KIDBIKE_2|SPORTBIKE_A,1,5,5,5,Khách hàng tiêu biểu,0.947,train,Cao,0.8046,0.0,0,0.0
KH-00058,DOANH NGHIỆP TW SÁN LẠP,TP Hải Dương,Miền Bắc,2025-02-10,2025-02-10,2025-02,49,1,24000000,20,24000000.0,1,0.0,CITYBIKE_P,1,1,2,2,Có nguy cơ rời bỏ,0.9719,train,Cao,0.8046,0.0,0,0.0
KH-00059,CÔNG TY TNHH TRÍ ĐỨC,Hải Dương,Miền Bắc,2025-02-10,2025-02-10,2025-02,49,1,48680000,42,48680000.0,2,0.0,CITYBIKE_P|KIDBIKE_1,1,1,2,3,Có nguy cơ rời bỏ,0.961,train,Cao,0.8046,0.0,0,0.0
KH-00060,CÔNG TY TNHH THƯƠNG MẠI VẠN LỢI,Hà Nam,Miền Bắc,2025-02-10,2025-02-10,2025-02,49,1,25550000,21,25550000.0,1,0.0,CITYBIKE_P,1,1,2,2,Có nguy cơ rời bỏ,0.9719,test,Cao,0.8046,0.0,0,0.0
KH-00061,HỘ KINH DOANH THUỶ TIÊN,Hòa Bình,Miền Bắc,2025-02-10,2025-02-10,2025-02,49,1,13730000,10,13730000.0,3,0.0,CITYBIKE_P|SPORTBIKE_A|SPORTBIKE_S,1,1,2,1,Có nguy cơ rời bỏ,0.9806,train,Cao,0.8046,0.0,0,0.0
KH-00062,CÔNG TY CỔ PHẦN YÊN BÌNH,Lạng Sơn,Miền Bắc,2025-02-10,2025-03-31,2025-02,0,2,119540000,105,59770000.0,5,-24140000.0,CITYBIKE_P|KIDBIKE_1|KIDBIKE_2|SPORTBIKE_A|SPORTBIKE_S,1,5,4,5,Khách hàng tiêu biểu,0.9376,train,Cao,0.8046,0.0,0,0.0
KH-00063,HỘ KINH DOANH VẠN LỢI,Bắc Giang,Miền Bắc,2025-02-10,2025-03-28,2025-02,3,2,51715148,28,25857574.0,2,10484852.0,SPORTBIKE_A|SPORTBIKE_S,1,4,4,3,Khách hàng trung thành,0.9856,test,Cao,0.8046,0.0,0,0.0
KH-00064,CÔNG TY TNHH SƠN HÀ,Khu 6 – TT Gia Lộc – Huyện Gia Lộc – Hải Dương,Miền Bắc,2025-02-10,2025-03-28,2025-02,3,6,363062500,290,60510417.0,5,101262500.0,CITYBIKE_P|KIDBIKE_1|KIDBIKE_2|SPORTBIKE_A|SPORTBIKE_S,1,4,5,5,Khách hàng tiêu biểu,0.0972,test,Thấp,0.8046,0.0,0,0.0
KH-00065,CÔNG TY CỔ PHẦN QUANG VINH,Hà Nội,Miền Bắc,2025-02-10,2025-03-25,2025-02,6,8,550630000,466,68828750.0,5,386270000.0,CITYBIKE_P|KIDBIKE_1|KIDBIKE_2|SPORTBIKE_A|SPORTBIKE_S,1,3,5,5,Cần theo dõi,0.9449,train,Cao,0.8046,0.0,0,0.0
KH-00066,CÔNG TY CỔ PHẦN NGỌC ANH,Hà Nộ,Miền Bắc,2025-02-10,2025-02-10,2025-02,49,1,34390000,30,34390000.0,2,0.0,CITYBIKE_P|KIDBIKE_1,1,1,2,2,Có nguy cơ rời bỏ,0.9701,train,Cao,0.8046,0.0,0,0.0
KH-00067,DOANH NGHIỆP TW NGỌC ANH,Hà Nội,Miền Bắc,2025-02-10,2025-03-31,2025-02,0,9,213946302,170,23771811.0,5,76163340.0,CITYBIKE_P|KIDBIKE_1|KIDBIKE_2|SPORTBIKE_A|SPORTBIKE_S,1,5,5,5,Khách hàng tiêu biểu,0.8998,train,Cao,0.8046,0.0,0,0.0
KH-00068,CÔNG TY CỔ PHẦN SÁN LẠP,Vĩnh Phúc,Miền Bắc,2025-02-10,2025-03-18,2025-02,13,3,48010000,56,16003333.0,2,-13030000.0,CITYBIKE_P|KIDBIKE_2,1,2,5,3,Cần chăm sóc đặc biệt,0.9284,train,Cao,0.8046,0.0,0,0.0
KH-00069,CÔNG TY TNHH MINH PHƯƠNG,Hà Nội,Miền Bắc,2025-02-11,2025-02-18,2025-02,41,2,11074074,4,5537037.0,1,0.0,CITYBIKE_P,0,1,4,1,Cần chăm sóc đặc biệt,0.2232,train,Thấp,0.8046,1.0,5537037,2.0
KH-00070,CÔNG TY TNHH THƯƠNG MẠI CHI THÀNH,TP. Hồ Chí Minh,Miền Nam,2025-02-13,2025-02-13,2025-02,46,1,8851852,4,8851852.0,1,0.0,CITYBIKE_P,1,1,2,1,Có nguy cơ rời bỏ,0.9663,test,Cao,0.8046,0.0,0,0.0
KH-00071,CỬA HÀNG XE ĐẠP BÌNH MINH,Hà Nội,Miền Bắc,2025-02-14,2025-02-14,2025-02,45,1,3509259,1,3509259.0,1,0.0,SPORTBIKE_S,1,1,2,1,Có nguy cơ rời bỏ,0.9867,train,Cao,0.8046,0.0,0,0.0
KH-00072,DOANH NGHIỆP TW PHÚC AN,Hà Tĩnh,Miền Trung,2025-02-14,2025-02-14,2025-02,45,1,3450000,3,3450000.0,1,0.0,CITYBIKE_P,1,1,2,1,Có nguy cơ rời bỏ,0.9867,train,Cao,0.8046,0.0,0,0.0
KH-00073,CỬA HÀNG XE ĐẠP KHẢI HOÀN,Thanh Hoá,Miền Trung,2025-02-14,2025-03-31,2025-02,0,2,62612500,47,31306250.0,2,-7507500.0,CITYBIKE_P|SPORTBIKE_S,1,5,4,4,Khách hàng tiêu biểu,0.9506,test,Cao,0.8046,0.0,0,0.0
KH-00074,CÔNG TY TNHH THƯƠNG MẠI HOÀ BÌNH,Hòa Bình,Miền Bắc,2025-02-14,2025-03-20,2025-02,11,2,25831481,26,12915740.0,3,-5031481.0,CITYBIKE_P|KIDBIKE_1|KIDBIKE_2,0,2,4,2,Cần chăm sóc đặc biệt,0.9738,test,Cao,0.8046,1.0,13197126,9.0
KH-00075,CÔNG TY CỔ PHẦN ĐÔNG NAM,Hà Nội,Miền Bắc,2025-02-14,2025-03-27,2025-02,4,5,312855405,238,62571081.0,4,106875405.0,CITYBIKE_P|KIDBIKE_1|SPORTBIKE_A|SPORTBIKE_S,0,4,5,5,Khách hàng tiêu biểu,0.1208,train,Thấp,0.8046,2.0,54772209,34.0
KH-00076,CỬA HÀNG XE ĐẠP ĐẠI LỢI,Bắc Giang,Miền Bắc,2025-02-14,2025-03-20,2025-02,11,3,142017573,128,47339191.0,4,-18300573.0,CITYBIKE_P|KIDBIKE_1|KIDBIKE_2|SPORTBIKE_A,0,2,5,5,Cần chăm sóc đặc biệt,0.4113,test,Trung bình,0.8046,4.0,632901688,395.0
KH-00077,CÔNG TY CỔ PHẦN THƯƠNG MẠI NGỌC ANH,Hà Nội,Miền Bắc,2025-02-14,2025-02-14,2025-02,45,1,35020000,30,35020000.0,2,0.0,CITYBIKE_P|KIDBIKE_1,1,1,2,3,Có nguy cơ rời bỏ,0.9701,test,Cao,0.8046,0.0,0,0.0
KH-00078,HỘ KINH DOANH VĨNH PHÁT,Hà Nội,Miền Bắc,2025-02-14,2025-03-31,2025-02,0,12,226371529,214,18864294.0,5,28776719.0,CITYBIKE_P|KIDBIKE_1|KIDBIKE_2|SPORTBIKE_A|SPORTBIKE_S,0,5,5,5,Khách hàng tiêu biểu,0.0496,train,Thấp,0.8046,5.0,75514516,50.0
KH-00079,CÔNG TY TNHH ĐÔNG NAM,Bắc Giang,Miền Bắc,2025-02-14,2025-03-17,2025-02,14,2,82316430,69,41158215.0,5,-37976430.0,CITYBIKE_P|KIDBIKE_1|KIDBIKE_2|SPORTBIKE_A|SPORTBIKE_S,0,2,4,4,Cần chăm sóc đặc biệt,0.1225,train,Thấp,0.8046,4.0,130356634,83.0
KH-00080,HỘ KINH DOANH VĨNH PHÁT,Hà Nội,Miền Bắc,2025-02-14,2025-02-14,2025-02,45,1,60020000,50,60020000.0,1,0.0,CITYBIKE_P,1,1,2,4,Có nguy cơ rời bỏ,0.9683,train,Cao,0.8046,0.0,0,0.0
KH-00081,CÔNG TY TNHH THƯƠNG MẠI KHẢI HOÀN,Hưng Yên,Miền Bắc,2025-02-14,2025-02-14,2025-02,45,1,45220000,40,45220000.0,4,0.0,CITYBIKE_P|KIDBIKE_1|KIDBIKE_2|SPORTBIKE_S,1,1,2,3,Có nguy cơ rời bỏ,0.9673,train,Cao,0.8046,0.0,0,0.0
KH-00082,CÔNG TY TNHH THƯƠNG MẠI PHÚC AN,Vĩnh Phúc,Miền Bắc,2025-02-14,2025-02-14,2025-02,45,1,43600000,31,43600000.0,2,0.0,CITYBIKE_P|SPORTBIKE_A,1,1,2,3,Có nguy cơ rời bỏ,0.9376,train,Cao,0.8046,0.0,0,0.0
KH-00083,CÔNG TY CỔ PHẦN THƯƠNG MẠI THANH BÌNH,Hưng Yên,Miền Bắc,2025-02-14,2025-03-19,2025-02,12,2,141400000,121,70700000.0,3,62500000.0,CITYBIKE_P|KIDBIKE_1|SPORTBIKE_S,1,2,4,5,Cần chăm sóc đặc biệt,0.9501,train,Cao,0.8046,0.0,0,0.0
KH-00084,CỬA HÀNG XE ĐẠP TOÀN THẮNG,Hưng Yên,Miền Bắc,2025-02-14,2025-02-14,2025-02,45,1,17860000,15,17860000.0,2,0.0,CITYBIKE_P|KIDBIKE_1,1,1,2,1,Có nguy cơ rời bỏ,0.851,train,Cao,0.8046,0.0,0,0.0
KH-00085,CÔNG TY CỔ PHẦN THƯƠNG MẠI NGỌC ANH,Hà Nội,Miền Bắc,2025-02-14,2025-03-27,2025-02,4,2,46780000,40,23390000.0,2,-740000.0,CITYBIKE_P|SPORTBIKE_S,1,4,4,3,Khách hàng trung thành,0.9818,train,Cao,0.8046,0.0,0,0.0
KH-00086,CÔNG TY TNHH NGỌC ANH,Hà Nội,Miền Bắc,2025-02-14,2025-03-24,2025-02,7,3,110019361,95,36673120.0,4,42724213.0,CITYBIKE_P|KIDBIKE_1|KIDBIKE_2|SPORTBIKE_A,1,3,5,5,Cần theo dõi,0.9664,train,Cao,0.8046,0.0,0,0.0
KH-00087,CỬA HÀNG XE ĐẠP SÁN LẠP,Nghệ An,Miền Trung,2025-02-14,2025-02-14,2025-02,45,1,24200000,20,24200000.0,1,0.0,KIDBIKE_1,1,1,2,2,Có nguy cơ rời bỏ,0.9719,train,Cao,0.8046,0.0,0,0.0
KH-00088,CỬA HÀNG XE ĐẠP SÁN LẠP,Nghệ An,Miền Trung,2025-02-14,2025-03-31,2025-02,0,4,125882643,108,31470661.0,4,49897357.0,CITYBIKE_P|KIDBIKE_1|KIDBIKE_2|SPORTBIKE_A,0,5,5,5,Khách hàng tiêu biểu,0.2973,train,Thấp,0.8046,3.0,203398015,135.0
KH-00089,HỘ KINH DOANH TOÀN THẮNG,Nghệ A,Miền Bắc,2025-02-14,2025-02-14,2025-02,45,1,138392643,115,138392643.0,3,0.0,CITYBIKE_P|KIDBIKE_1|SPORTBIKE_A,1,1,2,5,Có nguy cơ rời bỏ,0.7011,test,Cao,0.8046,0.0,0,0.0
KH-00090,CÔNG TY TNHH THƯƠNG MẠI TÂY BẮC,Thanh Hoá,Miền Trung,2025-02-15,2025-02-15,2025-02,44,1,8518519,4,8518519.0,1,0.0,CITYBIKE_P,1,1,2,1,Có nguy cơ rời bỏ,0.9663,train,Cao,0.8046,0.0,0,0.0
KH-00091,CÔNG TY TNHH BÌNH MINH,Hà Nội,Miền Bắc,2025-02-17,2025-03-28,2025-02,3,7,2688609631,2291,384087090.0,5,2405571585.0,CITYBIKE_P|KIDBIKE_1|KIDBIKE_2|SPORTBIKE_A|SPORTBIKE_S,0,4,5,5,Khách hàng tiêu biểu,0.0186,train,Thấp,0.8046,22.0,2290250000,1970.0
KH-00092,CÔNG TY CỔ PHẦN THƯƠNG MẠI XUÂN MAI,Hà Nội,Miền Bắc,2025-02-17,2025-03-31,2025-02,0,3,51482643,40,17160881.0,2,22962643.0,CITYBIKE_P|SPORTBIKE_A,1,5,5,3,Khách hàng trung thành,0.9852,test,Cao,0.8046,0.0,0,0.0
KH-00093,CÔNG TY CỔ PHẦN PHÚC AN,Hà Nội,Miền Bắc,2025-02-17,2025-03-25,2025-02,6,4,112430000,102,28107500.0,4,45290000.0,CITYBIKE_P|KIDBIKE_1|KIDBIKE_2|SPORTBIKE_S,1,3,5,5,Cần theo dõi,0.9135,train,Cao,0.8046,0.0,0,0.0
KH-00094,HỘ KINH DOANH SÁN LẠP,Phú Thọ,Miền Bắc,2025-02-17,2025-03-31,2025-02,0,2,41790000,36,20895000.0,3,-4870000.0,CITYBIKE_P|KIDBIKE_1|SPORTBIKE_S,1,5,4,3,Khách hàng trung thành,0.9893,train,Cao,0.8046,0.0,0,0.0
KH-00095,CÔNG TY CỔ PHẦN THƯƠNG MẠI KHẢI HOÀN,Hà Nội,Miền Bắc,2025-02-17,2025-02-17,2025-02,42,1,34730000,30,34730000.0,3,0.0,CITYBIKE_P|KIDBIKE_1|SPORTBIKE_S,1,1,2,3,Có nguy cơ rời bỏ,0.9846,train,Cao,0.8046,0.0,0,0.0
KH-00096,CÔNG TY TNHH THƯƠNG MẠI SƠN HÀ,Hà Nội,Miền Bắc,2025-02-17,2025-03-18,2025-02,13,2,52127000,42,26063500.0,3,3447000.0,CITYBIKE_P|KIDBIKE_1|SPORTBIKE_S,1,2,4,3,Cần chăm sóc đặc biệt,0.9576,train,Cao,0.8046,0.0,0,0.0
KH-00097,CÔNG TY TNHH XUÂN MAI,Hà Nội,Miền Bắc,2025-02-17,2025-03-31,2025-02,0,8,199350113,167,24918764.0,5,-64741097.0,CITYBIKE_P|KIDBIKE_1|KIDBIKE_2|SPORTBIKE_A|SPORTBIKE_S,1,5,5,5,Khách hàng tiêu biểu,0.9703,train,Cao,0.8046,0.0,0,0.0
KH-00098,HỘ KINH DOANH MẶT TRỜI,Nghệ An,Miền Trung,2025-02-17,2025-03-18,2025-02,13,3,302480000,260,100826667.0,2,-1080000.0,CITYBIKE_P|KIDBIKE_1,1,2,5,5,Cần chăm sóc đặc biệt,0.1136,test,Thấp,0.8046,0.0,0,0.0
KH-00099,CÔNG TY TNHH NGỌC ANH,Hà Nội,Miền Bắc,2025-02-17,2025-02-17,2025-02,42,1,43710000,39,43710000.0,4,0.0,CITYBIKE_P|KIDBIKE_1|KIDBIKE_2|SPORTBIKE_S,1,1,2,3,Có nguy cơ rời bỏ,0.9673,train,Cao,0.8046,0.0,0,0.0
KH-00100,CỬA HÀNG XE ĐẠP ĐẠI LỢI,Hà Nội,Miền Bắc,2025-02-17,2025-03-22,2025-02,9,3,87295102,83,29098367.0,4,10156058.0,CITYBIKE_P|KIDBIKE_1|KIDBIKE_2|SPORTBIKE_A,1,3,5,4,Cần theo dõi,0.9727,train,Cao,0.8046,0.0,0,0.0
KH-00101,CÔNG TY CỔ PHẦN THƯƠNG MẠI QUANG VINH,Hà Nội,Miền Bắc,2025-02-17,2025-03-24,2025-02,7,3,35420000,29,11806667.0,3,33060000.0,CITYBIKE_P|SPORTBIKE_A|SPORTBIKE_S,1,3,5,3,Cần theo dõi,0.9881,train,Cao,0.8046,0.0,0,0.0
KH-00102,CỬA HÀNG XE ĐẠP AN PHÁT,Bắc Ninh,Miền Bắc,2025-02-17,2025-02-17,2025-02,42,1,69700000,60,69700000.0,1,0.0,CITYBIKE_P,1,1,2,4,Có nguy cơ rời bỏ,0.9642,train,Cao,0.8046,0.0,0,0.0
KH-00103,CÔNG TY CỔ PHẦN AN PHÁT,Bắc Giang,Miền Bắc,2025-02-19,2025-02-19,2025-02,40,1,18680556,10,18680556.0,1,0.0,CITYBIKE_P,1,1,2,2,Có nguy cơ rời bỏ,0.9132,train,Cao,0.8046,0.0,0,0.0
KH-00104,DOANH NGHIỆP TW THUỶ TIÊN,Thanh Hóa,Miền Trung,2025-02-19,2025-03-25,2025-02,6,3,226215286,185,75405095.0,3,95544714.0,CITYBIKE_P|SPORTBIKE_A|SPORTBIKE_S,1,3,5,5,Cần theo dõi,0.9287,train,Cao,0.8046,0.0,0,0.0
KH-00105,CỬA HÀNG XE ĐẠP PHÚC AN,Bắc Ninh,Miền Bắc,2025-02-19,2025-02-19,2025-02,40,1,34910000,30,34910000.0,2,0.0,CITYBIKE_P|KIDBIKE_1,1,1,2,3,Có nguy cơ rời bỏ,0.9245,train,Cao,0.8046,0.0,0,0.0
KH-00106,CÔNG TY TNHH THƯƠNG MẠI TOÀN THẮNG,Thanh Hóa,Miền Trung,2025-02-19,2025-02-19,2025-02,40,1,88360000,70,88360000.0,2,0.0,CITYBIKE_P|SPORTBIKE_S,1,1,2,4,Có nguy cơ rời bỏ,0.9211,train,Cao,0.8046,0.0,0,0.0
KH-00107,CÔNG TY TNHH LONG PHÚ,Bắc Ninh,Miền Bắc,2025-02-19,2025-03-28,2025-02,3,3,82830000,70,27610000.0,2,39310000.0,CITYBIKE_P|KIDBIKE_1,1,4,5,4,Khách hàng tiêu biểu,0.9777,train,Cao,0.8046,0.0,0,0.0
KH-00108,HỘ KINH DOANH LÊ ANH,Hà Nội,Miền Bắc,2025-02-19,2025-02-19,2025-02,40,1,35900000,30,35900000.0,3,0.0,CITYBIKE_P|KIDBIKE_1|SPORTBIKE_S,1,1,2,3,Có nguy cơ rời bỏ,0.9538,test,Cao,0.8046,0.0,0,0.0
KH-00109,CÔNG TY CỔ PHẦN VẠN LỢI,Hà Nội,Miền Bắc,2025-02-19,2025-03-31,2025-02,0,3,80790000,68,26930000.0,3,56990000.0,CITYBIKE_P|KIDBIKE_1|SPORTBIKE_A,1,5,5,4,Khách hàng tiêu biểu,0.9804,train,Cao,0.8046,0.0,0,0.0
KH-00110,CỬA HÀNG XE ĐẠP TÂY BẮC,Hà Nội,Miền Bắc,2025-02-19,2025-03-24,2025-02,7,2,57900000,49,28950000.0,3,18400000.0,CITYBIKE_P|KIDBIKE_1|SPORTBIKE_S,1,3,4,4,Cần theo dõi,0.9892,train,Cao,0.8046,0.0,0,0.0
KH-00111,DOANH NGHIỆP TW MẶT TRỜI,Hà Nội,Miền Bắc,2025-02-19,2025-03-27,2025-02,4,2,72628500,59,36314250.0,4,20548500.0,CITYBIKE_P|KIDBIKE_1|KIDBIKE_2|SPORTBIKE_A,1,4,4,4,Khách hàng tiêu biểu,0.973,train,Cao,0.8046,0.0,0,0.0
KH-00112,HỘ KINH DOANH TÚ ANH,Khu 2- thị trấn Kim Tân- Thạch Thành - Thanh Hóa,Miền Bắc,2025-02-19,2025-03-19,2025-02,12,2,61441481,53,30720740.0,3,-8918519.0,CITYBIKE_P|KIDBIKE_1|KIDBIKE_2,1,2,4,4,Cần chăm sóc đặc biệt,0.9701,train,Cao,0.8046,0.0,0,0.0
KH-00113,DOANH NGHIỆP TW XÂY DỰNG,Thanh Hoá,Miền Trung,2025-02-19,2025-02-19,2025-02,40,1,17790000,15,17790000.0,1,0.0,CITYBIKE_P,0,1,2,1,Có nguy cơ rời bỏ,0.6829,train,Cao,0.8046,1.0,23649439,15.0
KH-00114,CỬA HÀNG XE ĐẠP NGỌC ANH,Phố Kiểu - Yên Trường - Yên Định - Thanh Hoá,Miền Bắc,2025-02-19,2025-02-19,2025-02,40,1,22550000,16,22550000.0,3,0.0,CITYBIKE_P|KIDBIKE_2|SPORTBIKE_A,1,1,2,2,Có nguy cơ rời bỏ,0.9539,train,Cao,0.8046,0.0,0,0.0
KH-00115,CÔNG TY CỔ PHẦN YÊN BÌNH,Thanh Hóa,Miền Trung,2025-02-19,2025-03-31,2025-02,0,2,52250000,50,26125000.0,3,-12470000.0,CITYBIKE_P|KIDBIKE_1|KIDBIKE_2,1,5,4,3,Khách hàng trung thành,0.9893,train,Cao,0.8046,0.0,0,0.0
KH-00116,HỘ KINH DOANH TOÀN THẮNG,Hưng Yên,Miền Bắc,2025-02-19,2025-02-19,2025-02,40,1,57090000,50,57090000.0,2,0.0,CITYBIKE_P|KIDBIKE_1,1,1,2,4,Có nguy cơ rời bỏ,0.9354,test,Cao,0.8046,0.0,0,0.0
KH-00117,HỘ KINH DOANH YÊN BÌNH,Hưng yên,Miền Bắc,2025-02-19,2025-03-31,2025-02,0,2,48490000,42,24245000.0,2,570000.0,CITYBIKE_P|KIDBIKE_1,1,5,4,3,Khách hàng trung thành,0.9453,test,Cao,0.8046,0.0,0,0.0
KH-00118,HỘ KINH DOANH HÙNG CƯỜNG,Nam Định,Miền Bắc,2025-02-20,2025-02-20,2025-02,39,1,7361111,3,7361111.0,1,0.0,CITYBIKE_P,1,1,2,1,Có nguy cơ rời bỏ,0.9509,train,Cao,0.8046,0.0,0,0.0
KH-00119,DOANH NGHIỆP TW MẶT TRỜI,Hà Nội,Miền Bắc,2025-02-20,2025-03-25,2025-02,6,2,53513597,45,26756798.0,4,-3231519.0,CITYBIKE_P|KIDBIKE_1|KIDBIKE_2|SPORTBIKE_S,1,3,4,4,Cần theo dõi,0.9753,train,Cao,0.8046,0.0,0,0.0
KH-00120,CÔNG TY TNHH THANH BÌNH,Hà Nội,Miền Bắc,2025-02-20,2025-03-25,2025-02,6,2,77920143,67,38960072.0,5,16434857.0,CITYBIKE_P|KIDBIKE_1|KIDBIKE_2|SPORTBIKE_A|SPORTBIKE_S,1,3,4,4,Cần theo dõi,0.9572,test,Cao,0.8046,0.0,0,0.0
KH-00121,CÔNG TY TNHH CHI THÀNH,Hưng Yên,Miền Bắc,2025-02-20,2025-02-20,2025-02,39,1,25527929,19,25527929.0,4,0.0,CITYBIKE_P|KIDBIKE_1|KIDBIKE_2|SPORTBIKE_A,1,1,2,2,Có nguy cơ rời bỏ,0.9826,train,Cao,0.8046,0.0,0,0.0
KH-00122,CÔNG TY TNHH CHI THÀNH,Hưng Yên,Miền Bắc,2025-02-20,2025-02-20,2025-02,39,1,28520000,30,28520000.0,3,0.0,CITYBIKE_P|KIDBIKE_1|KIDBIKE_2,1,1,2,2,Có nguy cơ rời bỏ,0.9826,train,Cao,0.8046,0.0,0,0.0
KH-00123,CÔNG TY CỔ PHẦN THƯƠNG MẠI LONG PHÚ,Hà Nội,Miền Bắc,2025-02-20,2025-02-20,2025-02,39,1,17390000,20,17390000.0,2,0.0,CITYBIKE_P|KIDBIKE_2,1,1,2,1,Có nguy cơ rời bỏ,0.9635,train,Cao,0.8046,0.0,0,0.0
KH-00124,CÔNG TY CỔ PHẦN THƯƠNG MẠI AN PHÁT,Thanh Hoá,Miền Trung,2025-02-20,2025-02-20,2025-02,39,1,36220000,30,36220000.0,2,0.0,CITYBIKE_P|SPORTBIKE_S,1,1,2,3,Có nguy cơ rời bỏ,0.9387,train,Cao,0.8046,0.0,0,0.0
KH-00125,HỘ KINH DOANH BÌNH MINH,Thanh Hóa,Miền Trung,2025-02-20,2025-02-20,2025-02,39,1,21860000,17,21860000.0,1,0.0,CITYBIKE_P,1,1,2,2,Có nguy cơ rời bỏ,0.9663,train,Cao,0.8046,0.0,0,0.0
KH-00126,HỘ KINH DOANH HOÀ BÌNH,Thanh Hoá,Miền Trung,2025-02-20,2025-03-24,2025-02,7,3,106170000,97,35390000.0,4,30230000.0,CITYBIKE_P|KIDBIKE_1|KIDBIKE_2|SPORTBIKE_S,1,3,5,5,Cần theo dõi,0.9791,train,Cao,0.8046,0.0,0,0.0
KH-00127,CỬA HÀNG XE ĐẠP TÂN TIẾN,Hà Nam,Miền Bắc,2025-02-20,2025-02-20,2025-02,39,1,48240000,40,48240000.0,1,0.0,CITYBIKE_P,1,1,2,3,Có nguy cơ rời bỏ,0.9548,train,Cao,0.8046,0.0,0,0.0
KH-00128,HỘ KINH DOANH TÂY BẮC,Thanh Hóa,Miền Trung,2025-02-20,2025-02-20,2025-02,39,1,46560000,40,46560000.0,2,0.0,CITYBIKE_P|KIDBIKE_1,1,1,2,3,Có nguy cơ rời bỏ,0.928,train,Cao,0.8046,0.0,0,0.0
KH-00129,CÔNG TY CỔ PHẦN LÊ ANH,Tĩnh Thanh Hoá,Miền Bắc,2025-02-20,2025-02-20,2025-02,39,1,60307929,51,60307929.0,4,0.0,CITYBIKE_P|KIDBIKE_1|KIDBIKE_2|SPORTBIKE_A,1,1,2,4,Có nguy cơ rời bỏ,0.9744,train,Cao,0.8046,0.0,0,0.0
KH-00130,CÔNG TY CỔ PHẦN THƯƠNG MẠI THUỶ TIÊN,Thanh Hoá,Miền Trung,2025-02-20,2025-03-31,2025-02,0,5,191180000,160,38236000.0,3,117980000.0,CITYBIKE_P|KIDBIKE_1|SPORTBIKE_S,1,5,5,5,Khách hàng tiêu biểu,0.9544,train,Cao,0.8046,0.0,0,0.0
KH-00131,CÔNG TY TNHH QUANG VINH,Hà Nam,Miền Bắc,2025-02-20,2025-02-20,2025-02,39,1,35090000,30,35090000.0,2,0.0,CITYBIKE_P|KIDBIKE_1,1,1,2,3,Có nguy cơ rời bỏ,0.9709,train,Cao,0.8046,0.0,0,0.0
KH-00132,CÔNG TY TNHH THƯƠNG MẠI HOÀ BÌNH,Nghệ An,Miền Trung,2025-02-20,2025-03-28,2025-02,3,4,341650000,287,85412500.0,4,194170000.0,CITYBIKE_P|KIDBIKE_2|SPORTBIKE_A|SPORTBIKE_S,1,4,5,5,Khách hàng tiêu biểu,0.9423,train,Cao,0.8046,0.0,0,0.0
KH-00133,DOANH NGHIỆP TW YÊN BÌNH,Thanh Hoá,Miền Trung,2025-02-20,2025-03-14,2025-02,17,4,55861481,59,13965370.0,2,-49861481.0,CITYBIKE_P|KIDBIKE_2,0,2,5,4,Cần chăm sóc đặc biệt,0.5173,test,Trung bình,0.8046,3.0,137844678,89.0
KH-00134,DOANH NGHIỆP TW PHÚ THỊNH,Quảng Nam,Miền Trung,2025-02-21,2025-03-31,2025-02,0,3,236678935,149,78892978.0,2,-20540447.0,CITYBIKE_P|SPORTBIKE_A,0,5,5,5,Khách hàng tiêu biểu,0.1951,train,Thấp,0.8046,5.0,470267127,281.0
KH-00135,CỬA HÀNG XE ĐẠP XUÂN MAI,Ninh Bình,Miền Bắc,2025-02-22,2025-02-22,2025-02,37,1,34180000,30,34180000.0,3,0.0,CITYBIKE_P|KIDBIKE_2|SPORTBIKE_S,1,2,2,2,Có nguy cơ rời bỏ,0.985,train,Cao,0.8046,0.0,0,0.0
KH-00136,CÔNG TY CỔ PHẦN NGỌC ANH,Tây Bình Cách - Xã Đông Xá - Huyện Đông Hưng - Thái Bình.,Miền Bắc,2025-02-22,2025-02-22,2025-02,37,1,42370000,38,42370000.0,4,0.0,CITYBIKE_P|KIDBIKE_1|KIDBIKE_2|SPORTBIKE_S,1,2,2,3,Có nguy cơ rời bỏ,0.9621,test,Cao,0.8046,0.0,0,0.0
KH-00137,CÔNG TY TNHH THƯƠNG MẠI QUANG VINH,Hà Nam,Miền Bắc,2025-02-22,2025-02-22,2025-02,37,1,36580000,29,36580000.0,3,0.0,CITYBIKE_P|SPORTBIKE_A|SPORTBIKE_S,1,2,2,3,Có nguy cơ rời bỏ,0.9679,train,Cao,0.8046,0.0,0,0.0
KH-00138,CÔNG TY TNHH THƯƠNG MẠI VĨNH PHÁT,Thái Bình,Miền Bắc,2025-02-22,2025-02-22,2025-02,37,1,52850000,50,52850000.0,3,0.0,CITYBIKE_P|KIDBIKE_1|KIDBIKE_2,1,2,2,3,Có nguy cơ rời bỏ,0.9744,train,Cao,0.8046,0.0,0,0.0
KH-00139,HỘ KINH DOANH YÊN BÌNH,Hà Nội,Miền Bắc,2025-02-22,2025-03-31,2025-02,0,3,124298146,83,41432715.0,3,-22847574.0,CITYBIKE_P|SPORTBIKE_A|SPORTBIKE_S,1,5,5,5,Khách hàng tiêu biểu,0.924,train,Cao,0.8046,0.0,0,0.0
KH-00140,CÔNG TY TNHH XÂY DỰNG,Hải Dương,Miền Bắc,2025-02-22,2025-03-21,2025-02,10,3,98910000,82,32970000.0,5,17390000.0,CITYBIKE_P|KIDBIKE_1|KIDBIKE_2|SPORTBIKE_A|SPORTBIKE_S,1,3,5,5,Cần theo dõi,0.9791,train,Cao,0.8046,0.0,0,0.0
KH-00141,CÔNG TY CỔ PHẦN THƯƠNG MẠI TÂN TIẾN,Hải Phòng,Miền Bắc,2025-02-22,2025-02-22,2025-02,37,1,108820000,120,108820000.0,3,0.0,CITYBIKE_P|KIDBIKE_1|KIDBIKE_2,1,2,2,5,Có nguy cơ rời bỏ,0.9368,train,Cao,0.8046,0.0,0,0.0
KH-00142,CÔNG TY TNHH THƯƠNG MẠI CHI THÀNH,Hà Nội,Miền Bắc,2025-02-22,2025-03-31,2025-02,0,4,66548500,54,16637125.0,5,39648500.0,CITYBIKE_P|KIDBIKE_1|KIDBIKE_2|SPORTBIKE_A|SPORTBIKE_S,1,5,5,4,Khách hàng tiêu biểu,0.9665,train,Cao,0.8046,0.0,0,0.0
KH-00143,DOANH NGHIỆP TW TÂY BẮC,Vĩnh Phúc,Miền Bắc,2025-02-22,2025-02-22,2025-02,37,1,29700000,20,29700000.0,2,0.0,CITYBIKE_P|SPORTBIKE_A,1,2,2,2,Có nguy cơ rời bỏ,0.9633,train,Cao,0.8046,0.0,0,0.0
KH-00144,CỬA HÀNG XE ĐẠP QUANG VINH,Vĩnh Yên,Miền Bắc,2025-02-22,2025-02-22,2025-02,37,1,22418078,20,22418078.0,4,0.0,CITYBIKE_P|KIDBIKE_1|KIDBIKE_2|SPORTBIKE_S,1,2,2,2,Có nguy cơ rời bỏ,0.9826,train,Cao,0.8046,0.0,0,0.0
KH-00145,HỘ KINH DOANH PHÚ THỊNH,Quảng Ngãi,Miền Trung,2025-02-22,2025-02-22,2025-02,37,1,22940000,20,22940000.0,4,0.0,CITYBIKE_P|KIDBIKE_1|KIDBIKE_2|SPORTBIKE_A,1,2,2,2,Có nguy cơ rời bỏ,0.9826,train,Cao,0.8046,0.0,0,0.0
KH-00146,HỘ KINH DOANH LONG PHÚ,Điện Biên,Miền Bắc,2025-02-22,2025-02-22,2025-02,37,1,18640000,14,18640000.0,4,0.0,CITYBIKE_P|KIDBIKE_1|SPORTBIKE_A|SPORTBIKE_S,1,2,2,2,Có nguy cơ rời bỏ,0.9826,train,Cao,0.8046,0.0,0,0.0
KH-00147,CÔNG TY TNHH PHÚ THỊNH,Hà Nội,Miền Bắc,2025-02-22,2025-03-29,2025-02,2,3,176398243,146,58799414.0,5,46488159.0,CITYBIKE_P|KIDBIKE_1|KIDBIKE_2|SPORTBIKE_A|SPORTBIKE_S,0,5,5,5,Khách hàng tiêu biểu,0.1484,train,Thấp,0.8046,5.0,290326127,204.0
KH-00148,HỘ KINH DOANH THUỶ TIÊN,Hải Dươn,Miền Bắc,2025-02-22,2025-03-27,2025-02,4,4,82782643,68,20695661.0,4,39937357.0,CITYBIKE_P|KIDBIKE_1|SPORTBIKE_A|SPORTBIKE_S,1,4,5,4,Khách hàng tiêu biểu,0.9135,train,Cao,0.8046,0.0,0,0.0
KH-00149,CỬA HÀNG XE ĐẠP TÚ ANH,Hải Dương,Miền Bắc,2025-02-22,2025-03-21,2025-02,10,2,66287929,51,33143964.0,5,-5247929.0,CITYBIKE_P|KIDBIKE_1|KIDBIKE_2|SPORTBIKE_A|SPORTBIKE_S,1,3,4,4,Cần theo dõi,0.9748,train,Cao,0.8046,0.0,0,0.0
KH-00150,HỘ KINH DOANH SÁN LẠP,Hải Dương,Miền Bắc,2025-02-22,2025-02-22,2025-02,37,1,14582643,9,14582643.0,2,0.0,CITYBIKE_P|SPORTBIKE_A,1,2,2,1,Có nguy cơ rời bỏ,0.9635,train,Cao,0.8046,0.0,0,0.0
KH-00151,CÔNG TY TNHH LÊ ANH,Hà Tĩnh,Miền Trung,2025-02-22,2025-03-20,2025-02,11,2,130261924,91,65130962.0,3,45661924.0,CITYBIKE_P|KIDBIKE_1|SPORTBIKE_S,1,2,4,5,Cần chăm sóc đặc biệt,0.9433,train,Cao,0.8046,0.0,0,0.0
KH-00152,HỘ KINH DOANH TRÍ ĐỨC,Nghệ An,Miền Trung,2025-02-22,2025-03-31,2025-02,0,3,89045116,79,29681705.0,3,11385116.0,CITYBIKE_P|KIDBIKE_1|KIDBIKE_2,1,5,5,4,Khách hàng tiêu biểu,0.9766,train,Cao,0.8046,0.0,0,0.0
KH-00153,CÔNG TY CỔ PHẦN THƯƠNG MẠI PHÚ THỊNH,Hà Tĩnh,Miền Trung,2025-02-22,2025-02-22,2025-02,37,1,33900000,32,33900000.0,3,0.0,CITYBIKE_P|KIDBIKE_1|KIDBIKE_2,1,2,2,2,Có nguy cơ rời bỏ,0.985,train,Cao,0.8046,0.0,0,0.0
KH-00154,DOANH NGHIỆP TW VĨNH PHÁT,Hà Tĩnh,Miền Trung,2025-02-22,2025-03-31,2025-02,0,3,80000000,70,26666667.0,1,32720000.0,CITYBIKE_P,1,5,5,4,Khách hàng tiêu biểu,0.9759,test,Cao,0.8046,0.0,0,0.0
KH-00155,DOANH NGHIỆP TW HÙNG CƯỜNG,Hà Nội,Miền Bắc,2025-02-22,2025-03-28,2025-02,3,4,140009520,126,35002380.0,5,59885286.0,CITYBIKE_P|KIDBIKE_1|KIDBIKE_2|SPORTBIKE_A|SPORTBIKE_S,1,4,5,5,Khách hàng tiêu biểu,0.8724,train,Cao,0.8046,0.0,0,0.0
KH-00156,DOANH NGHIỆP TW VIỆT ANH,Thanh Hoá,Miền Trung,2025-02-22,2025-02-22,2025-02,37,1,21250000,18,21250000.0,3,0.0,CITYBIKE_P|KIDBIKE_1|SPORTBIKE_S,1,2,2,2,Có nguy cơ rời bỏ,0.9826,train,Cao,0.8046,0.0,0,0.0
KH-00157,CÔNG TY TNHH THƯƠNG MẠI LONG PHÚ,Hà Nội,Miền Bắc,2025-02-25,2025-02-25,2025-02,34,1,7018519,2,7018519.0,2,0.0,CITYBIKE_P|SPORTBIKE_A,0,2,2,1,Có nguy cơ rời bỏ,0.3278,train,Trung bình,0.8046,51.0,245120380,83.0
KH-00158,CÔNG TY TNHH THƯƠNG MẠI VIỆT ANH,Thái Bình,Miền Bắc,2025-02-25,2025-02-25,2025-02,34,1,23040000,19,23040000.0,2,0.0,CITYBIKE_P|KIDBIKE_1,1,2,2,2,Có nguy cơ rời bỏ,0.9663,train,Cao,0.8046,0.0,0,0.0
KH-00159,CÔNG TY TNHH THƯƠNG MẠI THANH BÌNH,Thủ Dầu Một,Miền Bắc,2025-02-25,2025-03-07,2025-02,24,2,20750000,9,10375000.0,1,11527778.0,CITYBIKE_P,1,2,4,2,Cần chăm sóc đặc biệt,0.9789,train,Cao,0.8046,0.0,0,0.0
KH-00160,CÔNG TY TNHH THƯƠNG MẠI TRÍ ĐỨC,Hà Nội,Miền Bắc,2025-02-26,2025-02-26,2025-02,33,1,2768519,1,2768519.0,1,0.0,CITYBIKE_P,1,2,2,1,Có nguy cơ rời bỏ,0.9804,train,Cao,0.8046,0.0,0,0.0
KH-00161,CÔNG TY TNHH THIÊN AN,Hà Nội,Miền Bắc,2025-02-26,2025-03-27,2025-02,4,3,182845338,103,60948446.0,5,140450908.0,CITYBIKE_P|KIDBIKE_1|KIDBIKE_2|SPORTBIKE_A|SPORTBIKE_S,1,4,5,5,Khách hàng tiêu biểu,0.9827,test,Cao,0.8046,0.0,0,0.0
KH-00162,CÔNG TY CỔ PHẦN THƯƠNG MẠI CHI THÀNH,Hà Nội,Miền Bắc,2025-02-26,2025-03-22,2025-02,9,2,17880000,15,8940000.0,2,-3140000.0,CITYBIKE_P|KIDBIKE_1,0,3,4,1,Cần theo dõi,0.4197,train,Trung bình,0.8046,1.0,23001103,15.0
KH-00163,HỘ KINH DOANH XUÂN MAI,Hà Nội,Miền Bắc,2025-02-26,2025-03-31,2025-02,0,4,82695483,70,20673871.0,4,34663635.0,CITYBIKE_P|KIDBIKE_1|KIDBIKE_2|SPORTBIKE_S,1,5,5,4,Khách hàng tiêu biểu,0.9191,train,Cao,0.8046,0.0,0,0.0
KH-00164,HỘ KINH DOANH XÂY DỰNG,Thân Nhân Trung - TT Bích Động - Việt Yên - Bắc Giang,Miền Bắc,2025-02-26,2025-03-21,2025-02,10,2,61750000,51,30875000.0,3,10250000.0,CITYBIKE_P|KIDBIKE_1|SPORTBIKE_S,1,3,4,4,Cần theo dõi,0.9877,train,Cao,0.8046,0.0,0,0.0
KH-00165,CÔNG TY CỔ PHẦN THƯƠNG MẠI TRƯỜNG THỊNH,Bắc Giang,Miền Bắc,2025-02-26,2025-02-26,2025-02,33,1,10890000,8,10890000.0,3,0.0,CITYBIKE_P|SPORTBIKE_A|SPORTBIKE_S,1,2,2,1,Có nguy cơ rời bỏ,0.9811,train,Cao,0.8046,0.0,0,0.0
KH-00166,HỘ KINH DOANH QUANG VINH,Tổ 1 - Phường Mường Thanh - TP Điện Biên Phủ,Miền Bắc,2025-02-26,2025-02-26,2025-02,33,1,23312643,18,23312643.0,3,0.0,CITYBIKE_P|SPORTBIKE_A|SPORTBIKE_S,1,2,2,2,Có nguy cơ rời bỏ,0.9826,train,Cao,0.8046,0.0,0,0.0
KH-00167,CÔNG TY CỔ PHẦN THƯƠNG MẠI LÊ ANH,Hà Nội,Miền Bắc,2025-02-26,2025-03-28,2025-02,3,4,82220000,67,20555000.0,4,33440000.0,CITYBIKE_P|KIDBIKE_1|SPORTBIKE_A|SPORTBIKE_S,0,4,5,4,Khách hàng tiêu biểu,0.4638,train,Trung bình,0.8046,1.0,60264618,36.0
KH-00168,DOANH NGHIỆP TW ĐẠI LỢI,Hà Nội,Miền Bắc,2025-02-26,2025-03-28,2025-02,3,3,71662117,71,23887372.0,3,5897883.0,CITYBIKE_P|KIDBIKE_1|KIDBIKE_2,0,4,5,4,Khách hàng tiêu biểu,0.1768,train,Thấp,0.8046,1.0,83676273,54.0
KH-00169,CÔNG TY TNHH THƯƠNG MẠI VĨNH PHÁT,Ninh Bình,Miền Bắc,2025-02-26,2025-02-26,2025-02,33,1,89420000,77,89420000.0,3,0.0,CITYBIKE_P|KIDBIKE_1|SPORTBIKE_S,0,2,2,4,Có nguy cơ rời bỏ,0.2846,train,Thấp,0.8046,4.0,271788822,166.0
KH-00170,CỬA HÀNG XE ĐẠP TRƯỜNG THỊNH,Ninh Bình,Miền Bắc,2025-02-26,2025-02-26,2025-02,33,1,41700000,36,41700000.0,2,0.0,CITYBIKE_P|KIDBIKE_1,1,2,2,3,Có nguy cơ rời bỏ,0.8955,train,Cao,0.8046,0.0,0,0.0
KH-00171,CÔNG TY CỔ PHẦN QUANG VINH,Hà Nội,Miền Bắc,2025-02-27,2025-02-27,2025-02,32,1,24259259,10,24259259.0,1,0.0,CITYBIKE_P,1,2,2,2,Có nguy cơ rời bỏ,0.9663,test,Cao,0.8046,0.0,0,0.0
KH-00172,CỬA HÀNG XE ĐẠP XÂY DỰNG,Đường Trang Quan - Xã An Đồng - Huyện An Dương - Hải Phòng.,Miền Bắc,2025-02-28,2025-03-31,2025-02,0,2,267722221,158,133861110.0,1,-10166667.0,CITYBIKE_P,0,5,4,5,Khách hàng tiêu biểu,0.063,train,Thấp,0.8046,1.0,84722222,50.0
KH-00173,DOANH NGHIỆP TW PHÚ THỊNH,Hà Nội,Miền Bắc,2025-03-01,2025-03-25,2025-03,6,21,1582007777,740,75333704.0,5,0.0,CITYBIKE_P|KIDBIKE_1|KIDBIKE_2|SPORTBIKE_A|SPORTBIKE_S,1,3,5,5,Cần theo dõi,0.3882,test,Trung bình,0.8046,0.0,0,0.0
KH-00174,CÔNG TY CỔ PHẦN THƯƠNG MẠI LÊ ANH,Đà Nẵng,Miền Trung,2025-03-06,2025-03-06,2025-03,25,1,23300000,20,23300000.0,1,0.0,CITYBIKE_P,1,2,2,2,Có nguy cơ rời bỏ,0.9663,train,Cao,0.8046,0.0,0,0.0
KH-00175,CÔNG TY CỔ PHẦN THƯƠNG MẠI TÂN TIẾN,Hà Nội,Miền Bắc,2025-03-06,2025-03-06,2025-03,25,1,7490741,1,7490741.0,1,0.0,SPORTBIKE_A,1,2,2,1,Có nguy cơ rời bỏ,0.9509,train,Cao,0.8046,0.0,0,0.0
KH-00176,CÔNG TY TNHH THUỶ TIÊN,Hà Nội,Miền Bắc,2025-03-07,2025-03-07,2025-03,24,1,1472222,1,1472222.0,1,0.0,KIDBIKE_2,1,2,2,1,Có nguy cơ rời bỏ,0.9804,test,Cao,0.8046,0.0,0,0.0
KH-00177,CÔNG TY CỔ PHẦN TRƯỜNG THỊNH,Hưng Yên,Miền Bắc,2025-03-10,2025-03-10,2025-03,21,1,7388889,3,7388889.0,1,0.0,CITYBIKE_P,1,2,2,1,Có nguy cơ rời bỏ,0.9509,train,Cao,0.8046,0.0,0,0.0
KH-00178,CÔNG TY CỔ PHẦN QUANG VINH,Hà Nội,Miền Bắc,2025-03-10,2025-03-10,2025-03,21,1,2212963,1,2212963.0,1,0.0,CITYBIKE_P,1,2,2,1,Có nguy cơ rời bỏ,0.9804,train,Cao,0.8046,0.0,0,0.0
KH-00179,CÔNG TY CỔ PHẦN TÂN TIẾN,Hà Nội,Miền Bắc,2025-03-10,2025-03-10,2025-03,21,1,4240741,2,4240741.0,2,0.0,CITYBIKE_P|KIDBIKE_2,1,2,2,1,Có nguy cơ rời bỏ,0.9728,train,Cao,0.8046,0.0,0,0.0
KH-00180,CÔNG TY TNHH THƯƠNG MẠI VẠN LỢI,Thanh Hoá,Miền Trung,2025-03-14,2025-03-14,2025-03,17,1,47210000,40,47210000.0,1,0.0,CITYBIKE_P,0,2,2,3,Có nguy cơ rời bỏ,0.6712,train,Cao,0.8046,3.0,135465520,83.0
KH-00181,CÔNG TY TNHH LONG PHÚ,Thừa Thiên Huế,Miền Trung,2025-03-14,2025-03-14,2025-03,17,1,145317087,103,145317087.0,2,0.0,CITYBIKE_P|KIDBIKE_1,0,2,2,5,Có nguy cơ rời bỏ,0.3931,test,Trung bình,0.8046,2.0,185699122,89.0
KH-00182,CÔNG TY CỔ PHẦN PHÚ THỊNH,Sơn La,Miền Bắc,2025-03-14,2025-03-14,2025-03,17,1,13140000,10,13140000.0,3,0.0,CITYBIKE_P|KIDBIKE_1|SPORTBIKE_A,1,2,2,1,Có nguy cơ rời bỏ,0.9811,train,Cao,0.8046,0.0,0,0.0
KH-00183,DOANH NGHIỆP TW LONG PHÚ,Bắc Giang,Miền Bắc,2025-03-14,2025-03-14,2025-03,17,1,20000000,17,20000000.0,2,0.0,CITYBIKE_P|KIDBIKE_1,1,2,2,2,Có nguy cơ rời bỏ,0.9663,train,Cao,0.8046,0.0,0,0.0
KH-00184,DOANH NGHIỆP TW ĐẠI LỢI,Hoà Bình,Miền Bắc,2025-03-17,2025-03-31,2025-03,0,2,24742962,21,12371481.0,5,0.0,CITYBIKE_P|KIDBIKE_1|KIDBIKE_2|SPORTBIKE_A|SPORTBIKE_S,1,5,4,2,Khách hàng trung thành,0.9887,train,Cao,0.8046,0.0,0,0.0
KH-00185,CÔNG TY TNHH THƯƠNG MẠI VĨNH PHÁT,Tỉnh Hòa Bình.,Miền Bắc,2025-03-17,2025-03-17,2025-03,14,1,2546296,1,2546296.0,1,0.0,CITYBIKE_P,1,2,2,1,Có nguy cơ rời bỏ,0.9804,train,Cao,0.8046,0.0,0,0.0
KH-00186,HỘ KINH DOANH XÂY DỰNG,Vĩnh Phúc,Miền Bắc,2025-03-17,2025-03-31,2025-03,0,4,67567129,35,16891782.0,1,0.0,CITYBIKE_P,1,5,5,4,Khách hàng tiêu biểu,0.9942,train,Cao,0.8046,0.0,0,0.0
KH-00187,HỘ KINH DOANH NGỌC ANH,Hà Nội,Miền Bắc,2025-03-18,2025-03-18,2025-03,13,1,2768519,1,2768519.0,1,0.0,CITYBIKE_P,1,2,2,1,Có nguy cơ rời bỏ,0.9804,train,Cao,0.8046,0.0,0,0.0
KH-00188,DOANH NGHIỆP TW XÂY DỰNG,Thanh Hóa,Miền Trung,2025-03-18,2025-03-18,2025-03,13,2,75574075,32,37787038.0,5,0.0,CITYBIKE_P|KIDBIKE_1|KIDBIKE_2|SPORTBIKE_A|SPORTBIKE_S,1,2,4,4,Cần chăm sóc đặc biệt,0.8935,train,Cao,0.8046,0.0,0,0.0
KH-00189,CÔNG TY CỔ PHẦN MẶT TRỜI,Hà Nội,Miền Bắc,2025-03-18,2025-03-20,2025-03,11,2,68267826,60,34133913.0,4,0.0,CITYBIKE_P|KIDBIKE_1|KIDBIKE_2|SPORTBIKE_A,1,2,4,4,Cần chăm sóc đặc biệt,0.9747,train,Cao,0.8046,0.0,0,0.0
KH-00190,HỘ KINH DOANH XÂY DỰNG,Hà Nội,Miền Bắc,2025-03-18,2025-03-20,2025-03,11,3,54567000,47,18189000.0,4,0.0,CITYBIKE_P|KIDBIKE_1|KIDBIKE_2|SPORTBIKE_S,1,2,5,4,Cần chăm sóc đặc biệt,0.9826,train,Cao,0.8046,0.0,0,0.0
KH-00191,CÔNG TY CỔ PHẦN THƯƠNG MẠI XUÂN MAI,Hưng Yên,Miền Bắc,2025-03-19,2025-03-19,2025-03,12,1,2768519,1,2768519.0,1,0.0,CITYBIKE_P,1,2,2,1,Có nguy cơ rời bỏ,0.9804,train,Cao,0.8046,0.0,0,0.0
KH-00192,HỘ KINH DOANH KHẢI HOÀN,Hà Nội,Miền Bắc,2025-03-19,2025-03-31,2025-03,0,3,47910000,42,15970000.0,4,0.0,CITYBIKE_P|KIDBIKE_1|KIDBIKE_2|SPORTBIKE_A,1,5,5,3,Khách hàng trung thành,0.99,train,Cao,0.8046,0.0,0,0.0
KH-00193,CÔNG TY TNHH TÚ ANH,Đường Nguyễn Trải - P Ba Đình TP Thanh Hoá,Miền Bắc,2025-03-19,2025-03-31,2025-03,0,4,244765884,204,61191471.0,4,0.0,CITYBIKE_P|KIDBIKE_1|KIDBIKE_2|SPORTBIKE_S,1,5,5,5,Khách hàng tiêu biểu,0.8427,train,Cao,0.8046,0.0,0,0.0
KH-00194,CỬA HÀNG XE ĐẠP SÁN LẠP,Hà Nội,Miền Bắc,2025-03-19,2025-03-28,2025-03,3,2,154826001,115,77413000.0,5,0.0,CITYBIKE_P|KIDBIKE_1|KIDBIKE_2|SPORTBIKE_A|SPORTBIKE_S,0,4,4,5,Khách hàng tiêu biểu,0.1697,train,Thấp,0.8046,1.0,72601255,64.0
KH-00195,CỬA HÀNG XE ĐẠP BÌNH MINH,Hà Nội,Miền Bắc,2025-03-19,2025-03-25,2025-03,6,2,38790000,34,19395000.0,4,0.0,CITYBIKE_P|KIDBIKE_1|KIDBIKE_2|SPORTBIKE_A,1,3,4,3,Cần theo dõi,0.9835,train,Cao,0.8046,0.0,0,0.0
KH-00196,CÔNG TY CỔ PHẦN NAM TIẾN,Bắc Ninh,Miền Bắc,2025-03-19,2025-03-27,2025-03,4,3,51900000,46,17300000.0,2,0.0,CITYBIKE_P|KIDBIKE_1,1,4,5,3,Khách hàng trung thành,0.9833,train,Cao,0.8046,0.0,0,0.0
KH-00197,CÔNG TY TNHH THƯƠNG MẠI MINH PHƯƠNG,Hà Nội,Miền Bắc,2025-03-19,2025-03-21,2025-03,10,2,143952962,127,71976481.0,4,0.0,CITYBIKE_P|KIDBIKE_1|KIDBIKE_2|SPORTBIKE_S,1,3,4,5,Cần theo dõi,0.8292,test,Cao,0.8046,0.0,0,0.0
KH-00198,CÔNG TY TNHH TRÍ ĐỨC,Hà Nội,Miền Bắc,2025-03-19,2025-03-25,2025-03,6,4,161705220,136,40426305.0,5,0.0,CITYBIKE_P|KIDBIKE_1|KIDBIKE_2|SPORTBIKE_A|SPORTBIKE_S,1,3,5,5,Cần theo dõi,0.8606,train,Cao,0.8046,0.0,0,0.0
KH-00199,CỬA HÀNG XE ĐẠP TÚ ANH,Thanh Hoá,Miền Trung,2025-03-19,2025-03-24,2025-03,7,2,64070000,57,32035000.0,3,0.0,CITYBIKE_P|KIDBIKE_1|KIDBIKE_2,1,3,4,4,Cần theo dõi,0.9851,train,Cao,0.8046,0.0,0,0.0
KH-00200,CÔNG TY CỔ PHẦN TOÀN THẮNG,Hà Nội,Miền Bắc,2025-03-19,2025-03-27,2025-03,4,2,56517000,44,28258500.0,3,0.0,CITYBIKE_P|KIDBIKE_1|SPORTBIKE_S,1,4,4,4,Khách hàng tiêu biểu,0.9892,train,Cao,0.8046,0.0,0,0.0
KH-00201,HỘ KINH DOANH XUÂN MAI,Hải Dương,Miền Bắc,2025-03-19,2025-03-19,2025-03,12,1,54234212,40,54234212.0,5,0.0,CITYBIKE_P|KIDBIKE_1|KIDBIKE_2|SPORTBIKE_A|SPORTBIKE_S,1,2,2,4,Có nguy cơ rời bỏ,0.9542,train,Cao,0.8046,0.0,0,0.0
KH-00202,CÔNG TY CỔ PHẦN XUÂN MAI,Hà Nội,Miền Bắc,2025-03-19,2025-03-21,2025-03,10,2,57790000,50,28895000.0,3,0.0,CITYBIKE_P|KIDBIKE_1|KIDBIKE_2,1,3,4,4,Cần theo dõi,0.9835,test,Cao,0.8046,0.0,0,0.0
KH-00203,CÔNG TY CỔ PHẦN THƯƠNG MẠI HOÀ BÌNH,Phú Thọ,Miền Bắc,2025-03-19,2025-03-19,2025-03,12,1,2305556,1,2305556.0,1,0.0,CITYBIKE_P,1,2,2,1,Có nguy cơ rời bỏ,0.9804,test,Cao,0.8046,0.0,0,0.0
KH-00204,CÔNG TY CỔ PHẦN ĐẠI DƯƠNG,Nam Định,Miền Bắc,2025-03-20,2025-03-20,2025-03,11,1,24907407,10,24907407.0,1,0.0,CITYBIKE_P,1,2,2,2,Có nguy cơ rời bỏ,0.9663,train,Cao,0.8046,0.0,0,0.0
KH-00205,CỬA HÀNG XE ĐẠP QUANG VINH,Hạ Long,Miền Bắc,2025-03-20,2025-03-20,2025-03,11,1,58740000,57,58740000.0,4,0.0,CITYBIKE_P|KIDBIKE_1|KIDBIKE_2|SPORTBIKE_S,1,2,2,4,Có nguy cơ rời bỏ,0.9619,train,Cao,0.8046,0.0,0,0.0
KH-00206,CÔNG TY TNHH THƯƠNG MẠI MẶT TRỜI,Hà Nội,Miền Bắc,2025-03-20,2025-03-20,2025-03,11,2,30030000,25,15015000.0,2,0.0,CITYBIKE_P|KIDBIKE_1,1,2,4,2,Cần chăm sóc đặc biệt,0.9663,train,Cao,0.8046,0.0,0,0.0
KH-00207,CỬA HÀNG XE ĐẠP VẠN LỢI,Bắc Giang,Miền Bắc,2025-03-20,2025-03-29,2025-03,2,3,101357296,65,33785765.0,4,0.0,CITYBIKE_P|KIDBIKE_1|SPORTBIKE_A|SPORTBIKE_S,1,5,5,5,Khách hàng tiêu biểu,0.9787,train,Cao,0.8046,0.0,0,0.0
KH-00208,CỬA HÀNG XE ĐẠP TÂY BẮC,Hà Nội,Miền Bắc,2025-03-20,2025-03-25,2025-03,6,5,121615286,99,24323057.0,4,0.0,CITYBIKE_P|KIDBIKE_1|SPORTBIKE_A|SPORTBIKE_S,1,3,5,5,Cần theo dõi,0.9741,train,Cao,0.8046,0.0,0,0.0
KH-00209,CÔNG TY TNHH THƯƠNG MẠI VIỆT ANH,TP Hải Phòng,Miền Bắc,2025-03-20,2025-03-28,2025-03,3,2,52103683,46,26051842.0,4,0.0,CITYBIKE_P|KIDBIKE_1|KIDBIKE_2|SPORTBIKE_A,1,4,4,3,Khách hàng trung thành,0.9892,train,Cao,0.8046,0.0,0,0.0
KH-00210,DOANH NGHIỆP TW SÁN LẠP,Uông Bí,Miền Bắc,2025-03-20,2025-03-20,2025-03,11,1,31677734,33,31677734.0,4,0.0,CITYBIKE_P|KIDBIKE_1|KIDBIKE_2|SPORTBIKE_S,1,2,2,2,Có nguy cơ rời bỏ,0.9842,train,Cao,0.8046,0.0,0,0.0
KH-00211,CỬA HÀNG XE ĐẠP NAM TIẾN,Hà Tĩnh,Miền Trung,2025-03-20,2025-03-20,2025-03,11,1,31530000,28,31530000.0,2,0.0,CITYBIKE_P|KIDBIKE_1,1,2,2,2,Có nguy cơ rời bỏ,0.9694,train,Cao,0.8046,0.0,0,0.0
KH-00212,CỬA HÀNG XE ĐẠP TÂY BẮC,Hà Nội,Miền Bắc,2025-03-20,2025-03-22,2025-03,9,4,99322643,84,24830661.0,5,0.0,CITYBIKE_P|KIDBIKE_1|KIDBIKE_2|SPORTBIKE_A|SPORTBIKE_S,1,3,5,5,Cần theo dõi,0.985,train,Cao,0.8046,0.0,0,0.0
KH-00213,CÔNG TY CỔ PHẦN HOÀ BÌNH,Hà Nội,Miền Bắc,2025-03-20,2025-03-20,2025-03,11,1,2305556,1,2305556.0,1,0.0,CITYBIKE_P,1,2,2,1,Có nguy cơ rời bỏ,0.9804,train,Cao,0.8046,0.0,0,0.0
KH-00214,DOANH NGHIỆP TW QUANG VINH,Hải Dương,Miền Bắc,2025-03-20,2025-03-25,2025-03,6,2,81983500,70,40991750.0,3,0.0,CITYBIKE_P|KIDBIKE_1|SPORTBIKE_S,1,3,4,4,Cần theo dõi,0.9451,train,Cao,0.8046,0.0,0,0.0
KH-00215,DOANH NGHIỆP TW LÊ ANH,Hà Tĩnh,Miền Trung,2025-03-20,2025-03-31,2025-03,0,2,37160000,36,18580000.0,5,0.0,CITYBIKE_P|KIDBIKE_1|KIDBIKE_2|SPORTBIKE_A|SPORTBIKE_S,1,5,4,3,Khách hàng trung thành,0.9887,train,Cao,0.8046,0.0,0,0.0
KH-00216,HỘ KINH DOANH NGỌC ANH,Hà Nam,Miền Bắc,2025-03-20,2025-03-20,2025-03,11,1,61070000,51,61070000.0,3,0.0,CITYBIKE_P|KIDBIKE_1|SPORTBIKE_A,1,2,2,4,Có nguy cơ rời bỏ,0.9619,train,Cao,0.8046,0.0,0,0.0
KH-00217,DOANH NGHIỆP TW ĐẠI DƯƠNG,Thái Bình,Miền Bắc,2025-03-20,2025-03-25,2025-03,6,3,193880000,166,64626667.0,2,0.0,CITYBIKE_P|KIDBIKE_1,0,3,5,5,Cần theo dõi,0.1001,train,Thấp,0.8046,5.0,234641619,149.0
KH-00218,CÔNG TY TNHH THƯƠNG MẠI BÌNH MINH,Hải Dương,Miền Bắc,2025-03-20,2025-03-20,2025-03,11,1,40060000,34,40060000.0,2,0.0,CITYBIKE_P|KIDBIKE_1,0,2,2,3,Có nguy cơ rời bỏ,0.859,train,Cao,0.8046,1.0,30225917,18.0
KH-00219,CÔNG TY CỔ PHẦN THƯƠNG MẠI PHÚ THỊNH,Ninh Bình,Miền Bắc,2025-03-20,2025-03-25,2025-03,6,2,73480000,57,36740000.0,5,0.0,CITYBIKE_P|KIDBIKE_1|KIDBIKE_2|SPORTBIKE_A|SPORTBIKE_S,0,3,4,4,Cần theo dõi,0.5807,train,Trung bình,0.8046,3.0,166440519,100.0
KH-00220,CỬA HÀNG XE ĐẠP VIỆT ANH,Nam Định,Miền Bắc,2025-03-20,2025-03-24,2025-03,7,2,74017929,57,37008964.0,5,0.0,CITYBIKE_P|KIDBIKE_1|KIDBIKE_2|SPORTBIKE_A|SPORTBIKE_S,1,3,4,4,Cần theo dõi,0.9313,train,Cao,0.8046,0.0,0,0.0
KH-00221,CÔNG TY CỔ PHẦN VĨNH PHÁT,Hưng Yên,Miền Bắc,2025-03-20,2025-03-27,2025-03,4,2,59460000,51,29730000.0,2,0.0,CITYBIKE_P|KIDBIKE_1,1,4,4,4,Khách hàng tiêu biểu,0.9809,train,Cao,0.8046,0.0,0,0.0
KH-00222,CÔNG TY CỔ PHẦN TÂN TIẾN,Hà Nội,Miền Bắc,2025-03-20,2025-03-31,2025-03,0,2,42161481,35,21080740.0,4,0.0,CITYBIKE_P|KIDBIKE_1|SPORTBIKE_A|SPORTBIKE_S,1,5,4,3,Khách hàng trung thành,0.99,train,Cao,0.8046,0.0,0,0.0
KH-00223,CÔNG TY CỔ PHẦN THƯƠNG MẠI AN PHÁT,Hà Nội,Miền Bắc,2025-03-21,2025-03-21,2025-03,10,1,33720000,32,33720000.0,3,0.0,CITYBIKE_P|KIDBIKE_1|KIDBIKE_2,1,3,2,2,Cần theo dõi,0.9851,train,Cao,0.8046,0.0,0,0.0
KH-00224,DOANH NGHIỆP TW ĐÔNG NAM,Ninh Bình,Miền Bắc,2025-03-21,2025-03-21,2025-03,10,1,36150000,30,36150000.0,2,0.0,CITYBIKE_P|KIDBIKE_1,1,3,2,3,Cần theo dõi,0.9426,train,Cao,0.8046,0.0,0,0.0
KH-00225,CÔNG TY TNHH TÂY BẮC,Hà Nam,Miền Bắc,2025-03-21,2025-03-28,2025-03,3,2,84160000,70,42080000.0,3,0.0,CITYBIKE_P|KIDBIKE_1|SPORTBIKE_A,1,4,4,4,Khách hàng tiêu biểu,0.9583,train,Cao,0.8046,0.0,0,0.0
KH-00226,CÔNG TY CỔ PHẦN VĨNH PHÁT,Hà Nội,Miền Bắc,2025-03-21,2025-03-21,2025-03,10,1,26040000,22,26040000.0,1,0.0,CITYBIKE_P,1,3,2,2,Cần theo dõi,0.9681,train,Cao,0.8046,0.0,0,0.0
KH-00227,CÔNG TY TNHH THƯƠNG MẠI TRÍ ĐỨC,Bắc Ninh,Miền Bắc,2025-03-21,2025-03-21,2025-03,10,1,40920000,35,40920000.0,2,0.0,CITYBIKE_P|KIDBIKE_1,1,3,2,3,Cần theo dõi,0.9436,train,Cao,0.8046,0.0,0,0.0
KH-00228,CÔNG TY CỔ PHẦN THƯƠNG MẠI XUÂN MAI,Hà Nội,Miền Bắc,2025-03-21,2025-03-21,2025-03,10,1,18000000,15,18000000.0,2,0.0,CITYBIKE_P|SPORTBIKE_S,1,3,2,1,Cần theo dõi,0.9681,train,Cao,0.8046,0.0,0,0.0
KH-00229,DOANH NGHIỆP TW TRÍ ĐỨC,Bắc Giang,Miền Bắc,2025-03-21,2025-03-21,2025-03,10,1,33980000,30,33980000.0,2,0.0,CITYBIKE_P|KIDBIKE_1,1,3,2,2,Cần theo dõi,0.9711,train,Cao,0.8046,0.0,0,0.0
KH-00230,DOANH NGHIỆP TW ĐẠI LỢI,Hà Nội,Miền Bắc,2025-03-21,2025-03-21,2025-03,10,1,20440000,18,20440000.0,2,0.0,CITYBIKE_P|KIDBIKE_1,1,3,2,2,Cần theo dõi,0.9681,train,Cao,0.8046,0.0,0,0.0
KH-00231,CÔNG TY CỔ PHẦN THANH BÌNH,Hưng Yên,Miền Bắc,2025-03-21,2025-03-27,2025-03,4,3,107772500,92,35924167.0,5,0.0,CITYBIKE_P|KIDBIKE_1|KIDBIKE_2|SPORTBIKE_A|SPORTBIKE_S,1,4,5,5,Khách hàng tiêu biểu,0.9489,test,Cao,0.8046,0.0,0,0.0
KH-00232,HỘ KINH DOANH HOÀ BÌNH,Hội An,Miền Bắc,2025-03-21,2025-03-21,2025-03,10,1,19000000,8,19000000.0,1,0.0,CITYBIKE_P,1,3,2,2,Cần theo dõi,0.9681,train,Cao,0.8046,0.0,0,0.0
KH-00233,DOANH NGHIỆP TW CHI THÀNH,Thái Bình,Miền Bắc,2025-03-21,2025-03-21,2025-03,10,1,22840000,20,22840000.0,1,0.0,CITYBIKE_P,1,3,2,2,Cần theo dõi,0.9681,test,Cao,0.8046,0.0,0,0.0
KH-00234,CÔNG TY TNHH KHẢI HOÀN,Thái Bình,Miền Bắc,2025-03-21,2025-03-21,2025-03,10,1,24220000,21,24220000.0,2,0.0,CITYBIKE_P|KIDBIKE_1,1,3,2,2,Cần theo dõi,0.9681,test,Cao,0.8046,0.0,0,0.0
KH-00235,CÔNG TY CỔ PHẦN THƯƠNG MẠI CHI THÀNH,Nam Định,Miền Bắc,2025-03-21,2025-03-21,2025-03,10,2,87420000,70,43710000.0,2,0.0,CITYBIKE_P|SPORTBIKE_A,1,3,4,4,Cần theo dõi,0.9447,train,Cao,0.8046,0.0,0,0.0
KH-00236,CỬA HÀNG XE ĐẠP ĐÔNG NAM,Hà Nội,Miền Bắc,2025-03-21,2025-03-22,2025-03,9,2,35880000,30,17940000.0,1,0.0,CITYBIKE_P,1,3,4,3,Cần theo dõi,0.9681,train,Cao,0.8046,0.0,0,0.0
KH-00237,DOANH NGHIỆP TW LÊ ANH,Tuyên Quang,Miền Bắc,2025-03-21,2025-03-22,2025-03,9,2,59932962,64,29966481.0,5,0.0,CITYBIKE_P|KIDBIKE_1|KIDBIKE_2|SPORTBIKE_A|SPORTBIKE_S,1,3,4,4,Cần theo dõi,0.9788,train,Cao,0.8046,0.0,0,0.0
KH-00238,CÔNG TY CỔ PHẦN THƯƠNG MẠI TRƯỜNG THỊNH,Phú Thọ,Miền Bắc,2025-03-21,2025-03-21,2025-03,10,1,33546143,26,33546143.0,4,0.0,CITYBIKE_P|KIDBIKE_1|SPORTBIKE_A|SPORTBIKE_S,1,3,2,2,Cần theo dõi,0.9851,train,Cao,0.8046,0.0,0,0.0
KH-00239,HỘ KINH DOANH THANH BÌNH,Hội An,Miền Bắc,2025-03-21,2025-03-21,2025-03,10,1,34357000,23,34357000.0,2,0.0,CITYBIKE_P|SPORTBIKE_A,1,3,2,2,Cần theo dõi,0.9711,train,Cao,0.8046,0.0,0,0.0
KH-00240,CÔNG TY CỔ PHẦN TRÍ ĐỨC,Sơn La,Miền Bắc,2025-03-21,2025-03-21,2025-03,10,1,39050000,35,39050000.0,1,0.0,KIDBIKE_1,1,3,2,3,Cần theo dõi,0.9225,train,Cao,0.8046,0.0,0,0.0
KH-00241,HỘ KINH DOANH PHÚ THỊNH,Thái Nguyên,Miền Bắc,2025-03-21,2025-03-25,2025-03,6,2,88600000,75,44300000.0,1,0.0,CITYBIKE_P,1,3,4,4,Cần theo dõi,0.9447,train,Cao,0.8046,0.0,0,0.0
KH-00242,CÔNG TY CỔ PHẦN THƯƠNG MẠI HÙNG CƯỜNG,Bắc Kạn,Miền Bắc,2025-03-21,2025-03-25,2025-03,6,2,36320000,51,18160000.0,3,0.0,CITYBIKE_P|KIDBIKE_1|KIDBIKE_2,1,3,4,3,Cần theo dõi,0.9835,train,Cao,0.8046,0.0,0,0.0
KH-00243,HỘ KINH DOANH VĨNH PHÁT,Hà Nam,Miền Bắc,2025-03-21,2025-03-21,2025-03,10,1,35150000,30,35150000.0,3,0.0,CITYBIKE_P|KIDBIKE_1|SPORTBIKE_S,1,3,2,3,Cần theo dõi,0.9851,train,Cao,0.8046,0.0,0,0.0
KH-00244,CÔNG TY CỔ PHẦN THƯƠNG MẠI AN PHÁT,Phú Thọ,Miền Bắc,2025-03-21,2025-03-21,2025-03,10,1,33400000,30,33400000.0,3,0.0,CITYBIKE_P|KIDBIKE_1|SPORTBIKE_S,1,3,2,2,Cần theo dõi,0.9851,train,Cao,0.8046,0.0,0,0.0
KH-00245,CỬA HÀNG XE ĐẠP TÂN TIẾN,Hà Nội,Miền Bắc,2025-03-22,2025-03-22,2025-03,9,1,2120370,1,2120370.0,1,0.0,CITYBIKE_P,1,3,2,1,Cần theo dõi,0.9743,test,Cao,0.8046,0.0,0,0.0
KH-00246,CỬA HÀNG XE ĐẠP TRƯỜNG THỊNH,Hà Nội,Miền Bắc,2025-03-22,2025-03-25,2025-03,6,2,38184000,30,19092000.0,4,0.0,CITYBIKE_P|KIDBIKE_1|KIDBIKE_2|SPORTBIKE_S,1,3,4,3,Cần theo dõi,0.9835,train,Cao,0.8046,0.0,0,0.0
KH-00247,HỘ KINH DOANH NGỌC ANH,Hưng Yên,Miền Bắc,2025-03-22,2025-03-22,2025-03,9,1,126890000,108,126890000.0,3,0.0,CITYBIKE_P|KIDBIKE_1|SPORTBIKE_S,1,3,2,5,Cần theo dõi,0.9347,train,Cao,0.8046,0.0,0,0.0
KH-00248,CÔNG TY CỔ PHẦN THƯƠNG MẠI ĐẠI DƯƠNG,Nghệ An,Miền Trung,2025-03-22,2025-03-28,2025-03,3,2,100482859,73,50241430.0,4,0.0,CITYBIKE_P|KIDBIKE_1|KIDBIKE_2|SPORTBIKE_A,1,4,4,5,Khách hàng tiêu biểu,0.9718,train,Cao,0.8046,0.0,0,0.0
KH-00249,HỘ KINH DOANH PHÚC AN,Thanh Hóa,Miền Trung,2025-03-22,2025-03-22,2025-03,9,1,37560000,30,37560000.0,2,0.0,CITYBIKE_P|KIDBIKE_1,1,3,2,3,Cần theo dõi,0.9225,test,Cao,0.8046,0.0,0,0.0
KH-00250,DOANH NGHIỆP TW XUÂN MAI,Hà Nội,Miền Bắc,2025-03-22,2025-03-31,2025-03,0,4,95971481,87,23992870.0,5,0.0,CITYBIKE_P|KIDBIKE_1|KIDBIKE_2|SPORTBIKE_A|SPORTBIKE_S,1,5,5,5,Khách hàng tiêu biểu,0.9895,train,Cao,0.8046,0.0,0,0.0
KH-00251,HỘ KINH DOANH KHẢI HOÀN,Hưng Yên,Miền Bắc,2025-03-22,2025-03-28,2025-03,3,3,119020000,109,39673333.0,3,0.0,CITYBIKE_P|KIDBIKE_1|KIDBIKE_2,1,4,5,5,Khách hàng tiêu biểu,0.804,test,Cao,0.8046,0.0,0,0.0
KH-00252,CÔNG TY TNHH TÂY BẮC,Hà Nội,Miền Bắc,2025-03-22,2025-03-22,2025-03,9,1,59107574,44,59107574.0,4,0.0,CITYBIKE_P|KIDBIKE_1|SPORTBIKE_A|SPORTBIKE_S,1,3,2,4,Cần theo dõi,0.9801,train,Cao,0.8046,0.0,0,0.0
KH-00253,CÔNG TY TNHH YÊN BÌNH,Hà Nội,Miền Bắc,2025-03-24,2025-03-24,2025-03,7,1,7490741,1,7490741.0,1,0.0,SPORTBIKE_A,1,3,2,1,Cần theo dõi,0.9361,train,Cao,0.8046,0.0,0,0.0
KH-00254,CỬA HÀNG XE ĐẠP ĐÔNG NAM,Hà Nam,Miền Bắc,2025-03-24,2025-03-25,2025-03,6,2,43942860,29,21971430.0,3,0.0,CITYBIKE_P|KIDBIKE_1|SPORTBIKE_A,1,3,4,3,Cần theo dõi,0.9835,train,Cao,0.8046,0.0,0,0.0
KH-00255,CÔNG TY TNHH PHÚ THỊNH,Hải Dương,Miền Bắc,2025-03-24,2025-03-27,2025-03,4,2,58060000,53,29030000.0,4,0.0,CITYBIKE_P|KIDBIKE_1|KIDBIKE_2|SPORTBIKE_S,1,4,4,4,Khách hàng tiêu biểu,0.9892,train,Cao,0.8046,0.0,0,0.0
KH-00256,CÔNG TY TNHH XUÂN MAI,Hà Nội,Miền Bắc,2025-03-24,2025-03-31,2025-03,0,6,151660000,155,25276667.0,5,0.0,CITYBIKE_P|KIDBIKE_1|KIDBIKE_2|SPORTBIKE_A|SPORTBIKE_S,1,5,5,5,Khách hàng tiêu biểu,0.7417,test,Cao,0.8046,0.0,0,0.0
KH-00257,HỘ KINH DOANH PHÚC AN,Hà Nội,Miền Bắc,2025-03-24,2025-03-28,2025-03,3,2,39541481,36,19770740.0,3,0.0,CITYBIKE_P|KIDBIKE_1|KIDBIKE_2,1,4,4,3,Khách hàng trung thành,0.9892,train,Cao,0.8046,0.0,0,0.0
KH-00258,CỬA HÀNG XE ĐẠP HOÀ BÌNH,Hà Nội,Miền Bắc,2025-03-24,2025-03-28,2025-03,3,2,39361481,36,19680740.0,3,0.0,CITYBIKE_P|KIDBIKE_1|KIDBIKE_2,1,4,4,3,Khách hàng trung thành,0.9892,test,Cao,0.8046,0.0,0,0.0
KH-00259,DOANH NGHIỆP TW MINH PHƯƠNG,Hà Nội,Miền Bắc,2025-03-24,2025-03-24,2025-03,7,1,35050000,31,35050000.0,4,0.0,CITYBIKE_P|KIDBIKE_1|KIDBIKE_2|SPORTBIKE_A,1,3,2,3,Cần theo dõi,0.9851,test,Cao,0.8046,0.0,0,0.0
KH-00260,CỬA HÀNG XE ĐẠP XUÂN MAI,Hà Nội,Miền Bắc,2025-03-24,2025-03-24,2025-03,7,2,66020000,54,33010000.0,3,0.0,CITYBIKE_P|KIDBIKE_1|SPORTBIKE_A,1,3,4,4,Cần theo dõi,0.9851,test,Cao,0.8046,0.0,0,0.0
KH-00261,CÔNG TY TNHH THƯƠNG MẠI VẠN LỢI,Hà Nội,Miền Bắc,2025-03-24,2025-03-24,2025-03,7,1,49160000,42,49160000.0,2,0.0,CITYBIKE_P|KIDBIKE_1,1,3,2,3,Cần theo dõi,0.9648,test,Cao,0.8046,0.0,0,0.0
KH-00262,CÔNG TY TNHH VIỆT ANH,Hà Nội,Miền Bắc,2025-03-24,2025-03-27,2025-03,4,2,64270000,54,32135000.0,1,0.0,CITYBIKE_P,1,4,4,4,Khách hàng tiêu biểu,0.9849,train,Cao,0.8046,0.0,0,0.0
KH-00263,DOANH NGHIỆP TW TRƯỜNG THỊNH,Thanh Hoá,Miền Trung,2025-03-24,2025-03-24,2025-03,7,1,35790000,30,35790000.0,2,0.0,CITYBIKE_P|SPORTBIKE_S,1,3,2,3,Cần theo dõi,0.9426,train,Cao,0.8046,0.0,0,0.0
KH-00264,DOANH NGHIỆP TW NGỌC ANH,Thanh Hoá,Miền Trung,2025-03-24,2025-03-25,2025-03,6,3,131871676,113,43957225.0,4,0.0,CITYBIKE_P|KIDBIKE_1|KIDBIKE_2|SPORTBIKE_S,1,3,5,5,Cần theo dõi,0.8967,train,Cao,0.8046,0.0,0,0.0
KH-00265,CÔNG TY TNHH THƯƠNG MẠI PHÚC AN,phố số 6 - Thị trấn Diêm Điền - Huyện Thái Thụy - Thái Bình.,Miền Bắc,2025-03-24,2025-03-25,2025-03,6,2,115376430,94,57688215.0,4,0.0,CITYBIKE_P|KIDBIKE_1|KIDBIKE_2|SPORTBIKE_A,1,3,4,5,Cần theo dõi,0.9627,train,Cao,0.8046,0.0,0,0.0
KH-00266,CỬA HÀNG XE ĐẠP TÂN TIẾN,Nam Định,Miền Bắc,2025-03-24,2025-03-24,2025-03,7,1,83590000,70,83590000.0,2,0.0,CITYBIKE_P|KIDBIKE_1,1,3,2,4,Cần theo dõi,0.9589,train,Cao,0.8046,0.0,0,0.0
KH-00267,CÔNG TY CỔ PHẦN HÙNG CƯỜNG,Nam Định,Miền Bắc,2025-03-24,2025-03-25,2025-03,6,2,85460000,70,42730000.0,2,0.0,CITYBIKE_P|SPORTBIKE_A,1,3,4,4,Cần theo dõi,0.9447,train,Cao,0.8046,0.0,0,0.0
KH-00268,CÔNG TY CỔ PHẦN THƯƠNG MẠI TRƯỜNG THỊNH,Hà Nội,Miền Bắc,2025-03-25,2025-03-25,2025-03,6,1,58140000,50,58140000.0,2,0.0,CITYBIKE_P|KIDBIKE_1,1,3,2,4,Cần theo dõi,0.9648,train,Cao,0.8046,0.0,0,0.0
KH-00269,HỘ KINH DOANH AN PHÁT,Phú Thọ,Miền Bắc,2025-03-25,2025-03-25,2025-03,6,1,52678500,50,52678500.0,4,0.0,CITYBIKE_P|KIDBIKE_1|KIDBIKE_2|SPORTBIKE_A,1,3,2,3,Cần theo dõi,0.9801,train,Cao,0.8046,0.0,0,0.0
KH-00270,DOANH NGHIỆP TW TÚ ANH,Phú Thọ,Miền Bắc,2025-03-25,2025-03-25,2025-03,6,1,57290000,50,57290000.0,2,0.0,CITYBIKE_P|KIDBIKE_1,1,3,2,4,Cần theo dõi,0.9648,train,Cao,0.8046,0.0,0,0.0
KH-00271,CÔNG TY CỔ PHẦN THƯƠNG MẠI HÙNG CƯỜNG,Hà Nội,Miền Bắc,2025-03-25,2025-03-25,2025-03,6,1,20030000,18,20030000.0,3,0.0,CITYBIKE_P|KIDBIKE_1|KIDBIKE_2,1,3,2,2,Cần theo dõi,0.9835,train,Cao,0.8046,0.0,0,0.0
KH-00272,CÔNG TY TNHH THƯƠNG MẠI VĨNH PHÁT,Vĩnh Phúc,Miền Bắc,2025-03-25,2025-03-31,2025-03,0,2,43920000,38,21960000.0,2,0.0,CITYBIKE_P|KIDBIKE_1,1,5,4,3,Khách hàng trung thành,0.983,train,Cao,0.8046,0.0,0,0.0
KH-00273,CÔNG TY TNHH THƯƠNG MẠI PHÚ THỊNH,Vĩnh Phúc,Miền Bắc,2025-03-25,2025-03-25,2025-03,6,1,44730000,40,44730000.0,3,0.0,CITYBIKE_P|KIDBIKE_1|KIDBIKE_2,1,3,2,3,Cần theo dõi,0.9705,train,Cao,0.8046,0.0,0,0.0
KH-00274,CÔNG TY CỔ PHẦN THƯƠNG MẠI YÊN BÌNH,Vĩnh Phúc,Miền Bắc,2025-03-25,2025-03-25,2025-03,6,1,18170000,15,18170000.0,2,0.0,CITYBIKE_P|SPORTBIKE_S,1,3,2,2,Cần theo dõi,0.9681,test,Cao,0.8046,0.0,0,0.0
KH-00275,CÔNG TY CỔ PHẦN THƯƠNG MẠI QUANG VINH,Thái Nguyên,Miền Bắc,2025-03-25,2025-03-25,2025-03,6,1,35890000,30,35890000.0,3,0.0,CITYBIKE_P|KIDBIKE_1|SPORTBIKE_S,1,3,2,3,Cần theo dõi,0.97,train,Cao,0.8046,0.0,0,0.0
KH-00276,CÔNG TY TNHH VẠN LỢI,Hà Nội,Miền Bắc,2025-03-25,2025-03-31,2025-03,0,2,68110000,58,34055000.0,2,0.0,CITYBIKE_P|KIDBIKE_1,1,5,4,4,Khách hàng tiêu biểu,0.9859,train,Cao,0.8046,0.0,0,0.0
KH-00277,CÔNG TY CỔ PHẦN THƯƠNG MẠI VĨNH PHÁT,Vinh,Miền Bắc,2025-03-25,2025-03-25,2025-03,6,2,232490000,200,116245000.0,2,0.0,CITYBIKE_P|KIDBIKE_1,1,3,4,5,Cần theo dõi,0.1403,test,Thấp,0.8046,0.0,0,0.0
KH-00278,CÔNG TY TNHH QUANG VINH,Hà Nội,Miền Bắc,2025-03-25,2025-03-25,2025-03,6,1,47790000,40,47790000.0,1,0.0,CITYBIKE_P,1,3,2,3,Cần theo dõi,0.9648,train,Cao,0.8046,0.0,0,0.0
KH-00279,CỬA HÀNG XE ĐẠP CHI THÀNH,Hà Nam,Miền Bắc,2025-03-25,2025-03-25,2025-03,6,1,17170000,20,17170000.0,2,0.0,CITYBIKE_P|KIDBIKE_2,1,3,2,1,Cần theo dõi,0.9655,test,Cao,0.8046,0.0,0,0.0
KH-00280,CÔNG TY TNHH THƯƠNG MẠI MINH PHƯƠNG,Hà Nam,Miền Bắc,2025-03-25,2025-03-25,2025-03,6,1,22480000,20,22480000.0,3,0.0,CITYBIKE_P|KIDBIKE_1|KIDBIKE_2,1,3,2,2,Cần theo dõi,0.9835,test,Cao,0.8046,0.0,0,0.0
KH-00281,CỬA HÀNG XE ĐẠP PHÚC AN,Thanh Hoá,Miền Trung,2025-03-25,2025-03-25,2025-03,6,1,42075286,32,42075286.0,4,0.0,CITYBIKE_P|KIDBIKE_1|SPORTBIKE_A|SPORTBIKE_S,1,3,2,3,Cần theo dõi,0.9705,train,Cao,0.8046,0.0,0,0.0
KH-00282,CÔNG TY TNHH THƯƠNG MẠI LONG PHÚ,Hà Nội,Miền Bắc,2025-03-25,2025-03-28,2025-03,3,3,51690000,45,17230000.0,3,0.0,CITYBIKE_P|KIDBIKE_1|KIDBIKE_2,1,4,5,3,Khách hàng trung thành,0.9892,train,Cao,0.8046,0.0,0,0.0
KH-00283,CỬA HÀNG XE ĐẠP TRƯỜNG THỊNH,Hưng Yên,Miền Bắc,2025-03-25,2025-03-27,2025-03,4,2,54240000,46,27120000.0,1,0.0,CITYBIKE_P,1,4,4,4,Khách hàng tiêu biểu,0.9833,test,Cao,0.8046,0.0,0,0.0
KH-00284,HỘ KINH DOANH NGỌC ANH,Hưng Yên,Miền Bắc,2025-03-25,2025-03-25,2025-03,6,1,35470000,30,35470000.0,2,0.0,CITYBIKE_P|KIDBIKE_1,0,3,2,3,Cần theo dõi,0.3454,train,Trung bình,0.8046,1.0,22092772,14.0
KH-00285,CÔNG TY TNHH ĐÔNG NAM,Hà Nội,Miền Bắc,2025-03-25,2025-03-26,2025-03,5,2,55041000,43,27520500.0,4,0.0,CITYBIKE_P|KIDBIKE_1|KIDBIKE_2|SPORTBIKE_S,1,4,4,4,Khách hàng tiêu biểu,0.9892,train,Cao,0.8046,0.0,0,0.0
KH-00286,DOANH NGHIỆP TW VIỆT ANH,Hà Nội,Miền Bắc,2025-03-26,2025-03-26,2025-03,5,1,2398148,1,2398148.0,1,0.0,CITYBIKE_P,1,4,2,1,Khách hàng mới tiềm năng,0.9851,test,Cao,0.8046,0.0,0,0.0
KH-00287,CÔNG TY TNHH THƯƠNG MẠI THUỶ TIÊN,Vĩnh Phúc,Miền Bắc,2025-03-26,2025-03-26,2025-03,5,1,4611111,2,4611111.0,1,0.0,CITYBIKE_P,1,4,2,1,Khách hàng mới tiềm năng,0.9851,test,Cao,0.8046,0.0,0,0.0
KH-00288,CÔNG TY TNHH THƯƠNG MẠI TOÀN THẮNG,Nghệ An,Miền Trung,2025-03-26,2025-03-29,2025-03,2,3,53532962,46,17844321.0,2,0.0,CITYBIKE_P|KIDBIKE_1,0,5,5,4,Khách hàng tiêu biểu,0.9844,test,Cao,0.8046,1.0,33679990,16.0
KH-00289,CÔNG TY CỔ PHẦN KHẢI HOÀN,Hưng Yên,Miền Bắc,2025-03-26,2025-03-29,2025-03,2,3,64680000,54,21560000.0,3,0.0,CITYBIKE_P|KIDBIKE_1|SPORTBIKE_S,1,5,5,4,Khách hàng tiêu biểu,0.99,train,Cao,0.8046,0.0,0,0.0
KH-00290,CÔNG TY CỔ PHẦN THƯƠNG MẠI TÂY BẮC,Hưng Yên,Miền Bắc,2025-03-26,2025-03-26,2025-03,5,1,14702643,11,14702643.0,3,0.0,CITYBIKE_P|KIDBIKE_1|SPORTBIKE_A,1,4,2,1,Khách hàng mới tiềm năng,0.9883,train,Cao,0.8046,0.0,0,0.0
KH-00291,CÔNG TY TNHH VĨNH PHÁT,Hà Nam,Miền Bắc,2025-03-26,2025-03-26,2025-03,5,1,24000000,20,24000000.0,1,0.0,CITYBIKE_P,1,4,2,2,Khách hàng mới tiềm năng,0.9818,train,Cao,0.8046,0.0,0,0.0
KH-00292,CÔNG TY TNHH VIỆT ANH,Hà Nội,Miền Bắc,2025-03-26,2025-03-26,2025-03,5,1,28127001,30,28127001.0,3,0.0,CITYBIKE_P|KIDBIKE_1|KIDBIKE_2,1,4,2,2,Khách hàng mới tiềm năng,0.9892,test,Cao,0.8046,0.0,0,0.0
KH-00293,CÔNG TY TNHH THƯƠNG MẠI TÚ ANH,Hà Nội,Miền Bắc,2025-03-27,2025-03-27,2025-03,4,1,20277778,10,20277778.0,1,0.0,CITYBIKE_P,1,4,2,2,Khách hàng mới tiềm năng,0.9818,train,Cao,0.8046,0.0,0,0.0
KH-00294,HỘ KINH DOANH SÁN LẠP,Hải Phòng,Miền Bắc,2025-03-27,2025-03-27,2025-03,4,1,2305556,1,2305556.0,1,0.0,CITYBIKE_P,1,4,2,1,Khách hàng mới tiềm năng,0.9851,train,Cao,0.8046,0.0,0,0.0
KH-00295,DOANH NGHIỆP TW XÂY DỰNG,Hà Nội,Miền Bắc,2025-03-27,2025-03-27,2025-03,4,1,34400000,29,34400000.0,1,0.0,CITYBIKE_P,1,4,2,2,Khách hàng mới tiềm năng,0.9835,train,Cao,0.8046,0.0,0,0.0
KH-00296,CÔNG TY TNHH THƯƠNG MẠI HOÀ BÌNH,Hà Nội,Miền Bắc,2025-03-27,2025-03-27,2025-03,4,1,23580000,20,23580000.0,1,0.0,CITYBIKE_P,1,4,2,2,Khách hàng mới tiềm năng,0.9818,train,Cao,0.8046,0.0,0,0.0
KH-00297,CỬA HÀNG XE ĐẠP TÂY BẮC,Hà Nội,Miền Bắc,2025-03-27,2025-03-27,2025-03,4,1,20650000,17,20650000.0,1,0.0,CITYBIKE_P,1,4,2,2,Khách hàng mới tiềm năng,0.9818,test,Cao,0.8046,0.0,0,0.0
KH-00298,CÔNG TY CỔ PHẦN THƯƠNG MẠI ĐÔNG NAM,Hà Nội,Miền Bắc,2025-03-27,2025-03-28,2025-03,3,2,96307574,71,48153787.0,4,0.0,CITYBIKE_P|KIDBIKE_1|SPORTBIKE_A|SPORTBIKE_S,1,4,4,5,Khách hàng tiêu biểu,0.9718,train,Cao,0.8046,0.0,0,0.0
KH-00299,CỬA HÀNG XE ĐẠP VIỆT ANH,Hà Tĩnh,Miền Trung,2025-03-27,2025-03-27,2025-03,4,1,24430000,21,24430000.0,3,0.0,CITYBIKE_P|KIDBIKE_1|SPORTBIKE_S,1,4,2,2,Khách hàng mới tiềm năng,0.9892,train,Cao,0.8046,0.0,0,0.0
KH-00300,CÔNG TY TNHH THƯƠNG MẠI QUANG VINH,,,2025-03-28,2025-03-28,2025-03,3,1,17490000,15,17490000.0,1,0.0,CITYBIKE_P,1,4,2,1,Khách hàng mới tiềm năng,0.9803,train,Cao,0.8046,0.0,0,0.0
KH-00301,CÔNG TY TNHH THƯƠNG MẠI THUỶ TIÊN,Hải Phòng,Miền Bắc,2025-03-28,2025-03-28,2025-03,3,1,64940000,56,64940000.0,1,0.0,CITYBIKE_P,1,4,2,4,Khách hàng mới tiềm năng,0.9798,train,Cao,0.8046,0.0,0,0.0
KH-00302,CÔNG TY TNHH XÂY DỰNG,Hà Giang,Miền Bắc,2025-03-28,2025-03-28,2025-03,3,1,36910000,30,36910000.0,4,0.0,CITYBIKE_P|KIDBIKE_1|SPORTBIKE_A|SPORTBIKE_S,1,4,2,3,Khách hàng mới tiềm năng,0.9729,train,Cao,0.8046,0.0,0,0.0
KH-00303,CÔNG TY CỔ PHẦN BÌNH MINH,Hà Nội,Miền Bắc,2025-03-28,2025-03-28,2025-03,3,1,12980000,11,12980000.0,2,0.0,CITYBIKE_P|KIDBIKE_1,1,4,2,1,Khách hàng mới tiềm năng,0.9803,test,Cao,0.8046,0.0,0,0.0
KH-00304,DOANH NGHIỆP TW TÚ ANH,Hà Nội,Miền Bắc,2025-03-28,2025-03-28,2025-03,3,1,17710000,15,17710000.0,1,0.0,CITYBIKE_P,1,4,2,1,Khách hàng mới tiềm năng,0.9803,train,Cao,0.8046,0.0,0,0.0
KH-00305,CÔNG TY CỔ PHẦN TÂY BẮC,Hà Nội,Miền Bắc,2025-03-28,2025-03-31,2025-03,0,2,32170000,26,16085000.0,3,0.0,CITYBIKE_P|KIDBIKE_1|SPORTBIKE_A,1,5,4,2,Khách hàng trung thành,0.99,test,Cao,0.8046,0.0,0,0.0
KH-00306,CÔNG TY TNHH HOÀ BÌNH,Vĩnh Phúc,Miền Bắc,2025-03-28,2025-03-28,2025-03,3,1,16430000,14,16430000.0,1,0.0,CITYBIKE_P,1,4,2,1,Khách hàng mới tiềm năng,0.9803,train,Cao,0.8046,0.0,0,0.0
KH-00307,DOANH NGHIỆP TW THIÊN AN,Quảng Ninh,Miền Bắc,2025-03-28,2025-03-28,2025-03,3,1,29517574,20,29517574.0,4,0.0,CITYBIKE_P|KIDBIKE_2|SPORTBIKE_A|SPORTBIKE_S,1,4,2,2,Khách hàng mới tiềm năng,0.9876,train,Cao,0.8046,0.0,0,0.0
KH-00308,CÔNG TY TNHH THIÊN AN,Cường Tráng - An Thịnh - Lương Tài - Bắc Ninh,Miền Bắc,2025-03-28,2025-03-28,2025-03,3,1,38840000,31,38840000.0,4,0.0,CITYBIKE_P|KIDBIKE_1|SPORTBIKE_A|SPORTBIKE_S,1,4,2,3,Khách hàng mới tiềm năng,0.9729,train,Cao,0.8046,0.0,0,0.0
KH-00309,CÔNG TY CỔ PHẦN PHÚC AN,Hải Dương,Miền Bắc,2025-03-28,2025-03-28,2025-03,3,1,21610000,21,21610000.0,3,0.0,CITYBIKE_P|KIDBIKE_2|SPORTBIKE_S,1,4,2,2,Khách hàng mới tiềm năng,0.9892,test,Cao,0.8046,0.0,0,0.0
KH-00310,HỘ KINH DOANH VẠN LỢI,Quảng Ninh,Miền Bắc,2025-03-28,2025-03-28,2025-03,3,1,34770000,30,34770000.0,2,0.0,CITYBIKE_P|KIDBIKE_1,1,4,2,3,Khách hàng mới tiềm năng,0.9835,test,Cao,0.8046,0.0,0,0.0
KH-00311,CÔNG TY TNHH THƯƠNG MẠI QUANG VINH,Quảng Ninh,Miền Bắc,2025-03-28,2025-03-28,2025-03,3,1,39960000,30,39960000.0,2,0.0,CITYBIKE_P|SPORTBIKE_A,1,4,2,3,Khách hàng mới tiềm năng,0.9547,train,Cao,0.8046,0.0,0,0.0
KH-00312,DOANH NGHIỆP TW HOÀ BÌNH,Quảng Ninh,Miền Bắc,2025-03-28,2025-03-28,2025-03,3,1,46750000,40,46750000.0,2,0.0,CITYBIKE_P|SPORTBIKE_S,1,4,2,3,Khách hàng mới tiềm năng,0.9674,test,Cao,0.8046,0.0,0,0.0
KH-00313,DOANH NGHIỆP TW BÌNH MINH,Hà Nội,Miền Bắc,2025-03-28,2025-03-28,2025-03,3,1,18730000,16,18730000.0,1,0.0,CITYBIKE_P,1,4,2,2,Khách hàng mới tiềm năng,0.9818,train,Cao,0.8046,0.0,0,0.0
KH-00314,CÔNG TY TNHH THƯƠNG MẠI YÊN BÌNH,Hải Phòng,Miền Bắc,2025-03-28,2025-03-28,2025-03,3,1,70640000,61,70640000.0,2,0.0,CITYBIKE_P|KIDBIKE_1,1,4,2,4,Khách hàng mới tiềm năng,0.9751,train,Cao,0.8046,0.0,0,0.0
KH-00315,CÔNG TY CỔ PHẦN THƯƠNG MẠI THUỶ TIÊN,Vĩnh Yên,Miền Bắc,2025-03-28,2025-03-28,2025-03,3,1,20889981,16,20889981.0,4,0.0,CITYBIKE_P|KIDBIKE_1|SPORTBIKE_A|SPORTBIKE_S,1,4,2,2,Khách hàng mới tiềm năng,0.9892,train,Cao,0.8046,0.0,0,0.0
KH-00316,CÔNG TY CỔ PHẦN THƯƠNG MẠI THUỶ TIÊN,Hà Nội,Miền Bắc,2025-03-28,2025-03-28,2025-03,3,1,42392500,30,42392500.0,3,0.0,CITYBIKE_P|KIDBIKE_1|SPORTBIKE_S,1,4,2,3,Khách hàng mới tiềm năng,0.9806,train,Cao,0.8046,0.0,0,0.0
KH-00317,CỬA HÀNG XE ĐẠP THIÊN AN,Hà Nội,Miền Bắc,2025-03-28,2025-03-28,2025-03,3,1,17550000,15,17550000.0,2,0.0,CITYBIKE_P|KIDBIKE_1,1,4,2,1,Khách hàng mới tiềm năng,0.9803,train,Cao,0.8046,0.0,0,0.0
KH-00318,HỘ KINH DOANH BÌNH MINH,Hòa Bình,Miền Bắc,2025-03-29,2025-03-29,2025-03,2,1,30680000,26,30680000.0,1,0.0,CITYBIKE_P,1,5,2,2,Khách hàng mới tiềm năng,0.9806,train,Cao,0.8046,0.0,0,0.0
KH-00319,CỬA HÀNG XE ĐẠP QUANG VINH,TP Hưng Yên,Miền Bắc,2025-03-29,2025-03-29,2025-03,2,1,27978500,22,27978500.0,4,0.0,CITYBIKE_P|KIDBIKE_1|SPORTBIKE_A|SPORTBIKE_S,1,5,2,2,Khách hàng mới tiềm năng,0.99,train,Cao,0.8046,0.0,0,0.0
KH-00320,HỘ KINH DOANH PHÚC AN,Hà Nội,Miền Bắc,2025-03-31,2025-03-31,2025-03,0,1,18020000,15,18020000.0,2,0.0,CITYBIKE_P|KIDBIKE_1,1,5,2,2,Khách hàng mới tiềm năng,0.983,train,Cao,0.8046,0.0,0,0.0
KH-00321,CỬA HÀNG XE ĐẠP VIỆT ANH,Hải Phòng,Miền Bắc,2025-03-31,2025-03-31,2025-03,0,1,22250000,19,22250000.0,2,0.0,CITYBIKE_P|KIDBIKE_1,1,5,2,2,Khách hàng mới tiềm năng,0.983,train,Cao,0.8046,0.0,0,0.0
KH-00322,CÔNG TY TNHH THƯƠNG MẠI THANH BÌNH,Hải Phòng,Miền Bắc,2025-03-31,2025-03-31,2025-03,0,1,16380000,14,16380000.0,2,0.0,CITYBIKE_P|KIDBIKE_1,1,5,2,1,Khách hàng mới tiềm năng,0.9816,train,Cao,0.8046,0.0,0,0.0
KH-00323,CÔNG TY CỔ PHẦN PHÚ THỊNH,Nghệ An,Miền Trung,2025-03-31,2025-03-31,2025-03,0,1,10850000,9,10850000.0,1,0.0,CITYBIKE_P,1,5,2,1,Khách hàng mới tiềm năng,0.9816,train,Cao,0.8046,0.0,0,0.0
KH-00324,CÔNG TY CỔ PHẦN ĐÔNG NAM,Quảng Ninh,Miền Bắc,2025-03-31,2025-03-31,2025-03,0,1,34180000,28,34180000.0,3,0.0,CITYBIKE_P|SPORTBIKE_A|SPORTBIKE_S,1,5,2,2,Khách hàng mới tiềm năng,0.9909,test,Cao,0.8046,0.0,0,0.0
KH-00325,HỘ KINH DOANH THANH BÌNH,Hạ Long,Miền Bắc,2025-03-31,2025-03-31,2025-03,0,1,59956468,38,59956468.0,1,0.0,CITYBIKE_P,1,5,2,4,Khách hàng mới tiềm năng,0.9812,train,Cao,0.8046,0.0,0,0.0
KH-00326,CỬA HÀNG XE ĐẠP VĨNH PHÁT,Quảng NinhSố,Miền Bắc,2025-03-31,2025-03-31,2025-03,0,1,13870000,13,13870000.0,3,0.0,CITYBIKE_P|KIDBIKE_1|KIDBIKE_2,1,5,2,1,Khách hàng mới tiềm năng,0.9891,train,Cao,0.8046,0.0,0,0.0
KH-00327,CÔNG TY TNHH MẶT TRỜI,Vĩnh Phúc,Miền Bắc,2025-03-31,2025-03-31,2025-03,0,1,55970000,47,55970000.0,1,0.0,CITYBIKE_P,1,5,2,4,Khách hàng mới tiềm năng,0.9812,train,Cao,0.8046,0.0,0,0.0
KH-00328,CÔNG TY CỔ PHẦN PHÚC AN,Vĩnh Phúc,Miền Bắc,2025-03-31,2025-03-31,2025-03,0,1,37780000,30,37780000.0,3,0.0,CITYBIKE_P|KIDBIKE_1|SPORTBIKE_A,1,5,2,3,Khách hàng mới tiềm năng,0.9748,train,Cao,0.8046,0.0,0,0.0
KH-00329,HỘ KINH DOANH TRÍ ĐỨC,Hà Nội,Miền Bắc,2025-03-31,2025-03-31,2025-03,0,1,21666667,10,21666667.0,1,0.0,CITYBIKE_P,1,5,2,2,Khách hàng mới tiềm năng,0.983,test,Cao,0.8046,0.0,0,0.0
KH-00330,CÔNG TY TNHH THIÊN AN,Hà Giang,Miền Bắc,2025-03-31,2025-03-31,2025-03,0,1,61560000,56,61560000.0,4,0.0,CITYBIKE_P|KIDBIKE_1|KIDBIKE_2|SPORTBIKE_S,1,5,2,4,Khách hàng mới tiềm năng,0.9879,train,Cao,0.8046,0.0,0,0.0
KH-00331,HỘ KINH DOANH ĐẠI DƯƠNG,Hà Giang,Miền Bắc,2025-03-31,2025-03-31,2025-03,0,1,16960000,15,16960000.0,2,0.0,CITYBIKE_P|KIDBIKE_1,1,5,2,1,Khách hàng mới tiềm năng,0.9816,train,Cao,0.8046,0.0,0,0.0
KH-00332,DOANH NGHIỆP TW TOÀN THẮNG,Hà Nội,Miền Bắc,2025-03-31,2025-03-31,2025-03,0,1,24510000,21,24510000.0,1,0.0,CITYBIKE_P,1,5,2,2,Khách hàng mới tiềm năng,0.983,train,Cao,0.8046,0.0,0,0.0
KH-00333,DOANH NGHIỆP TW ĐÔNG NAM,Thanh Hoá,Miền Trung,2025-03-31,2025-03-31,2025-03,0,1,22970000,20,22970000.0,2,0.0,CITYBIKE_P|KIDBIKE_1,1,5,2,2,Khách hàng mới tiềm năng,0.983,test,Cao,0.8046,0.0,0,0.0
