"color","group_code","avg_share_q1_2026_pct","fiscal_month","group_yhat","split","predicted_revenue"
"","",6.47,4,42168285416.60907,"forecast",2728288066.0
"","",6.47,5,59547658017.51434,"forecast",3852733474.0
"","",6.47,6,51037413211.90171,"forecast",3302120635.0
"05-26","CITYBIKE_P",1.4066666666666665,4,26597273090.76848,"forecast",374134975.0
"05-26","CITYBIKE_P",1.4066666666666665,5,32333916652.475906,"forecast",454830428.0
"05-26","CITYBIKE_P",1.4066666666666665,6,37295952870.054855,"forecast",524629737.0
"05-27","CITYBIKE_P",0.51,4,26597273090.76848,"forecast",135646093.0
"05-27","CITYBIKE_P",0.51,5,32333916652.475906,"forecast",164902975.0
"05-27","CITYBIKE_P",0.51,6,37295952870.054855,"forecast",190209360.0
"16-04","KIDBIKE_1",0.01,4,4213512187.3552694,"forecast",421351.0
"16-04","KIDBIKE_1",0.01,5,4477648654.835085,"forecast",447765.0
"16-04","KIDBIKE_1",0.01,6,4706246397.7048235,"forecast",470625.0
"219-05-26","CITYBIKE_P",1.7333333333333334,4,26597273090.76848,"forecast",461019400.0
"219-05-26","CITYBIKE_P",1.7333333333333334,5,32333916652.475906,"forecast",560454555.0
"219-05-26","CITYBIKE_P",1.7333333333333334,6,37295952870.054855,"forecast",646463183.0
"Café/nâu","CITYBIKE_P",6.566666666666666,4,26597273090.76848,"forecast",1746554266.0
"Café/nâu","CITYBIKE_P",6.566666666666666,5,32333916652.475906,"forecast",2123260527.0
"Café/nâu","CITYBIKE_P",6.566666666666666,6,37295952870.054855,"forecast",2449100905.0
"Café/nâu","KIDBIKE_2",0.5666666666666667,4,1506026081.357827,"forecast",8534148.0
"Café/nâu","KIDBIKE_2",0.5666666666666667,5,1610644859.9566488,"forecast",9126988.0
"Café/nâu","KIDBIKE_2",0.5666666666666667,6,1667743981.4540212,"forecast",9450549.0
"Cam","CITYBIKE_P",1.0033333333333332,4,26597273090.76848,"forecast",266859307.0
"Cam","CITYBIKE_P",1.0033333333333332,5,32333916652.475906,"forecast",324416964.0
"Cam","CITYBIKE_P",1.0033333333333332,6,37295952870.054855,"forecast",374202727.0
"Cam","KIDBIKE_2",0.3166666666666667,4,1506026081.357827,"forecast",4769083.0
"Cam","KIDBIKE_2",0.3166666666666667,5,1610644859.9566488,"forecast",5100375.0
"Cam","KIDBIKE_2",0.3166666666666667,6,1667743981.4540212,"forecast",5281189.0
"Cam","SPORTBIKE_A",0.07,4,6010463104.570821,"forecast",4207324.0
"Cam","SPORTBIKE_A",0.07,5,6019004435.045311,"forecast",4213303.0
"Cam","SPORTBIKE_A",0.07,6,3935992054.5717845,"forecast",2755194.0
"Cam","SPORTBIKE_S",0.02,4,1541431097.5513232,"forecast",308286.0
"Cam","SPORTBIKE_S",0.02,5,1574792231.439891,"forecast",314958.0
"Cam","SPORTBIKE_S",0.02,6,1588640007.9487112,"forecast",317728.0
"Coban","CITYBIKE_P",2.5466666666666664,4,26597273090.76848,"forecast",677343888.0
"Coban","CITYBIKE_P",2.5466666666666664,5,32333916652.475906,"forecast",823437077.0
"Coban","CITYBIKE_P",2.5466666666666664,6,37295952870.054855,"forecast",949803600.0
"Coban","KIDBIKE_1",0.18,4,4213512187.3552694,"forecast",7584322.0
"Coban","KIDBIKE_1",0.18,5,4477648654.835085,"forecast",8059768.0
"Coban","KIDBIKE_1",0.18,6,4706246397.7048235,"forecast",8471244.0
"Ghi","CITYBIKE_P",7.516666666666667,4,26597273090.76848,"forecast",1999228361.0
"Ghi","CITYBIKE_P",7.516666666666667,5,32333916652.475906,"forecast",2430432735.0
"Ghi","CITYBIKE_P",7.516666666666667,6,37295952870.054855,"forecast",2803412457.0
"Ghi","KIDBIKE_1",1.0733333333333335,4,4213512187.3552694,"forecast",45225031.0
"Ghi","KIDBIKE_1",1.0733333333333335,5,4477648654.835085,"forecast",48060096.0
"Ghi","KIDBIKE_1",1.0733333333333335,6,4706246397.7048235,"forecast",50513711.0
"Ghi","SPORTBIKE_A",0.7466666666666667,4,6010463104.570821,"forecast",44878125.0
"Ghi","SPORTBIKE_A",0.7466666666666667,5,6019004435.045311,"forecast",44941900.0
"Ghi","SPORTBIKE_A",0.7466666666666667,6,3935992054.5717845,"forecast",29388741.0
"Ghi","SPORTBIKE_S",0.02,4,1541431097.5513232,"forecast",308286.0
"Ghi","SPORTBIKE_S",0.02,5,1574792231.439891,"forecast",314958.0
"Ghi","SPORTBIKE_S",0.02,6,1588640007.9487112,"forecast",317728.0
"HP","CITYBIKE_P",1.93,4,26597273090.76848,"forecast",513327371.0
"HP","CITYBIKE_P",1.93,5,32333916652.475906,"forecast",624044591.0
"HP","CITYBIKE_P",1.93,6,37295952870.054855,"forecast",719811890.0
"Hồng","CITYBIKE_P",1.5333333333333332,4,26597273090.76848,"forecast",407824854.0
"Hồng","CITYBIKE_P",1.5333333333333332,5,32333916652.475906,"forecast",495786722.0
"Hồng","CITYBIKE_P",1.5333333333333332,6,37295952870.054855,"forecast",571871277.0
"Hồng","KIDBIKE_1",3.85,4,4213512187.3552694,"forecast",162220219.0
"Hồng","KIDBIKE_1",3.85,5,4477648654.835085,"forecast",172389473.0
"Hồng","KIDBIKE_1",3.85,6,4706246397.7048235,"forecast",181190486.0
"Hồng","KIDBIKE_2",2.0566666666666666,4,1506026081.357827,"forecast",30973936.0
"Hồng","KIDBIKE_2",2.0566666666666666,5,1610644859.9566488,"forecast",33125596.0
"Hồng","KIDBIKE_2",2.0566666666666666,6,1667743981.4540212,"forecast",34299935.0
"Kem","CITYBIKE_P",21.05666666666667,4,26597273090.76848,"forecast",5600499137.0
"Kem","CITYBIKE_P",21.05666666666667,5,32333916652.475906,"forecast",6808445050.0
"Kem","CITYBIKE_P",21.05666666666667,6,37295952870.054855,"forecast",7853284476.0
"Kem","KIDBIKE_1",1.6633333333333333,4,4213512187.3552694,"forecast",70084753.0
"Kem","KIDBIKE_1",1.6633333333333333,5,4477648654.835085,"forecast",74478223.0
"Kem","KIDBIKE_1",1.6633333333333333,6,4706246397.7048235,"forecast",78280565.0
"Kem","KIDBIKE_2",0.38333333333333336,4,1506026081.357827,"forecast",5773100.0
"Kem","KIDBIKE_2",0.38333333333333336,5,1610644859.9566488,"forecast",6174139.0
"Kem","KIDBIKE_2",0.38333333333333336,6,1667743981.4540212,"forecast",6393019.0
"Ngọc","CITYBIKE_P",3.4066666666666663,4,26597273090.76848,"forecast",906080437.0
"Ngọc","CITYBIKE_P",3.4066666666666663,5,32333916652.475906,"forecast",1101508761.0
"Ngọc","CITYBIKE_P",3.4066666666666663,6,37295952870.054855,"forecast",1270548794.0
"Tem cam","KIDBIKE_1",0.01,4,4213512187.3552694,"forecast",421351.0
"Tem cam","KIDBIKE_1",0.01,5,4477648654.835085,"forecast",447765.0
"Tem cam","KIDBIKE_1",0.01,6,4706246397.7048235,"forecast",470625.0
"Tem cam","SPORTBIKE_S",0.06,4,1541431097.5513232,"forecast",924859.0
"Tem cam","SPORTBIKE_S",0.06,5,1574792231.439891,"forecast",944875.0
"Tem cam","SPORTBIKE_S",0.06,6,1588640007.9487112,"forecast",953184.0
"Tem đỏ","SPORTBIKE_S",0.06,4,1541431097.5513232,"forecast",924859.0
"Tem đỏ","SPORTBIKE_S",0.06,5,1574792231.439891,"forecast",944875.0
"Tem đỏ","SPORTBIKE_S",0.06,6,1588640007.9487112,"forecast",953184.0
"Trắng","CITYBIKE_P",7.813333333333333,4,26597273090.76848,"forecast",2078133604.0
"Trắng","CITYBIKE_P",7.813333333333333,5,32333916652.475906,"forecast",2526356688.0
"Trắng","CITYBIKE_P",7.813333333333333,6,37295952870.054855,"forecast",2914057118.0
"Trắng","KIDBIKE_1",0.81,4,4213512187.3552694,"forecast",34129449.0
"Trắng","KIDBIKE_1",0.81,5,4477648654.835085,"forecast",36268954.0
"Trắng","KIDBIKE_1",0.81,6,4706246397.7048235,"forecast",38120596.0
"Tím","CITYBIKE_P",1.1066666666666667,4,26597273090.76848,"forecast",294343156.0
"Tím","CITYBIKE_P",1.1066666666666667,5,32333916652.475906,"forecast",357828678.0
"Tím","CITYBIKE_P",1.1066666666666667,6,37295952870.054855,"forecast",412741878.0
"Tím","KIDBIKE_1",0.060000000000000005,4,4213512187.3552694,"forecast",2528107.0
"Tím","KIDBIKE_1",0.060000000000000005,5,4477648654.835085,"forecast",2686589.0
"Tím","KIDBIKE_1",0.060000000000000005,6,4706246397.7048235,"forecast",2823748.0
"Vàng","KIDBIKE_1",0.62,4,4213512187.3552694,"forecast",26123776.0
"Vàng","KIDBIKE_1",0.62,5,4477648654.835085,"forecast",27761422.0
"Vàng","KIDBIKE_1",0.62,6,4706246397.7048235,"forecast",29178728.0
"Xanh","KIDBIKE_1",2.1999999999999997,4,4213512187.3552694,"forecast",92697268.0
"Xanh","KIDBIKE_1",2.1999999999999997,5,4477648654.835085,"forecast",98508270.0
"Xanh","KIDBIKE_1",2.1999999999999997,6,4706246397.7048235,"forecast",103537421.0
"Xanh","SPORTBIKE_A",0.02,4,6010463104.570821,"forecast",1202093.0
"Xanh","SPORTBIKE_A",0.02,5,6019004435.045311,"forecast",1203801.0
"Xanh","SPORTBIKE_A",0.02,6,3935992054.5717845,"forecast",787198.0
"Xanh","SPORTBIKE_S",0.5166666666666667,4,1541431097.5513232,"forecast",7964061.0
"Xanh","SPORTBIKE_S",0.5166666666666667,5,1574792231.439891,"forecast",8136427.0
"Xanh","SPORTBIKE_S",0.5166666666666667,6,1588640007.9487112,"forecast",8207973.0
"Xanh Santorini","CITYBIKE_P",1.7533333333333332,4,26597273090.76848,"forecast",466338855.0
"Xanh Santorini","CITYBIKE_P",1.7533333333333332,5,32333916652.475906,"forecast",566921339.0
"Xanh Santorini","CITYBIKE_P",1.7533333333333332,6,37295952870.054855,"forecast",653922374.0
"Xanh Tím","CITYBIKE_P",1.8733333333333333,4,26597273090.76848,"forecast",498255583.0
"Xanh Tím","CITYBIKE_P",1.8733333333333333,5,32333916652.475906,"forecast",605722039.0
"Xanh Tím","CITYBIKE_P",1.8733333333333333,6,37295952870.054855,"forecast",698677517.0
"Xanh dương","CITYBIKE_P",0.8033333333333333,4,26597273090.76848,"forecast",213664760.0
"Xanh dương","CITYBIKE_P",0.8033333333333333,5,32333916652.475906,"forecast",259749130.0
"Xanh dương","CITYBIKE_P",0.8033333333333333,6,37295952870.054855,"forecast",299610821.0
"Xanh dương","KIDBIKE_2",2.0666666666666664,4,1506026081.357827,"forecast",31124539.0
"Xanh dương","KIDBIKE_2",2.0666666666666664,5,1610644859.9566488,"forecast",33286660.0
"Xanh dương","KIDBIKE_2",2.0666666666666664,6,1667743981.4540212,"forecast",34466709.0
"Xanh dương","SPORTBIKE_A",0.03,4,6010463104.570821,"forecast",1803139.0
"Xanh dương","SPORTBIKE_A",0.03,5,6019004435.045311,"forecast",1805701.0
"Xanh dương","SPORTBIKE_A",0.03,6,3935992054.5717845,"forecast",1180798.0
"Xanh dương","SPORTBIKE_S",0.13,4,1541431097.5513232,"forecast",2003860.0
"Xanh dương","SPORTBIKE_S",0.13,5,1574792231.439891,"forecast",2047230.0
"Xanh dương","SPORTBIKE_S",0.13,6,1588640007.9487112,"forecast",2065232.0
"Xanh mint","CITYBIKE_P",3.85,4,26597273090.76848,"forecast",1023995014.0
"Xanh mint","CITYBIKE_P",3.85,5,32333916652.475906,"forecast",1244855791.0
"Xanh mint","CITYBIKE_P",3.85,6,37295952870.054855,"forecast",1435894185.0
"bóng","SPORTBIKE_S",0.15,4,1541431097.5513232,"forecast",2312147.0
"bóng","SPORTBIKE_S",0.15,5,1574792231.439891,"forecast",2362188.0
"bóng","SPORTBIKE_S",0.15,6,1588640007.9487112,"forecast",2382960.0
"cam","SPORTBIKE_S",0.01,4,1541431097.5513232,"forecast",154143.0
"cam","SPORTBIKE_S",0.01,5,1574792231.439891,"forecast",157479.0
"cam","SPORTBIKE_S",0.01,6,1588640007.9487112,"forecast",158864.0
"chanh","KIDBIKE_1",0.18333333333333335,4,4213512187.3552694,"forecast",7724772.0
"chanh","KIDBIKE_1",0.18333333333333335,5,4477648654.835085,"forecast",8209023.0
"chanh","KIDBIKE_1",0.18333333333333335,6,4706246397.7048235,"forecast",8628118.0
"mờ","SPORTBIKE_S",0.09999999999999999,4,1541431097.5513232,"forecast",1541431.0
"mờ","SPORTBIKE_S",0.09999999999999999,5,1574792231.439891,"forecast",1574792.0
"mờ","SPORTBIKE_S",0.09999999999999999,6,1588640007.9487112,"forecast",1588640.0
"rêu","SPORTBIKE_S",0.06,4,1541431097.5513232,"forecast",924859.0
"rêu","SPORTBIKE_S",0.06,5,1574792231.439891,"forecast",944875.0
"rêu","SPORTBIKE_S",0.06,6,1588640007.9487112,"forecast",953184.0
"trắng","SPORTBIKE_S",0.01,4,1541431097.5513232,"forecast",154143.0
"trắng","SPORTBIKE_S",0.01,5,1574792231.439891,"forecast",157479.0
"trắng","SPORTBIKE_S",0.01,6,1588640007.9487112,"forecast",158864.0
"trời","SPORTBIKE_A",0.13,4,6010463104.570821,"forecast",7813602.0
"trời","SPORTBIKE_A",0.13,5,6019004435.045311,"forecast",7824706.0
"trời","SPORTBIKE_A",0.13,6,3935992054.5717845,"forecast",5116790.0
"xanh","SPORTBIKE_S",0.015,4,1541431097.5513232,"forecast",231215.0
"xanh","SPORTBIKE_S",0.015,5,1574792231.439891,"forecast",236219.0
"xanh","SPORTBIKE_S",0.015,6,1588640007.9487112,"forecast",238296.0
"Đen","CITYBIKE_P",7.016666666666667,4,26597273090.76848,"forecast",1866241995.0
"Đen","CITYBIKE_P",7.016666666666667,5,32333916652.475906,"forecast",2268763152.0
"Đen","CITYBIKE_P",7.016666666666667,6,37295952870.054855,"forecast",2616932693.0
"Đen","KIDBIKE_1",1.9666666666666668,4,4213512187.3552694,"forecast",82865740.0
"Đen","KIDBIKE_1",1.9666666666666668,5,4477648654.835085,"forecast",88060424.0
"Đen","KIDBIKE_1",1.9666666666666668,6,4706246397.7048235,"forecast",92556179.0
"Đen","SPORTBIKE_A",0.055,4,6010463104.570821,"forecast",3305755.0
"Đen","SPORTBIKE_A",0.055,5,6019004435.045311,"forecast",3310452.0
"Đen","SPORTBIKE_A",0.055,6,3935992054.5717845,"forecast",2164796.0
"Đen","SPORTBIKE_S",1.2966666666666666,4,1541431097.5513232,"forecast",19987223.0
"Đen","SPORTBIKE_S",1.2966666666666666,5,1574792231.439891,"forecast",20419806.0
"Đen","SPORTBIKE_S",1.2966666666666666,6,1588640007.9487112,"forecast",20599365.0
"Đỏ","KIDBIKE_1",0.8300000000000001,4,4213512187.3552694,"forecast",34972151.0
"Đỏ","KIDBIKE_1",0.8300000000000001,5,4477648654.835085,"forecast",37164484.0
"Đỏ","KIDBIKE_1",0.8300000000000001,6,4706246397.7048235,"forecast",39061845.0
"Đỏ","SPORTBIKE_S",0.33666666666666667,4,1541431097.5513232,"forecast",5189485.0
"Đỏ","SPORTBIKE_S",0.33666666666666667,5,1574792231.439891,"forecast",5301801.0
"Đỏ","SPORTBIKE_S",0.33666666666666667,6,1588640007.9487112,"forecast",5348421.0
"Đỏ tươi","CITYBIKE_P",1.3033333333333335,4,26597273090.76848,"forecast",346651126.0
"Đỏ tươi","CITYBIKE_P",1.3033333333333335,5,32333916652.475906,"forecast",421418714.0
"Đỏ tươi","CITYBIKE_P",1.3033333333333335,6,37295952870.054855,"forecast",486090586.0
"Đỏ tươi","KIDBIKE_1",0.18000000000000002,4,4213512187.3552694,"forecast",7584322.0
"Đỏ tươi","KIDBIKE_1",0.18000000000000002,5,4477648654.835085,"forecast",8059768.0
"Đỏ tươi","KIDBIKE_1",0.18000000000000002,6,4706246397.7048235,"forecast",8471244.0
"Đỏ đun","CITYBIKE_P",1.8833333333333335,4,26597273090.76848,"forecast",500915310.0
"Đỏ đun","CITYBIKE_P",1.8833333333333335,5,32333916652.475906,"forecast",608955430.0
"Đỏ đun","CITYBIKE_P",1.8833333333333335,6,37295952870.054855,"forecast",702407112.0
"Đỏ đun","SPORTBIKE_S",0.05000000000000001,4,1541431097.5513232,"forecast",770716.0
"Đỏ đun","SPORTBIKE_S",0.05000000000000001,5,1574792231.439891,"forecast",787396.0
"Đỏ đun","SPORTBIKE_S",0.05000000000000001,6,1588640007.9487112,"forecast",794320.0
