"customer_code","customer_name","province_name","region","recency_days","n_orders_total","revenue_total","avg_order_value","n_product_groups","trend_slope","active_in_t3","prob_purchase_30d","expected_orders_30d","activity_risk","priority_contact","trend_score","marketing_priority","marketing_priority_label"
"KH-00001","HỘ KINH DOANH TÚ ANH","Hà Nội","Miền Bắc",5,3,11527779,3842593.0,1,6916667.0,0,0.0316,0.007,"Nguy cơ cao",1,8.4,1,"Ưu tiên cao"
"KH-00002","CÔNG TY TNHH THƯƠNG MẠI VIỆT ANH","Hà Nội","Miền Bắc",84,1,3509259,3509259.0,1,0.0,0,"",0.0,"Nguy cơ cao",1,8.1,1,"Ưu tiên cao"
"KH-00003","CÔNG TY CỔ PHẦN THƯƠNG MẠI NAM TIẾN","Hà Nội","Miền Bắc",84,1,2398148,2398148.0,1,0.0,0,"",0.0,"Nguy cơ cao",1,8.1,1,"Ưu tiên cao"
"KH-00004","DOANH NGHIỆP TW KHẢI HOÀN","","",3,12,325238580,27911217.0,5,61825740.5,1,0.9639,0.695,"Tích cực",0,10.5,2,"Trung bình"
"KH-00005","CÔNG TY TNHH ĐẠI LỢI","Hà Nội","Miền Bắc",83,1,4425926,4425926.0,1,0.0,0,"",0.0,"Nguy cơ cao",1,8.1,1,"Ưu tiên cao"
"KH-00006","CÔNG TY TNHH CHI THÀNH","TP. Hồ Chí Minh","Miền Nam",10,83,1290609765,20560919.0,3,46455267.5,1,0.9832,1.194,"Tích cực",0,9.9,2,"Trung bình"
"KH-00007","CÔNG TY TNHH THƯƠNG MẠI ĐẠI LỢI","Lê Hoàn - Thị trấn Thọ Xuân - Huyện Thọ Xuân - Thanh Hoá","Miền Bắc",11,12,824872376,94127068.0,3,-212701204.0,1,0.9582,0.575,"Tích cực",0,0.0,2,"Trung bình"
"KH-00008","CÔNG TY CỔ PHẦN YÊN BÌNH","Hưng Yên","Miền Bắc",81,2,13685186,6648148.0,1,0.0,0,0.6319,0.107,"Tích cực",0,8.1,2,"Trung bình"
"KH-00009","CỬA HÀNG XE ĐẠP THIÊN AN","Hà Nội","Miền Bắc",81,2,88888888,44444444.0,1,0.0,0,0.6662,0.113,"Tích cực",0,8.1,2,"Trung bình"
"KH-00010","CỬA HÀNG XE ĐẠP QUANG VINH","Thái Nguyên","Miền Bắc",6,12,493851087,42174175.0,4,64070352.0,1,0.9629,0.579,"Tích cực",0,10.6,2,"Trung bình"
"KH-00011","DOANH NGHIỆP TW NAM TIẾN","Hà Nội","Miền Bắc",25,2,4611112,2305556.0,1,-0.0,0,0.0273,0.005,"Nguy cơ cao",1,8.1,1,"Ưu tiên cao"
"KH-00012","HỘ KINH DOANH THIÊN AN","Hà Nội","Miền Bắc",21,2,5185186,2592593.0,1,-0.0,0,0.0299,0.005,"Nguy cơ cao",1,8.1,1,"Ưu tiên cao"
"KH-00013","DOANH NGHIỆP TW THANH BÌNH","Hưng Yên","Miền Bắc",80,1,2490741,2490741.0,0,0.0,0,"",0.0,"Nguy cơ cao",1,8.1,1,"Ưu tiên cao"
"KH-00014","HỘ KINH DOANH LONG PHÚ","Bắc Ninh","Miền Bắc",14,9,310207551,39756667.0,4,1190000.0,1,0.9568,0.458,"Tích cực",0,8.2,2,"Trung bình"
"KH-00015","DOANH NGHIỆP TW MINH PHƯƠNG","Phú Thọ","Miền Bắc",6,3,77930000,25976667.0,4,31510000.0,0,0.0252,0.006,"Nguy cơ cao",1,9.3,1,"Ưu tiên cao"
"KH-00016","DOANH NGHIỆP TW VIỆT ANH","Quảng Trị","Miền Trung",5,4,93910000,23477500.0,2,20450000.0,0,0.0097,0.003,"Nguy cơ cao",1,8.9,1,"Ưu tiên cao"
"KH-00017","CỬA HÀNG XE ĐẠP THUỶ TIÊN","TT Hương Sơn- Phú Bình- Thái Nguyên","Miền Bắc",80,1,23350000,23350000.0,1,0.0,0,"",0.0,"Nguy cơ cao",1,8.1,1,"Ưu tiên cao"
"KH-00018","CÔNG TY TNHH THƯƠNG MẠI PHÚ THỊNH","Hà Nội","Miền Bắc",10,14,487106659,41967160.0,4,-67938519.0,1,0.97,0.645,"Tích cực",0,5.5,2,"Trung bình"
"KH-00019","CÔNG TY CỔ PHẦN THƯƠNG MẠI LÊ ANH","TP. Hồ Chí Minh","Miền Nam",6,70,4483061201,87700148.0,5,10402133.5,1,0.9769,0.893,"Tích cực",0,8.5,2,"Trung bình"
"KH-00020","DOANH NGHIỆP TW TRƯỜNG THỊNH","Hà Nội","Miền Bắc",79,1,124583332,124583332.0,1,0.0,0,"",0.0,"Nguy cơ cao",1,8.1,1,"Ưu tiên cao"
"KH-00021","HỘ KINH DOANH XÂY DỰNG","Hà Nội","Miền Bắc",79,1,87037037,87037037.0,1,0.0,0,"",0.0,"Nguy cơ cao",1,8.1,1,"Ưu tiên cao"
"KH-00022","CÔNG TY CỔ PHẦN VIỆT ANH","Hà Nội","Miền Bắc",6,18,548880528,11618887.0,5,16383323.5,1,0.973,0.833,"Tích cực",0,8.7,2,"Trung bình"
"KH-00023","CÔNG TY TNHH THANH BÌNH","Hà Nội","Miền Bắc",12,7,805982404,140416898.0,2,-140111110.0,1,0.9568,0.461,"Tích cực",0,2.8,2,"Trung bình"
"KH-00024","CÔNG TY TNHH MINH PHƯƠNG","Ninh Bình","Miền Bắc",6,20,948469943,44405000.0,3,29185000.0,1,0.9839,1.087,"Tích cực",0,9.2,2,"Trung bình"
"KH-00025","DOANH NGHIỆP TW SƠN HÀ","Thanh Hoá","Miền Trung",77,1,13277778,13277778.0,1,0.0,0,"",0.0,"Nguy cơ cao",1,8.1,1,"Ưu tiên cao"
"KH-00026","CÔNG TY CỔ PHẦN LÊ ANH","Thanh Hóa","Miền Trung",77,1,7777778,7777778.0,1,0.0,0,"",0.0,"Nguy cơ cao",1,8.1,1,"Ưu tiên cao"
"KH-00027","HỘ KINH DOANH ĐẠI DƯƠNG","Hà Nội","Miền Bắc",6,18,554169348,11377876.0,5,90412.0,1,0.9802,0.9,"Tích cực",0,8.1,2,"Trung bình"
"KH-00028","DOANH NGHIỆP TW PHÚ THỊNH","Phú Thọ","Miền Bắc",3,2,51050000,25525000.0,4,-17970000.0,0,0.0433,0.007,"Nguy cơ cao",1,7.4,1,"Ưu tiên cao"
"KH-00029","CÔNG TY TNHH THƯƠNG MẠI THANH BÌNH","Phan Thiết","Miền Bắc",74,1,4055556,4055556.0,0,0.0,0,"",0.0,"Nguy cơ cao",1,8.1,1,"Ưu tiên cao"
"KH-00030","CỬA HÀNG XE ĐẠP BÌNH MINH","Bắc Giang","Miền Bắc",74,2,1366346297,680818519.0,3,0.0,0,0.6489,0.111,"Tích cực",0,8.1,2,"Trung bình"
"KH-00031","CÔNG TY CỔ PHẦN THƯƠNG MẠI ĐẠI DƯƠNG","Hà Nội","Miền Bắc",74,1,4907408,4907408.0,1,0.0,0,"",0.0,"Nguy cơ cao",1,8.1,1,"Ưu tiên cao"
"KH-00032","HỘ KINH DOANH CHI THÀNH","Hà Nội","Miền Bắc",74,1,1935185,1935185.0,0,0.0,0,"",0.0,"Nguy cơ cao",1,8.1,1,"Ưu tiên cao"
"KH-00033","CỬA HÀNG XE ĐẠP HÙNG CƯỜNG","Hà Nội","Miền Bắc",73,1,11064815,11064815.0,1,0.0,0,"",0.0,"Nguy cơ cao",1,8.1,1,"Ưu tiên cao"
"KH-00034","CÔNG TY TNHH BÌNH MINH","Đà Nẵng","Miền Trung",39,2,32750000,16375000.0,3,9250000.0,0,0.0132,0.002,"Nguy cơ cao",1,8.5,1,"Ưu tiên cao"
"KH-00035","CỬA HÀNG XE ĐẠP TÂY BẮC","Đà Nẵng","Miền Trung",3,4,63200000,15800000.0,2,33200000.0,0,0.0081,0.002,"Nguy cơ cao",1,9.4,1,"Ưu tiên cao"
"KH-00036","CÔNG TY TNHH THƯƠNG MẠI PHÚC AN","Hà Nội","Miền Bắc",52,3,46324073,15441358.0,1,-16361111.0,0,0.0019,0.0,"Nguy cơ cao",1,7.5,1,"Ưu tiên cao"
"KH-00037","CÔNG TY TNHH THƯƠNG MẠI THANH BÌNH","Hà Nội","Miền Bắc",70,1,3879630,3879630.0,1,0.0,0,"",0.0,"Nguy cơ cao",1,8.1,1,"Ưu tiên cao"
"KH-00038","DOANH NGHIỆP TW TÂN TIẾN","Thái Nguyên","Miền Bắc",38,2,106679035,53339518.0,2,41979035.0,0,0.0128,0.002,"Nguy cơ cao",1,9.7,1,"Ưu tiên cao"
"KH-00039","CÔNG TY CỔ PHẦN ĐÔNG NAM","Phú Quốc","Miền Bắc",69,2,214953705,153703695.0,3,0.0,0,0.6338,0.11,"Tích cực",0,8.1,2,"Trung bình"
"KH-00040","CÔNG TY TNHH VẠN LỢI","Vinh","Miền Bắc",2,3,293400000,97800000.0,1,-69300000.0,0,0.0215,0.005,"Nguy cơ cao",1,5.5,1,"Ưu tiên cao"
"KH-00041","CỬA HÀNG XE ĐẠP ĐÔNG NAM","Thanh Hóa","Miền Trung",68,1,11064815,11064815.0,1,0.0,0,"",0.0,"Nguy cơ cao",1,8.1,1,"Ưu tiên cao"
"KH-00042","HỘ KINH DOANH MẶT TRỜI","Hà Nội","Miền Bắc",3,11,313552605,20385720.0,3,12413189.0,1,0.9561,0.591,"Tích cực",0,8.6,2,"Trung bình"
"KH-00043","CÔNG TY TNHH LONG PHÚ","TP Đà Nẵng","Miền Bắc",39,3,30650000,10216667.0,3,25930000.0,0,0.0039,0.001,"Nguy cơ cao",1,9.1,1,"Ưu tiên cao"
"KH-00044","CÔNG TY TNHH THƯƠNG MẠI NGỌC ANH","Tam Kỳ","Miền Bắc",67,3,100591187,29250000.0,2,0.0,1,0.8536,0.203,"Tích cực",0,8.1,2,"Trung bình"
"KH-00045","CÔNG TY TNHH AN PHÁT","Quảng Nam","Miền Trung",67,1,18111112,18111112.0,1,0.0,0,"",0.0,"Nguy cơ cao",1,8.1,1,"Ưu tiên cao"
"KH-00046","CÔNG TY CỔ PHẦN THƯƠNG MẠI MẶT TRỜI","Đồng Hới","Miền Bắc",14,5,529289495,106921036.0,2,2487507.0,1,0.9235,0.338,"Tích cực",0,8.2,2,"Trung bình"
"KH-00047","CÔNG TY CỔ PHẦN THƯƠNG MẠI TÚ ANH","Vĩnh Phúc","Miền Bắc",55,1,36180000,36180000.0,1,0.0,0,"",0.0,"Nguy cơ cao",1,8.1,1,"Ưu tiên cao"
"KH-00048","CÔNG TY TNHH THUỶ TIÊN","Hà Nội","Miền Bắc",39,5,26574074,4425926.0,1,0.0,1,0.935,0.351,"Tích cực",0,8.1,2,"Trung bình"
"KH-00049","CÔNG TY CỔ PHẦN THUỶ TIÊN","Bắc Ninh","Miền Bắc",3,7,157368957,29310027.0,4,-29393984.0,1,0.9182,0.346,"Tích cực",0,7.0,2,"Trung bình"
"KH-00050","CÔNG TY TNHH AN PHÁT","Hải Dương","Miền Bắc",52,1,2305556,2305556.0,1,0.0,0,"",0.0,"Nguy cơ cao",1,8.1,1,"Ưu tiên cao"
"KH-00051","CÔNG TY CỔ PHẦN KHẢI HOÀN","Hưng Yên","Miền Bắc",52,1,4611111,4611111.0,1,0.0,0,"",0.0,"Nguy cơ cao",1,8.1,1,"Ưu tiên cao"
"KH-00052","DOANH NGHIỆP TW TÂN TIẾN","Chí Linh","Miền Bắc",52,1,2212963,2212963.0,1,0.0,0,"",0.0,"Nguy cơ cao",1,8.1,1,"Ưu tiên cao"
"KH-00053","CÔNG TY TNHH TRƯỜNG THỊNH","Hà Nội","Miền Bắc",52,1,3694444,3694444.0,1,0.0,0,"",0.0,"Nguy cơ cao",1,8.1,1,"Ưu tiên cao"
"KH-00054","HỘ KINH DOANH TRÍ ĐỨC","Hà Nội","Miền Bắc",49,1,2398148,2398148.0,1,0.0,0,"",0.0,"Nguy cơ cao",1,8.1,1,"Ưu tiên cao"
"KH-00055","CÔNG TY TNHH THƯƠNG MẠI TÂY BẮC","Đắk Lắk","Miền Trung",49,1,4983333,4983333.0,1,0.0,0,"",0.0,"Nguy cơ cao",1,8.1,1,"Ưu tiên cao"
"KH-00056","DOANH NGHIỆP TW ĐÔNG NAM","Hà Nam","Miền Bắc",49,1,33090000,33090000.0,3,0.0,0,"",0.0,"Nguy cơ cao",1,8.1,1,"Ưu tiên cao"
"KH-00057","CÔNG TY CỔ PHẦN THƯƠNG MẠI TOÀN THẮNG","Nam Định","Miền Bắc",2,5,563575152,112715030.0,4,258464848.0,0,0.0009,0.0,"Nguy cơ cao",1,18.0,1,"Ưu tiên cao"
"KH-00058","DOANH NGHIỆP TW SÁN LẠP","TP Hải Dương","Miền Bắc",49,1,24000000,24000000.0,1,0.0,0,"",0.0,"Nguy cơ cao",1,8.1,1,"Ưu tiên cao"
"KH-00059","CÔNG TY TNHH TRÍ ĐỨC","Hải Dương","Miền Bắc",49,1,48680000,48680000.0,2,0.0,0,"",0.0,"Nguy cơ cao",1,8.1,1,"Ưu tiên cao"
"KH-00060","CÔNG TY TNHH THƯƠNG MẠI VẠN LỢI","Hà Nam","Miền Bắc",49,1,25550000,25550000.0,1,0.0,0,"",0.0,"Nguy cơ cao",1,8.1,1,"Ưu tiên cao"
"KH-00061","HỘ KINH DOANH THUỶ TIÊN","Hòa Bình","Miền Bắc",49,1,13730000,13730000.0,3,0.0,0,"",0.0,"Nguy cơ cao",1,8.1,1,"Ưu tiên cao"
"KH-00062","CÔNG TY CỔ PHẦN YÊN BÌNH","Lạng Sơn","Miền Bắc",0,2,119540000,59770000.0,5,-24140000.0,0,0.0265,0.005,"Nguy cơ cao",1,7.2,1,"Ưu tiên cao"
"KH-00063","HỘ KINH DOANH VẠN LỢI","Bắc Giang","Miền Bắc",3,2,51715148,25857574.0,2,10484852.0,0,0.0241,0.004,"Nguy cơ cao",1,8.5,1,"Ưu tiên cao"
"KH-00064","CÔNG TY TNHH SƠN HÀ","Khu 6 – TT Gia Lộc – Huyện Gia Lộc – Hải Dương","Miền Bắc",3,6,363062500,60510417.0,5,101262500.0,0,0.0008,0.0,"Nguy cơ cao",1,12.0,2,"Trung bình"
"KH-00065","CÔNG TY CỔ PHẦN QUANG VINH","Hà Nội","Miền Bắc",6,8,550630000,68828750.0,5,386270000.0,0,0.0,0.0,"Nguy cơ cao",1,22.9,1,"Ưu tiên cao"
"KH-00066","CÔNG TY CỔ PHẦN NGỌC ANH","Hà Nộ","Miền Bắc",49,1,34390000,34390000.0,2,0.0,0,"",0.0,"Nguy cơ cao",1,8.1,1,"Ưu tiên cao"
"KH-00067","DOANH NGHIỆP TW NGỌC ANH","Hà Nội","Miền Bắc",0,9,213946302,23771811.0,5,76163340.0,0,0.0,0.0,"Nguy cơ cao",1,11.0,1,"Ưu tiên cao"
"KH-00068","CÔNG TY CỔ PHẦN SÁN LẠP","Vĩnh Phúc","Miền Bắc",13,3,48010000,16003333.0,2,-13030000.0,0,0.0067,0.002,"Nguy cơ cao",1,7.6,1,"Ưu tiên cao"
"KH-00069","CÔNG TY TNHH MINH PHƯƠNG","Hà Nội","Miền Bắc",41,3,16611111,5537037.0,1,0.0,0,0.7536,0.187,"Tích cực",0,8.1,1,"Ưu tiên cao"
"KH-00070","CÔNG TY TNHH THƯƠNG MẠI CHI THÀNH","TP. Hồ Chí Minh","Miền Nam",46,1,8851852,8851852.0,1,0.0,0,"",0.0,"Nguy cơ cao",1,8.1,1,"Ưu tiên cao"
"KH-00071","CỬA HÀNG XE ĐẠP BÌNH MINH","Hà Nội","Miền Bắc",45,1,3509259,3509259.0,1,0.0,0,"",0.0,"Nguy cơ cao",1,8.1,1,"Ưu tiên cao"
"KH-00072","DOANH NGHIỆP TW PHÚC AN","Hà Tĩnh","Miền Trung",45,2,16061109,3450000.0,1,0.0,1,0.7223,0.132,"Tích cực",0,8.1,2,"Trung bình"
"KH-00073","CỬA HÀNG XE ĐẠP KHẢI HOÀN","Thanh Hoá","Miền Trung",0,2,62612500,31306250.0,2,-7507500.0,0,0.0239,0.004,"Nguy cơ cao",1,7.8,1,"Ưu tiên cao"
"KH-00074","CÔNG TY TNHH THƯƠNG MẠI HOÀ BÌNH","Hòa Bình","Miền Bắc",11,4,48486566,12915740.0,3,-5031481.0,1,0.8885,0.281,"Tích cực",0,7.9,2,"Trung bình"
"KH-00075","CÔNG TY CỔ PHẦN ĐÔNG NAM","Hà Nội","Miền Bắc",4,7,367627614,62571081.0,4,106875405.0,0,0.8651,0.389,"Tích cực",0,12.2,2,"Trung bình"
"KH-00076","CỬA HÀNG XE ĐẠP ĐẠI LỢI","Bắc Giang","Miền Bắc",11,11,1171219711,47339191.0,4,-18300573.0,1,0.9699,0.759,"Tích cực",0,7.4,2,"Trung bình"
"KH-00077","CÔNG TY CỔ PHẦN THƯƠNG MẠI NGỌC ANH","Hà Nội","Miền Bắc",45,1,35020000,35020000.0,2,0.0,0,"",0.0,"Nguy cơ cao",1,8.1,1,"Ưu tiên cao"
"KH-00078","HỘ KINH DOANH VĨNH PHÁT","Hà Nội","Miền Bắc",0,17,301886045,18864294.0,5,28776719.0,0,0.8589,0.844,"Tích cực",0,9.2,2,"Trung bình"
"KH-00079","CÔNG TY TNHH ĐÔNG NAM","Bắc Giang","Miền Bắc",14,8,255747688,41158215.0,5,-37976430.0,1,0.9434,0.424,"Tích cực",0,6.7,2,"Trung bình"
"KH-00080","HỘ KINH DOANH VĨNH PHÁT","Hà Nội","Miền Bắc",45,1,60020000,60020000.0,1,0.0,0,"",0.0,"Nguy cơ cao",1,8.1,1,"Ưu tiên cao"
"KH-00081","CÔNG TY TNHH THƯƠNG MẠI KHẢI HOÀN","Hưng Yên","Miền Bắc",45,1,45220000,45220000.0,4,0.0,0,"",0.0,"Nguy cơ cao",1,8.1,1,"Ưu tiên cao"
"KH-00082","CÔNG TY TNHH THƯƠNG MẠI PHÚC AN","Vĩnh Phúc","Miền Bắc",45,1,43600000,43600000.0,2,0.0,0,"",0.0,"Nguy cơ cao",1,8.1,1,"Ưu tiên cao"
"KH-00083","CÔNG TY CỔ PHẦN THƯƠNG MẠI THANH BÌNH","Hưng Yên","Miền Bắc",12,2,141400000,70700000.0,3,62500000.0,0,0.0155,0.003,"Nguy cơ cao",1,10.5,1,"Ưu tiên cao"
"KH-00084","CỬA HÀNG XE ĐẠP TOÀN THẮNG","Hưng Yên","Miền Bắc",45,1,17860000,17860000.0,2,0.0,0,"",0.0,"Nguy cơ cao",1,8.1,1,"Ưu tiên cao"
"KH-00085","CÔNG TY CỔ PHẦN THƯƠNG MẠI NGỌC ANH","Hà Nội","Miền Bắc",4,2,46780000,23390000.0,2,-740000.0,0,0.0208,0.004,"Nguy cơ cao",1,8.1,1,"Ưu tiên cao"
"KH-00086","CÔNG TY TNHH NGỌC ANH","Hà Nội","Miền Bắc",7,3,110019361,36673120.0,4,42724213.0,0,0.0077,0.002,"Nguy cơ cao",1,9.8,1,"Ưu tiên cao"
"KH-00087","CỬA HÀNG XE ĐẠP SÁN LẠP","Nghệ An","Miền Trung",45,1,24200000,24200000.0,1,0.0,0,"",0.0,"Nguy cơ cao",1,8.1,1,"Ưu tiên cao"
"KH-00088","CỬA HÀNG XE ĐẠP SÁN LẠP","Nghệ An","Miền Trung",0,9,489869595,31470661.0,4,49897357.0,1,0.9503,0.617,"Tích cực",0,10.0,2,"Trung bình"
"KH-00089","HỘ KINH DOANH TOÀN THẮNG","Nghệ A","Miền Bắc",45,1,138392643,138392643.0,3,0.0,0,"",0.0,"Nguy cơ cao",1,8.1,1,"Ưu tiên cao"
"KH-00090","CÔNG TY TNHH THƯƠNG MẠI TÂY BẮC","Thanh Hoá","Miền Trung",44,1,8518519,8518519.0,1,0.0,0,"",0.0,"Nguy cơ cao",1,8.1,1,"Ưu tiên cao"
"KH-00091","CÔNG TY TNHH BÌNH MINH","Hà Nội","Miền Bắc",3,55,9457911935,384087090.0,5,2405571585.0,1,0.9946,3.322,"Tích cực",0,100.0,3,"Thấp"
"KH-00092","CÔNG TY CỔ PHẦN THƯƠNG MẠI XUÂN MAI","Hà Nội","Miền Bắc",0,3,51482643,17160881.0,2,22962643.0,0,0.0096,0.002,"Nguy cơ cao",1,9.0,1,"Ưu tiên cao"
"KH-00093","CÔNG TY CỔ PHẦN PHÚC AN","Hà Nội","Miền Bắc",6,4,112430000,28107500.0,4,45290000.0,0,0.0018,0.001,"Nguy cơ cao",1,9.9,1,"Ưu tiên cao"
"KH-00094","HỘ KINH DOANH SÁN LẠP","Phú Thọ","Miền Bắc",0,2,41790000,20895000.0,3,-4870000.0,0,0.022,0.004,"Nguy cơ cao",1,7.9,1,"Ưu tiên cao"
"KH-00095","CÔNG TY CỔ PHẦN THƯƠNG MẠI KHẢI HOÀN","Hà Nội","Miền Bắc",42,1,34730000,34730000.0,3,0.0,0,"",0.0,"Nguy cơ cao",1,8.1,1,"Ưu tiên cao"
"KH-00096","CÔNG TY TNHH THƯƠNG MẠI SƠN HÀ","Hà Nội","Miền Bắc",13,2,52127000,26063500.0,3,3447000.0,0,0.0134,0.002,"Nguy cơ cao",1,8.3,1,"Ưu tiên cao"
"KH-00097","CÔNG TY TNHH XUÂN MAI","Hà Nội","Miền Bắc",0,8,199350113,24918764.0,5,-64741097.0,0,0.0,0.0,"Nguy cơ cao",1,5.7,1,"Ưu tiên cao"
"KH-00098","HỘ KINH DOANH MẶT TRỜI","Nghệ An","Miền Trung",13,3,302480000,100826667.0,2,-1080000.0,0,0.0134,0.002,"Nguy cơ cao",1,8.1,1,"Ưu tiên cao"
"KH-00099","CÔNG TY TNHH NGỌC ANH","Hà Nội","Miền Bắc",42,1,43710000,43710000.0,4,0.0,0,"",0.0,"Nguy cơ cao",1,8.1,1,"Ưu tiên cao"
"KH-00100","CỬA HÀNG XE ĐẠP ĐẠI LỢI","Hà Nội","Miền Bắc",9,3,87295102,29098367.0,4,10156058.0,0,0.0061,0.002,"Nguy cơ cao",1,8.5,1,"Ưu tiên cao"
"KH-00101","CÔNG TY CỔ PHẦN THƯƠNG MẠI QUANG VINH","Hà Nội","Miền Bắc",7,3,35420000,11806667.0,3,33060000.0,0,0.0067,0.002,"Nguy cơ cao",1,9.4,1,"Ưu tiên cao"
"KH-00102","CỬA HÀNG XE ĐẠP AN PHÁT","Bắc Ninh","Miền Bắc",42,2,94088326,69700000.0,1,0.0,1,0.7079,0.13,"Tích cực",0,8.1,2,"Trung bình"
"KH-00103","CÔNG TY CỔ PHẦN AN PHÁT","Bắc Giang","Miền Bắc",40,1,18680556,18680556.0,1,0.0,0,"",0.0,"Nguy cơ cao",1,8.1,1,"Ưu tiên cao"
"KH-00104","DOANH NGHIỆP TW THUỶ TIÊN","Thanh Hóa","Miền Trung",6,3,226215286,75405095.0,3,95544714.0,0,0.0065,0.002,"Nguy cơ cao",1,11.8,1,"Ưu tiên cao"
"KH-00105","CỬA HÀNG XE ĐẠP PHÚC AN","Bắc Ninh","Miền Bắc",40,1,34910000,34910000.0,2,0.0,0,"",0.0,"Nguy cơ cao",1,8.1,1,"Ưu tiên cao"
"KH-00106","CÔNG TY TNHH THƯƠNG MẠI TOÀN THẮNG","Thanh Hóa","Miền Trung",40,1,88360000,88360000.0,2,0.0,0,"",0.0,"Nguy cơ cao",1,8.1,1,"Ưu tiên cao"
"KH-00107","CÔNG TY TNHH LONG PHÚ","Bắc Ninh","Miền Bắc",3,3,82830000,27610000.0,2,39310000.0,0,0.0076,0.002,"Nguy cơ cao",1,9.6,1,"Ưu tiên cao"
"KH-00108","HỘ KINH DOANH LÊ ANH","Hà Nội","Miền Bắc",40,1,35900000,35900000.0,3,0.0,0,"",0.0,"Nguy cơ cao",1,8.1,1,"Ưu tiên cao"
"KH-00109","CÔNG TY CỔ PHẦN VẠN LỢI","Hà Nội","Miền Bắc",0,3,80790000,26930000.0,3,56990000.0,0,0.0088,0.002,"Nguy cơ cao",1,10.3,1,"Ưu tiên cao"
"KH-00110","CỬA HÀNG XE ĐẠP TÂY BẮC","Hà Nội","Miền Bắc",7,2,57900000,28950000.0,3,18400000.0,0,0.016,0.003,"Nguy cơ cao",1,8.8,1,"Ưu tiên cao"
"KH-00111","DOANH NGHIỆP TW MẶT TRỜI","Hà Nội","Miền Bắc",4,2,72628500,36314250.0,4,20548500.0,0,0.0179,0.003,"Nguy cơ cao",1,8.9,1,"Ưu tiên cao"
"KH-00112","HỘ KINH DOANH TÚ ANH","Khu 2- thị trấn Kim Tân- Thạch Thành - Thanh Hóa","Miền Bắc",12,2,61441481,30720740.0,3,-8918519.0,0,0.013,0.002,"Nguy cơ cao",1,7.8,1,"Ưu tiên cao"
"KH-00113","DOANH NGHIỆP TW XÂY DỰNG","Thanh Hoá","Miền Trung",40,2,41439439,17790000.0,1,0.0,0,0.6332,0.117,"Tích cực",0,8.1,2,"Trung bình"
"KH-00114","CỬA HÀNG XE ĐẠP NGỌC ANH","Phố Kiểu - Yên Trường - Yên Định - Thanh Hoá","Miền Bắc",40,1,22550000,22550000.0,3,0.0,0,"",0.0,"Nguy cơ cao",1,8.1,1,"Ưu tiên cao"
"KH-00115","CÔNG TY CỔ PHẦN YÊN BÌNH","Thanh Hóa","Miền Trung",0,2,52250000,26125000.0,3,-12470000.0,0,0.0207,0.004,"Nguy cơ cao",1,7.6,1,"Ưu tiên cao"
"KH-00116","HỘ KINH DOANH TOÀN THẮNG","Hưng Yên","Miền Bắc",40,1,57090000,57090000.0,2,0.0,0,"",0.0,"Nguy cơ cao",1,8.1,1,"Ưu tiên cao"
"KH-00117","HỘ KINH DOANH YÊN BÌNH","Hưng yên","Miền Bắc",0,2,48490000,24245000.0,2,570000.0,0,0.0207,0.004,"Nguy cơ cao",1,8.1,1,"Ưu tiên cao"
"KH-00118","HỘ KINH DOANH HÙNG CƯỜNG","Nam Định","Miền Bắc",39,1,7361111,7361111.0,1,0.0,0,"",0.0,"Nguy cơ cao",1,8.1,1,"Ưu tiên cao"
"KH-00119","DOANH NGHIỆP TW MẶT TRỜI","Hà Nội","Miền Bắc",6,2,53513597,26756798.0,4,-3231519.0,0,0.0161,0.003,"Nguy cơ cao",1,8.0,1,"Ưu tiên cao"
"KH-00120","CÔNG TY TNHH THANH BÌNH","Hà Nội","Miền Bắc",6,2,77920143,38960072.0,5,16434857.0,0,0.0161,0.003,"Nguy cơ cao",1,8.8,1,"Ưu tiên cao"
"KH-00121","CÔNG TY TNHH CHI THÀNH","Hưng Yên","Miền Bắc",39,1,25527929,25527929.0,4,0.0,0,"",0.0,"Nguy cơ cao",1,8.1,1,"Ưu tiên cao"
"KH-00122","CÔNG TY TNHH CHI THÀNH","Hưng Yên","Miền Bắc",39,1,28520000,28520000.0,3,0.0,0,"",0.0,"Nguy cơ cao",1,8.1,1,"Ưu tiên cao"
"KH-00123","CÔNG TY CỔ PHẦN THƯƠNG MẠI LONG PHÚ","Hà Nội","Miền Bắc",39,1,17390000,17390000.0,2,0.0,0,"",0.0,"Nguy cơ cao",1,8.1,1,"Ưu tiên cao"
"KH-00124","CÔNG TY CỔ PHẦN THƯƠNG MẠI AN PHÁT","Thanh Hoá","Miền Trung",39,1,36220000,36220000.0,2,0.0,0,"",0.0,"Nguy cơ cao",1,8.1,1,"Ưu tiên cao"
"KH-00125","HỘ KINH DOANH BÌNH MINH","Thanh Hóa","Miền Trung",39,1,21860000,21860000.0,1,0.0,0,"",0.0,"Nguy cơ cao",1,8.1,1,"Ưu tiên cao"
"KH-00126","HỘ KINH DOANH HOÀ BÌNH","Thanh Hoá","Miền Trung",7,3,106170000,35390000.0,4,30230000.0,0,0.0059,0.001,"Nguy cơ cao",1,9.3,1,"Ưu tiên cao"
"KH-00127","CỬA HÀNG XE ĐẠP TÂN TIẾN","Hà Nam","Miền Bắc",39,1,48240000,48240000.0,1,0.0,0,"",0.0,"Nguy cơ cao",1,8.1,1,"Ưu tiên cao"
"KH-00128","HỘ KINH DOANH TÂY BẮC","Thanh Hóa","Miền Trung",39,1,46560000,46560000.0,2,0.0,0,"",0.0,"Nguy cơ cao",1,8.1,1,"Ưu tiên cao"
"KH-00129","CÔNG TY CỔ PHẦN LÊ ANH","Tĩnh Thanh Hoá","Miền Bắc",39,1,60307929,60307929.0,4,0.0,0,"",0.0,"Nguy cơ cao",1,8.1,1,"Ưu tiên cao"
"KH-00130","CÔNG TY CỔ PHẦN THƯƠNG MẠI THUỶ TIÊN","Thanh Hoá","Miền Trung",0,5,191180000,38236000.0,3,117980000.0,0,0.0005,0.0,"Nguy cơ cao",1,12.6,1,"Ưu tiên cao"
"KH-00131","CÔNG TY TNHH QUANG VINH","Hà Nam","Miền Bắc",39,1,35090000,35090000.0,2,0.0,0,"",0.0,"Nguy cơ cao",1,8.1,1,"Ưu tiên cao"
"KH-00132","CÔNG TY TNHH THƯƠNG MẠI HOÀ BÌNH","Nghệ An","Miền Trung",3,4,341650000,85412500.0,4,194170000.0,0,0.0019,0.001,"Nguy cơ cao",1,15.5,1,"Ưu tiên cao"
"KH-00133","DOANH NGHIỆP TW YÊN BÌNH","Thanh Hoá","Miền Trung",17,9,324903357,13965370.0,2,-49861481.0,1,0.9632,0.634,"Tích cực",0,6.2,2,"Trung bình"
"KH-00134","DOANH NGHIỆP TW PHÚ THỊNH","Quảng Nam","Miền Trung",0,12,984310817,78892978.0,2,-20540447.0,1,0.959,0.633,"Tích cực",0,7.3,2,"Trung bình"
"KH-00135","CỬA HÀNG XE ĐẠP XUÂN MAI","Ninh Bình","Miền Bắc",37,1,34180000,34180000.0,3,0.0,0,"",0.0,"Nguy cơ cao",1,8.1,1,"Ưu tiên cao"
"KH-00136","CÔNG TY CỔ PHẦN NGỌC ANH","Tây Bình Cách - Xã Đông Xá - Huyện Đông Hưng - Thái Bình.","Miền Bắc",37,1,42370000,42370000.0,4,0.0,0,"",0.0,"Nguy cơ cao",1,8.1,1,"Ưu tiên cao"
"KH-00137","CÔNG TY TNHH THƯƠNG MẠI QUANG VINH","Hà Nam","Miền Bắc",37,1,36580000,36580000.0,3,0.0,0,"",0.0,"Nguy cơ cao",1,8.1,1,"Ưu tiên cao"
"KH-00138","CÔNG TY TNHH THƯƠNG MẠI VĨNH PHÁT","Thái Bình","Miền Bắc",37,1,52850000,52850000.0,3,0.0,0,"",0.0,"Nguy cơ cao",1,8.1,1,"Ưu tiên cao"
"KH-00139","HỘ KINH DOANH YÊN BÌNH","Hà Nội","Miền Bắc",0,3,124298146,41432715.0,3,-22847574.0,0,0.0078,0.002,"Nguy cơ cao",1,7.3,1,"Ưu tiên cao"
"KH-00140","CÔNG TY TNHH XÂY DỰNG","Hải Dương","Miền Bắc",10,3,98910000,32970000.0,5,17390000.0,0,0.0045,0.001,"Nguy cơ cao",1,8.8,1,"Ưu tiên cao"
"KH-00141","CÔNG TY CỔ PHẦN THƯƠNG MẠI TÂN TIẾN","Hải Phòng","Miền Bắc",37,1,108820000,108820000.0,3,0.0,0,"",0.0,"Nguy cơ cao",1,8.1,1,"Ưu tiên cao"
"KH-00142","CÔNG TY TNHH THƯƠNG MẠI CHI THÀNH","Hà Nội","Miền Bắc",0,4,66548500,16637125.0,5,39648500.0,0,0.0021,0.001,"Nguy cơ cao",1,9.6,1,"Ưu tiên cao"
"KH-00143","DOANH NGHIỆP TW TÂY BẮC","Vĩnh Phúc","Miền Bắc",37,1,29700000,29700000.0,2,0.0,0,"",0.0,"Nguy cơ cao",1,8.1,1,"Ưu tiên cao"
"KH-00144","CỬA HÀNG XE ĐẠP QUANG VINH","Vĩnh Yên","Miền Bắc",37,1,22418078,22418078.0,4,0.0,0,"",0.0,"Nguy cơ cao",1,8.1,1,"Ưu tiên cao"
"KH-00145","HỘ KINH DOANH PHÚ THỊNH","Quảng Ngãi","Miền Trung",37,1,22940000,22940000.0,4,0.0,0,"",0.0,"Nguy cơ cao",1,8.1,1,"Ưu tiên cao"
"KH-00146","HỘ KINH DOANH LONG PHÚ","Điện Biên","Miền Bắc",37,1,18640000,18640000.0,4,0.0,0,"",0.0,"Nguy cơ cao",1,8.1,1,"Ưu tiên cao"
"KH-00147","CÔNG TY TNHH PHÚ THỊNH","Hà Nội","Miền Bắc",2,19,884262666,58799414.0,5,46488159.0,1,0.9785,0.913,"Tích cực",0,9.9,2,"Trung bình"
"KH-00148","HỘ KINH DOANH THUỶ TIÊN","Hải Dươn","Miền Bắc",4,4,82782643,20695661.0,4,39937357.0,0,0.0063,0.002,"Nguy cơ cao",1,9.6,1,"Ưu tiên cao"
"KH-00149","CỬA HÀNG XE ĐẠP TÚ ANH","Hải Dương","Miền Bắc",10,2,66287929,33143964.0,5,-5247929.0,0,0.0127,0.002,"Nguy cơ cao",1,7.9,1,"Ưu tiên cao"
"KH-00150","HỘ KINH DOANH SÁN LẠP","Hải Dương","Miền Bắc",37,1,14582643,14582643.0,2,0.0,0,"",0.0,"Nguy cơ cao",1,8.1,1,"Ưu tiên cao"
"KH-00151","CÔNG TY TNHH LÊ ANH","Hà Tĩnh","Miền Trung",11,2,130261924,65130962.0,3,45661924.0,0,0.0122,0.002,"Nguy cơ cao",1,9.9,1,"Ưu tiên cao"
"KH-00152","HỘ KINH DOANH TRÍ ĐỨC","Nghệ An","Miền Trung",0,3,89045116,29681705.0,3,11385116.0,0,0.0189,0.004,"Nguy cơ cao",1,8.6,1,"Ưu tiên cao"
"KH-00153","CÔNG TY CỔ PHẦN THƯƠNG MẠI PHÚ THỊNH","Hà Tĩnh","Miền Trung",37,1,33900000,33900000.0,3,0.0,0,"",0.0,"Nguy cơ cao",1,8.1,1,"Ưu tiên cao"
"KH-00154","DOANH NGHIỆP TW VĨNH PHÁT","Hà Tĩnh","Miền Trung",0,3,80000000,26666667.0,1,32720000.0,0,0.0078,0.002,"Nguy cơ cao",1,9.4,1,"Ưu tiên cao"
"KH-00155","DOANH NGHIỆP TW HÙNG CƯỜNG","Hà Nội","Miền Bắc",3,4,140009520,35002380.0,5,59885286.0,0,0.0017,0.001,"Nguy cơ cao",1,10.4,1,"Ưu tiên cao"
"KH-00156","DOANH NGHIỆP TW VIỆT ANH","Thanh Hoá","Miền Trung",37,1,21250000,21250000.0,3,0.0,0,"",0.0,"Nguy cơ cao",1,8.1,1,"Ưu tiên cao"
"KH-00157","CÔNG TY TNHH THƯƠNG MẠI LONG PHÚ","Hà Nội","Miền Bắc",34,124,453848157,7018519.0,2,0.0,1,0.992,2.288,"Tích cực",0,8.1,2,"Trung bình"
"KH-00158","CÔNG TY TNHH THƯƠNG MẠI VIỆT ANH","Thái Bình","Miền Bắc",34,1,23040000,23040000.0,2,0.0,0,"",0.0,"Nguy cơ cao",1,8.1,1,"Ưu tiên cao"
"KH-00159","CÔNG TY TNHH THƯƠNG MẠI THANH BÌNH","Thủ Dầu Một","Miền Bắc",24,2,20750000,10375000.0,1,11527778.0,0,0.0055,0.001,"Nguy cơ cao",1,8.6,1,"Ưu tiên cao"
"KH-00160","CÔNG TY TNHH THƯƠNG MẠI TRÍ ĐỨC","Hà Nội","Miền Bắc",33,1,2768519,2768519.0,1,0.0,0,"",0.0,"Nguy cơ cao",1,8.1,1,"Ưu tiên cao"
"KH-00161","CÔNG TY TNHH THIÊN AN","Hà Nội","Miền Bắc",4,3,182845338,60948446.0,5,140450908.0,0,0.0052,0.001,"Nguy cơ cao",1,13.5,1,"Ưu tiên cao"
"KH-00162","CÔNG TY CỔ PHẦN THƯƠNG MẠI CHI THÀNH","Hà Nội","Miền Bắc",9,4,58132765,8940000.0,2,-3140000.0,1,0.8987,0.292,"Tích cực",0,8.0,2,"Trung bình"
"KH-00163","HỘ KINH DOANH XUÂN MAI","Hà Nội","Miền Bắc",0,4,82695483,20673871.0,4,34663635.0,0,0.0017,0.001,"Nguy cơ cao",1,9.4,1,"Ưu tiên cao"
"KH-00164","HỘ KINH DOANH XÂY DỰNG","Thân Nhân Trung - TT Bích Động - Việt Yên - Bắc Giang","Miền Bắc",10,2,61750000,30875000.0,3,10250000.0,0,0.0109,0.002,"Nguy cơ cao",1,8.5,1,"Ưu tiên cao"
"KH-00165","CÔNG TY CỔ PHẦN THƯƠNG MẠI TRƯỜNG THỊNH","Bắc Giang","Miền Bắc",33,1,10890000,10890000.0,3,0.0,0,"",0.0,"Nguy cơ cao",1,8.1,1,"Ưu tiên cao"
"KH-00166","HỘ KINH DOANH QUANG VINH","Tổ 1 - Phường Mường Thanh - TP Điện Biên Phủ","Miền Bắc",33,1,23312643,23312643.0,3,0.0,0,"",0.0,"Nguy cơ cao",1,8.1,1,"Ưu tiên cao"
"KH-00167","CÔNG TY CỔ PHẦN THƯƠNG MẠI LÊ ANH","Hà Nội","Miền Bắc",3,5,142484618,20555000.0,4,33440000.0,0,0.8829,0.347,"Tích cực",0,9.4,2,"Trung bình"
"KH-00168","DOANH NGHIỆP TW ĐẠI LỢI","Hà Nội","Miền Bắc",3,6,239090587,23887372.0,3,5897883.0,1,0.9351,0.432,"Tích cực",0,8.3,2,"Trung bình"
"KH-00169","CÔNG TY TNHH THƯƠNG MẠI VĨNH PHÁT","Ninh Bình","Miền Bắc",33,5,361208822,89420000.0,3,0.0,0,0.8829,0.347,"Tích cực",0,8.1,2,"Trung bình"
"KH-00170","CỬA HÀNG XE ĐẠP TRƯỜNG THỊNH","Ninh Bình","Miền Bắc",33,1,41700000,41700000.0,2,0.0,0,"",0.0,"Nguy cơ cao",1,8.1,1,"Ưu tiên cao"
"KH-00171","CÔNG TY CỔ PHẦN QUANG VINH","Hà Nội","Miền Bắc",32,1,24259259,24259259.0,1,0.0,0,"",0.0,"Nguy cơ cao",1,8.1,1,"Ưu tiên cao"
"KH-00172","CỬA HÀNG XE ĐẠP XÂY DỰNG","Đường Trang Quan - Xã An Đồng - Huyện An Dương - Hải Phòng.","Miền Bắc",0,3,352444443,133861110.0,1,-10166667.0,0,0.8328,0.214,"Tích cực",0,7.7,2,"Trung bình"
"KH-00173","DOANH NGHIỆP TW PHÚ THỊNH","Hà Nội","Miền Bắc",6,21,1582007777,75333704.0,5,0.0,0,0.0002,0.0,"Nguy cơ cao",1,8.1,1,"Ưu tiên cao"
"KH-00174","CÔNG TY CỔ PHẦN THƯƠNG MẠI LÊ ANH","Đà Nẵng","Miền Trung",25,1,23300000,23300000.0,1,0.0,0,"",0.0,"Nguy cơ cao",1,8.1,1,"Ưu tiên cao"
"KH-00175","CÔNG TY CỔ PHẦN THƯƠNG MẠI TÂN TIẾN","Hà Nội","Miền Bắc",25,1,7490741,7490741.0,1,0.0,0,"",0.0,"Nguy cơ cao",1,8.1,1,"Ưu tiên cao"
"KH-00176","CÔNG TY TNHH THUỶ TIÊN","Hà Nội","Miền Bắc",24,1,1472222,1472222.0,1,0.0,0,"",0.0,"Nguy cơ cao",1,8.1,1,"Ưu tiên cao"
"KH-00177","CÔNG TY CỔ PHẦN TRƯỜNG THỊNH","Hưng Yên","Miền Bắc",21,1,7388889,7388889.0,1,0.0,0,"",0.0,"Nguy cơ cao",1,8.1,1,"Ưu tiên cao"
"KH-00178","CÔNG TY CỔ PHẦN QUANG VINH","Hà Nội","Miền Bắc",21,1,2212963,2212963.0,1,0.0,0,"",0.0,"Nguy cơ cao",1,8.1,1,"Ưu tiên cao"
"KH-00179","CÔNG TY CỔ PHẦN TÂN TIẾN","Hà Nội","Miền Bắc",21,1,4240741,4240741.0,2,0.0,0,"",0.0,"Nguy cơ cao",1,8.1,1,"Ưu tiên cao"
"KH-00180","CÔNG TY TNHH THƯƠNG MẠI VẠN LỢI","Thanh Hoá","Miền Trung",17,5,213111625,47210000.0,1,0.0,1,0.9188,0.375,"Tích cực",0,8.1,2,"Trung bình"
"KH-00181","CÔNG TY TNHH LONG PHÚ","Thừa Thiên Huế","Miền Trung",17,4,431652757,145317087.0,2,0.0,1,0.8913,0.3,"Tích cực",0,8.1,2,"Trung bình"
"KH-00182","CÔNG TY CỔ PHẦN PHÚ THỊNH","Sơn La","Miền Bắc",17,1,13140000,13140000.0,3,0.0,0,"",0.0,"Nguy cơ cao",1,8.1,1,"Ưu tiên cao"
"KH-00183","DOANH NGHIỆP TW LONG PHÚ","Bắc Giang","Miền Bắc",17,1,20000000,20000000.0,2,0.0,0,"",0.0,"Nguy cơ cao",1,8.1,1,"Ưu tiên cao"
"KH-00184","DOANH NGHIỆP TW ĐẠI LỢI","Hoà Bình","Miền Bắc",0,2,24742962,12371481.0,5,0.0,0,0.0078,0.002,"Nguy cơ cao",1,8.1,1,"Ưu tiên cao"
"KH-00185","CÔNG TY TNHH THƯƠNG MẠI VĨNH PHÁT","Tỉnh Hòa Bình.","Miền Bắc",14,1,2546296,2546296.0,1,0.0,0,"",0.0,"Nguy cơ cao",1,8.1,1,"Ưu tiên cao"
"KH-00186","HỘ KINH DOANH XÂY DỰNG","Vĩnh Phúc","Miền Bắc",0,4,67567129,16891782.0,1,0.0,0,0.0004,0.0,"Nguy cơ cao",1,8.1,1,"Ưu tiên cao"
"KH-00187","HỘ KINH DOANH NGỌC ANH","Hà Nội","Miền Bắc",13,1,2768519,2768519.0,1,0.0,0,"",0.0,"Nguy cơ cao",1,8.1,1,"Ưu tiên cao"
"KH-00188","DOANH NGHIỆP TW XÂY DỰNG","Thanh Hóa","Miền Trung",13,2,75574075,37787038.0,5,0.0,0,"",0.0,"Nguy cơ cao",1,8.1,1,"Ưu tiên cao"
"KH-00189","CÔNG TY CỔ PHẦN MẶT TRỜI","Hà Nội","Miền Bắc",11,2,68267826,34133913.0,4,0.0,0,0.0037,0.001,"Nguy cơ cao",1,8.1,1,"Ưu tiên cao"
"KH-00190","HỘ KINH DOANH XÂY DỰNG","Hà Nội","Miền Bắc",11,3,54567000,18189000.0,4,0.0,0,0.0008,0.0,"Nguy cơ cao",1,8.1,1,"Ưu tiên cao"
"KH-00191","CÔNG TY CỔ PHẦN THƯƠNG MẠI XUÂN MAI","Hưng Yên","Miền Bắc",12,1,2768519,2768519.0,1,0.0,0,"",0.0,"Nguy cơ cao",1,8.1,1,"Ưu tiên cao"
"KH-00192","HỘ KINH DOANH KHẢI HOÀN","Hà Nội","Miền Bắc",0,3,47910000,15970000.0,4,0.0,0,0.002,0.001,"Nguy cơ cao",1,8.1,1,"Ưu tiên cao"
"KH-00193","CÔNG TY TNHH TÚ ANH","Đường Nguyễn Trải - P Ba Đình TP Thanh Hoá","Miền Bắc",0,4,244765884,61191471.0,4,0.0,0,0.0004,0.0,"Nguy cơ cao",1,8.1,1,"Ưu tiên cao"
"KH-00194","CỬA HÀNG XE ĐẠP SÁN LẠP","Hà Nội","Miền Bắc",3,6,379667219,77413000.0,5,0.0,1,0.9341,0.386,"Tích cực",0,8.1,2,"Trung bình"
"KH-00195","CỬA HÀNG XE ĐẠP BÌNH MINH","Hà Nội","Miền Bắc",6,2,38790000,19395000.0,4,0.0,0,0.0049,0.001,"Nguy cơ cao",1,8.1,1,"Ưu tiên cao"
"KH-00196","CÔNG TY CỔ PHẦN NAM TIẾN","Bắc Ninh","Miền Bắc",4,3,51900000,17300000.0,2,0.0,0,0.0015,0.0,"Nguy cơ cao",1,8.1,1,"Ưu tiên cao"
"KH-00197","CÔNG TY TNHH THƯƠNG MẠI MINH PHƯƠNG","Hà Nội","Miền Bắc",10,2,143952962,71976481.0,4,0.0,0,0.0037,0.001,"Nguy cơ cao",1,8.1,1,"Ưu tiên cao"
"KH-00198","CÔNG TY TNHH TRÍ ĐỨC","Hà Nội","Miền Bắc",6,4,161705220,40426305.0,5,0.0,0,0.0002,0.0,"Nguy cơ cao",1,8.1,1,"Ưu tiên cao"
"KH-00199","CỬA HÀNG XE ĐẠP TÚ ANH","Thanh Hoá","Miền Trung",7,2,64070000,32035000.0,3,0.0,0,0.0046,0.001,"Nguy cơ cao",1,8.1,1,"Ưu tiên cao"
"KH-00200","CÔNG TY CỔ PHẦN TOÀN THẮNG","Hà Nội","Miền Bắc",4,2,56517000,28258500.0,3,0.0,0,0.0056,0.001,"Nguy cơ cao",1,8.1,1,"Ưu tiên cao"
"KH-00201","HỘ KINH DOANH XUÂN MAI","Hải Dương","Miền Bắc",12,1,54234212,54234212.0,5,0.0,0,"",0.0,"Nguy cơ cao",1,8.1,1,"Ưu tiên cao"
"KH-00202","CÔNG TY CỔ PHẦN XUÂN MAI","Hà Nội","Miền Bắc",10,2,57790000,28895000.0,3,0.0,0,0.0037,0.001,"Nguy cơ cao",1,8.1,1,"Ưu tiên cao"
"KH-00203","CÔNG TY CỔ PHẦN THƯƠNG MẠI HOÀ BÌNH","Phú Thọ","Miền Bắc",12,1,2305556,2305556.0,1,0.0,0,"",0.0,"Nguy cơ cao",1,8.1,1,"Ưu tiên cao"
"KH-00204","CÔNG TY CỔ PHẦN ĐẠI DƯƠNG","Nam Định","Miền Bắc",11,1,24907407,24907407.0,1,0.0,0,"",0.0,"Nguy cơ cao",1,8.1,1,"Ưu tiên cao"
"KH-00205","CỬA HÀNG XE ĐẠP QUANG VINH","Hạ Long","Miền Bắc",11,1,58740000,58740000.0,4,0.0,0,"",0.0,"Nguy cơ cao",1,8.1,1,"Ưu tiên cao"
"KH-00206","CÔNG TY TNHH THƯƠNG MẠI MẶT TRỜI","Hà Nội","Miền Bắc",11,2,30030000,15015000.0,2,0.0,0,"",0.0,"Nguy cơ cao",1,8.1,1,"Ưu tiên cao"
"KH-00207","CỬA HÀNG XE ĐẠP VẠN LỢI","Bắc Giang","Miền Bắc",2,3,101357296,33785765.0,4,0.0,0,0.0016,0.0,"Nguy cơ cao",1,8.1,1,"Ưu tiên cao"
"KH-00208","CỬA HÀNG XE ĐẠP TÂY BẮC","Hà Nội","Miền Bắc",6,5,121615286,24323057.0,4,0.0,0,0.0011,0.0,"Nguy cơ cao",1,8.1,1,"Ưu tiên cao"
"KH-00209","CÔNG TY TNHH THƯƠNG MẠI VIỆT ANH","TP Hải Phòng","Miền Bắc",3,2,52103683,26051842.0,4,0.0,0,0.0056,0.001,"Nguy cơ cao",1,8.1,1,"Ưu tiên cao"
"KH-00210","DOANH NGHIỆP TW SÁN LẠP","Uông Bí","Miền Bắc",11,2,140878797,31677734.0,4,0.0,1,0.6928,0.137,"Tích cực",0,8.1,2,"Trung bình"
"KH-00211","CỬA HÀNG XE ĐẠP NAM TIẾN","Hà Tĩnh","Miền Trung",11,1,31530000,31530000.0,2,0.0,0,"",0.0,"Nguy cơ cao",1,8.1,1,"Ưu tiên cao"
"KH-00212","CỬA HÀNG XE ĐẠP TÂY BẮC","Hà Nội","Miền Bắc",9,4,99322643,24830661.0,5,0.0,0,0.0009,0.0,"Nguy cơ cao",1,8.1,1,"Ưu tiên cao"
"KH-00213","CÔNG TY CỔ PHẦN HOÀ BÌNH","Hà Nội","Miền Bắc",11,1,2305556,2305556.0,1,0.0,0,"",0.0,"Nguy cơ cao",1,8.1,1,"Ưu tiên cao"
"KH-00214","DOANH NGHIỆP TW QUANG VINH","Hải Dương","Miền Bắc",6,2,81983500,40991750.0,3,0.0,0,0.0046,0.001,"Nguy cơ cao",1,8.1,1,"Ưu tiên cao"
"KH-00215","DOANH NGHIỆP TW LÊ ANH","Hà Tĩnh","Miền Trung",0,2,37160000,18580000.0,5,0.0,0,0.0067,0.001,"Nguy cơ cao",1,8.1,1,"Ưu tiên cao"
"KH-00216","HỘ KINH DOANH NGỌC ANH","Hà Nam","Miền Bắc",11,1,61070000,61070000.0,3,0.0,0,"",0.0,"Nguy cơ cao",1,8.1,1,"Ưu tiên cao"
"KH-00217","DOANH NGHIỆP TW ĐẠI DƯƠNG","Thái Bình","Miền Bắc",6,9,562011596,64626667.0,2,0.0,1,0.9307,0.587,"Tích cực",0,8.1,2,"Trung bình"
"KH-00218","CÔNG TY TNHH THƯƠNG MẠI BÌNH MINH","Hải Dương","Miền Bắc",11,5,183270442,40060000.0,2,0.0,1,0.9248,0.383,"Tích cực",0,8.1,2,"Trung bình"
"KH-00219","CÔNG TY CỔ PHẦN THƯƠNG MẠI PHÚ THỊNH","Ninh Bình","Miền Bắc",6,10,499788138,36740000.0,5,0.0,1,0.9646,0.678,"Tích cực",0,8.1,2,"Trung bình"
"KH-00220","CỬA HÀNG XE ĐẠP VIỆT ANH","Nam Định","Miền Bắc",7,2,74017929,37008964.0,5,0.0,0,0.0043,0.001,"Nguy cơ cao",1,8.1,1,"Ưu tiên cao"
"KH-00221","CÔNG TY CỔ PHẦN VĨNH PHÁT","Hưng Yên","Miền Bắc",4,2,59460000,29730000.0,2,0.0,0,0.0053,0.001,"Nguy cơ cao",1,8.1,1,"Ưu tiên cao"
"KH-00222","CÔNG TY CỔ PHẦN TÂN TIẾN","Hà Nội","Miền Bắc",0,2,42161481,21080740.0,4,0.0,0,0.0067,0.001,"Nguy cơ cao",1,8.1,1,"Ưu tiên cao"
"KH-00223","CÔNG TY CỔ PHẦN THƯƠNG MẠI AN PHÁT","Hà Nội","Miền Bắc",10,1,33720000,33720000.0,3,0.0,0,"",0.0,"Nguy cơ cao",1,8.1,1,"Ưu tiên cao"
"KH-00224","DOANH NGHIỆP TW ĐÔNG NAM","Ninh Bình","Miền Bắc",10,1,36150000,36150000.0,2,0.0,0,"",0.0,"Nguy cơ cao",1,8.1,1,"Ưu tiên cao"
"KH-00225","CÔNG TY TNHH TÂY BẮC","Hà Nam","Miền Bắc",3,2,84160000,42080000.0,3,0.0,0,0.0053,0.001,"Nguy cơ cao",1,8.1,1,"Ưu tiên cao"
"KH-00226","CÔNG TY CỔ PHẦN VĨNH PHÁT","Hà Nội","Miền Bắc",10,1,26040000,26040000.0,1,0.0,0,"",0.0,"Nguy cơ cao",1,8.1,1,"Ưu tiên cao"
"KH-00227","CÔNG TY TNHH THƯƠNG MẠI TRÍ ĐỨC","Bắc Ninh","Miền Bắc",10,1,40920000,40920000.0,2,0.0,0,"",0.0,"Nguy cơ cao",1,8.1,1,"Ưu tiên cao"
"KH-00228","CÔNG TY CỔ PHẦN THƯƠNG MẠI XUÂN MAI","Hà Nội","Miền Bắc",10,1,18000000,18000000.0,2,0.0,0,"",0.0,"Nguy cơ cao",1,8.1,1,"Ưu tiên cao"
"KH-00229","DOANH NGHIỆP TW TRÍ ĐỨC","Bắc Giang","Miền Bắc",10,1,33980000,33980000.0,2,0.0,0,"",0.0,"Nguy cơ cao",1,8.1,1,"Ưu tiên cao"
"KH-00230","DOANH NGHIỆP TW ĐẠI LỢI","Hà Nội","Miền Bắc",10,1,20440000,20440000.0,2,0.0,0,"",0.0,"Nguy cơ cao",1,8.1,1,"Ưu tiên cao"
"KH-00231","CÔNG TY CỔ PHẦN THANH BÌNH","Hưng Yên","Miền Bắc",4,3,107772500,35924167.0,5,0.0,0,0.0013,0.0,"Nguy cơ cao",1,8.1,1,"Ưu tiên cao"
"KH-00232","HỘ KINH DOANH HOÀ BÌNH","Hội An","Miền Bắc",10,2,26361112,19000000.0,1,0.0,1,0.6942,0.137,"Tích cực",0,8.1,2,"Trung bình"
"KH-00233","DOANH NGHIỆP TW CHI THÀNH","Thái Bình","Miền Bắc",10,1,22840000,22840000.0,1,0.0,0,"",0.0,"Nguy cơ cao",1,8.1,1,"Ưu tiên cao"
"KH-00234","CÔNG TY TNHH KHẢI HOÀN","Thái Bình","Miền Bắc",10,1,24220000,24220000.0,2,0.0,0,"",0.0,"Nguy cơ cao",1,8.1,1,"Ưu tiên cao"
"KH-00235","CÔNG TY CỔ PHẦN THƯƠNG MẠI CHI THÀNH","Nam Định","Miền Bắc",10,2,87420000,43710000.0,2,0.0,0,"",0.0,"Nguy cơ cao",1,8.1,1,"Ưu tiên cao"
"KH-00236","CỬA HÀNG XE ĐẠP ĐÔNG NAM","Hà Nội","Miền Bắc",9,2,35880000,17940000.0,1,0.0,0,0.0035,0.001,"Nguy cơ cao",1,8.1,1,"Ưu tiên cao"
"KH-00237","DOANH NGHIỆP TW LÊ ANH","Tuyên Quang","Miền Bắc",9,2,59932962,29966481.0,5,0.0,0,0.0035,0.001,"Nguy cơ cao",1,8.1,1,"Ưu tiên cao"
"KH-00238","CÔNG TY CỔ PHẦN THƯƠNG MẠI TRƯỜNG THỊNH","Phú Thọ","Miền Bắc",10,1,33546143,33546143.0,4,0.0,0,"",0.0,"Nguy cơ cao",1,8.1,1,"Ưu tiên cao"
"KH-00239","HỘ KINH DOANH THANH BÌNH","Hội An","Miền Bắc",10,1,34357000,34357000.0,2,0.0,0,"",0.0,"Nguy cơ cao",1,8.1,1,"Ưu tiên cao"
"KH-00240","CÔNG TY CỔ PHẦN TRÍ ĐỨC","Sơn La","Miền Bắc",10,1,39050000,39050000.0,1,0.0,0,"",0.0,"Nguy cơ cao",1,8.1,1,"Ưu tiên cao"
"KH-00241","HỘ KINH DOANH PHÚ THỊNH","Thái Nguyên","Miền Bắc",6,2,88600000,44300000.0,1,0.0,0,0.0044,0.001,"Nguy cơ cao",1,8.1,1,"Ưu tiên cao"
"KH-00242","CÔNG TY CỔ PHẦN THƯƠNG MẠI HÙNG CƯỜNG","Bắc Kạn","Miền Bắc",6,2,36320000,18160000.0,3,0.0,0,0.0044,0.001,"Nguy cơ cao",1,8.1,1,"Ưu tiên cao"
"KH-00243","HỘ KINH DOANH VĨNH PHÁT","Hà Nam","Miền Bắc",10,1,35150000,35150000.0,3,0.0,0,"",0.0,"Nguy cơ cao",1,8.1,1,"Ưu tiên cao"
"KH-00244","CÔNG TY CỔ PHẦN THƯƠNG MẠI AN PHÁT","Phú Thọ","Miền Bắc",10,1,33400000,33400000.0,3,0.0,0,"",0.0,"Nguy cơ cao",1,8.1,1,"Ưu tiên cao"
"KH-00245","CỬA HÀNG XE ĐẠP TÂN TIẾN","Hà Nội","Miền Bắc",9,3,20111109,2120370.0,1,0.0,1,0.7002,0.139,"Tích cực",0,8.1,2,"Trung bình"
"KH-00246","CỬA HÀNG XE ĐẠP TRƯỜNG THỊNH","Hà Nội","Miền Bắc",6,2,38184000,19092000.0,4,0.0,0,0.0041,0.001,"Nguy cơ cao",1,8.1,1,"Ưu tiên cao"
"KH-00247","HỘ KINH DOANH NGỌC ANH","Hưng Yên","Miền Bắc",9,1,126890000,126890000.0,3,0.0,0,"",0.0,"Nguy cơ cao",1,8.1,1,"Ưu tiên cao"
"KH-00248","CÔNG TY CỔ PHẦN THƯƠNG MẠI ĐẠI DƯƠNG","Nghệ An","Miền Trung",3,2,100482859,50241430.0,4,0.0,0,0.005,0.001,"Nguy cơ cao",1,8.1,1,"Ưu tiên cao"
"KH-00249","HỘ KINH DOANH PHÚC AN","Thanh Hóa","Miền Trung",9,1,37560000,37560000.0,2,0.0,0,"",0.0,"Nguy cơ cao",1,8.1,1,"Ưu tiên cao"
"KH-00250","DOANH NGHIỆP TW XUÂN MAI","Hà Nội","Miền Bắc",0,4,95971481,23992870.0,5,0.0,0,0.0003,0.0,"Nguy cơ cao",1,8.1,1,"Ưu tiên cao"
"KH-00251","HỘ KINH DOANH KHẢI HOÀN","Hưng Yên","Miền Bắc",3,3,119020000,39673333.0,3,0.0,0,0.0013,0.0,"Nguy cơ cao",1,8.1,1,"Ưu tiên cao"
"KH-00252","CÔNG TY TNHH TÂY BẮC","Hà Nội","Miền Bắc",9,1,59107574,59107574.0,4,0.0,0,"",0.0,"Nguy cơ cao",1,8.1,1,"Ưu tiên cao"
"KH-00253","CÔNG TY TNHH YÊN BÌNH","Hà Nội","Miền Bắc",7,1,7490741,7490741.0,1,0.0,0,"",0.0,"Nguy cơ cao",1,8.1,1,"Ưu tiên cao"
"KH-00254","CỬA HÀNG XE ĐẠP ĐÔNG NAM","Hà Nam","Miền Bắc",6,2,43942860,21971430.0,3,0.0,0,0.0036,0.001,"Nguy cơ cao",1,8.1,1,"Ưu tiên cao"
"KH-00255","CÔNG TY TNHH PHÚ THỊNH","Hải Dương","Miền Bắc",4,2,58060000,29030000.0,4,0.0,0,0.0042,0.001,"Nguy cơ cao",1,8.1,1,"Ưu tiên cao"
"KH-00256","CÔNG TY TNHH XUÂN MAI","Hà Nội","Miền Bắc",0,6,151660000,25276667.0,5,0.0,0,0.0002,0.0,"Nguy cơ cao",1,8.1,1,"Ưu tiên cao"
"KH-00257","HỘ KINH DOANH PHÚC AN","Hà Nội","Miền Bắc",3,2,39541481,19770740.0,3,0.0,0,0.0045,0.001,"Nguy cơ cao",1,8.1,1,"Ưu tiên cao"
"KH-00258","CỬA HÀNG XE ĐẠP HOÀ BÌNH","Hà Nội","Miền Bắc",3,2,39361481,19680740.0,3,0.0,0,0.0045,0.001,"Nguy cơ cao",1,8.1,1,"Ưu tiên cao"
"KH-00259","DOANH NGHIỆP TW MINH PHƯƠNG","Hà Nội","Miền Bắc",7,1,35050000,35050000.0,4,0.0,0,"",0.0,"Nguy cơ cao",1,8.1,1,"Ưu tiên cao"
"KH-00260","CỬA HÀNG XE ĐẠP XUÂN MAI","Hà Nội","Miền Bắc",7,2,66020000,33010000.0,3,0.0,0,"",0.0,"Nguy cơ cao",1,8.1,1,"Ưu tiên cao"
"KH-00261","CÔNG TY TNHH THƯƠNG MẠI VẠN LỢI","Hà Nội","Miền Bắc",7,1,49160000,49160000.0,2,0.0,0,"",0.0,"Nguy cơ cao",1,8.1,1,"Ưu tiên cao"
"KH-00262","CÔNG TY TNHH VIỆT ANH","Hà Nội","Miền Bắc",4,2,64270000,32135000.0,1,0.0,0,0.0042,0.001,"Nguy cơ cao",1,8.1,1,"Ưu tiên cao"
"KH-00263","DOANH NGHIỆP TW TRƯỜNG THỊNH","Thanh Hoá","Miền Trung",7,1,35790000,35790000.0,2,0.0,0,"",0.0,"Nguy cơ cao",1,8.1,1,"Ưu tiên cao"
"KH-00264","DOANH NGHIỆP TW NGỌC ANH","Thanh Hoá","Miền Trung",6,3,131871676,43957225.0,4,0.0,0,0.0036,0.001,"Nguy cơ cao",1,8.1,1,"Ưu tiên cao"
"KH-00265","CÔNG TY TNHH THƯƠNG MẠI PHÚC AN","phố số 6 - Thị trấn Diêm Điền - Huyện Thái Thụy - Thái Bình.","Miền Bắc",6,2,115376430,57688215.0,4,0.0,0,0.0036,0.001,"Nguy cơ cao",1,8.1,1,"Ưu tiên cao"
"KH-00266","CỬA HÀNG XE ĐẠP TÂN TIẾN","Nam Định","Miền Bắc",7,1,83590000,83590000.0,2,0.0,0,"",0.0,"Nguy cơ cao",1,8.1,1,"Ưu tiên cao"
"KH-00267","CÔNG TY CỔ PHẦN HÙNG CƯỜNG","Nam Định","Miền Bắc",6,2,85460000,42730000.0,2,0.0,0,0.0036,0.001,"Nguy cơ cao",1,8.1,1,"Ưu tiên cao"
"KH-00268","CÔNG TY CỔ PHẦN THƯƠNG MẠI TRƯỜNG THỊNH","Hà Nội","Miền Bắc",6,1,58140000,58140000.0,2,0.0,0,"",0.0,"Nguy cơ cao",1,8.1,1,"Ưu tiên cao"
"KH-00269","HỘ KINH DOANH AN PHÁT","Phú Thọ","Miền Bắc",6,1,52678500,52678500.0,4,0.0,0,"",0.0,"Nguy cơ cao",1,8.1,1,"Ưu tiên cao"
"KH-00270","DOANH NGHIỆP TW TÚ ANH","Phú Thọ","Miền Bắc",6,1,57290000,57290000.0,2,0.0,0,"",0.0,"Nguy cơ cao",1,8.1,1,"Ưu tiên cao"
"KH-00271","CÔNG TY CỔ PHẦN THƯƠNG MẠI HÙNG CƯỜNG","Hà Nội","Miền Bắc",6,1,20030000,20030000.0,3,0.0,0,"",0.0,"Nguy cơ cao",1,8.1,1,"Ưu tiên cao"
"KH-00272","CÔNG TY TNHH THƯƠNG MẠI VĨNH PHÁT","Vĩnh Phúc","Miền Bắc",0,2,43920000,21960000.0,2,0.0,0,0.0051,0.001,"Nguy cơ cao",1,8.1,1,"Ưu tiên cao"
"KH-00273","CÔNG TY TNHH THƯƠNG MẠI PHÚ THỊNH","Vĩnh Phúc","Miền Bắc",6,1,44730000,44730000.0,3,0.0,0,"",0.0,"Nguy cơ cao",1,8.1,1,"Ưu tiên cao"
"KH-00274","CÔNG TY CỔ PHẦN THƯƠNG MẠI YÊN BÌNH","Vĩnh Phúc","Miền Bắc",6,1,18170000,18170000.0,2,0.0,0,"",0.0,"Nguy cơ cao",1,8.1,1,"Ưu tiên cao"
"KH-00275","CÔNG TY CỔ PHẦN THƯƠNG MẠI QUANG VINH","Thái Nguyên","Miền Bắc",6,1,35890000,35890000.0,3,0.0,0,"",0.0,"Nguy cơ cao",1,8.1,1,"Ưu tiên cao"
"KH-00276","CÔNG TY TNHH VẠN LỢI","Hà Nội","Miền Bắc",0,2,68110000,34055000.0,2,0.0,0,0.0051,0.001,"Nguy cơ cao",1,8.1,1,"Ưu tiên cao"
"KH-00277","CÔNG TY CỔ PHẦN THƯƠNG MẠI VĨNH PHÁT","Vinh","Miền Bắc",6,2,232490000,116245000.0,2,0.0,0,"",0.0,"Nguy cơ cao",1,8.1,1,"Ưu tiên cao"
"KH-00278","CÔNG TY TNHH QUANG VINH","Hà Nội","Miền Bắc",6,1,47790000,47790000.0,1,0.0,0,"",0.0,"Nguy cơ cao",1,8.1,1,"Ưu tiên cao"
"KH-00279","CỬA HÀNG XE ĐẠP CHI THÀNH","Hà Nam","Miền Bắc",6,1,17170000,17170000.0,2,0.0,0,"",0.0,"Nguy cơ cao",1,8.1,1,"Ưu tiên cao"
"KH-00280","CÔNG TY TNHH THƯƠNG MẠI MINH PHƯƠNG","Hà Nam","Miền Bắc",6,1,22480000,22480000.0,3,0.0,0,"",0.0,"Nguy cơ cao",1,8.1,1,"Ưu tiên cao"
"KH-00281","CỬA HÀNG XE ĐẠP PHÚC AN","Thanh Hoá","Miền Trung",6,1,42075286,42075286.0,4,0.0,0,"",0.0,"Nguy cơ cao",1,8.1,1,"Ưu tiên cao"
"KH-00282","CÔNG TY TNHH THƯƠNG MẠI LONG PHÚ","Hà Nội","Miền Bắc",3,3,51690000,17230000.0,3,0.0,0,0.0042,0.001,"Nguy cơ cao",1,8.1,1,"Ưu tiên cao"
"KH-00283","CỬA HÀNG XE ĐẠP TRƯỜNG THỊNH","Hưng Yên","Miền Bắc",4,2,54240000,27120000.0,1,0.0,0,0.0039,0.001,"Nguy cơ cao",1,8.1,1,"Ưu tiên cao"
"KH-00284","HỘ KINH DOANH NGỌC ANH","Hưng Yên","Miền Bắc",6,5,95944982,35470000.0,2,0.0,1,0.9129,0.316,"Tích cực",0,8.1,2,"Trung bình"
"KH-00285","CÔNG TY TNHH ĐÔNG NAM","Hà Nội","Miền Bắc",5,2,55041000,27520500.0,4,0.0,0,0.0036,0.001,"Nguy cơ cao",1,8.1,1,"Ưu tiên cao"
"KH-00286","DOANH NGHIỆP TW VIỆT ANH","Hà Nội","Miền Bắc",5,1,2398148,2398148.0,1,0.0,0,"",0.0,"Nguy cơ cao",1,8.1,1,"Ưu tiên cao"
"KH-00287","CÔNG TY TNHH THƯƠNG MẠI THUỶ TIÊN","Vĩnh Phúc","Miền Bắc",5,2,20111111,4611111.0,1,0.0,1,0.7297,0.146,"Tích cực",0,8.1,2,"Trung bình"
"KH-00288","CÔNG TY TNHH THƯƠNG MẠI TOÀN THẮNG","Nghệ An","Miền Trung",2,6,193937924,17844321.0,2,0.0,1,0.9341,0.461,"Tích cực",0,8.1,2,"Trung bình"
"KH-00289","CÔNG TY CỔ PHẦN KHẢI HOÀN","Hưng Yên","Miền Bắc",2,3,64680000,21560000.0,3,0.0,0,0.0042,0.001,"Nguy cơ cao",1,8.1,1,"Ưu tiên cao"
"KH-00290","CÔNG TY CỔ PHẦN THƯƠNG MẠI TÂY BẮC","Hưng Yên","Miền Bắc",5,1,14702643,14702643.0,3,0.0,0,"",0.0,"Nguy cơ cao",1,8.1,1,"Ưu tiên cao"
"KH-00291","CÔNG TY TNHH VĨNH PHÁT","Hà Nam","Miền Bắc",5,1,24000000,24000000.0,1,0.0,0,"",0.0,"Nguy cơ cao",1,8.1,1,"Ưu tiên cao"
"KH-00292","CÔNG TY TNHH VIỆT ANH","Hà Nội","Miền Bắc",5,1,28127001,28127001.0,3,0.0,0,"",0.0,"Nguy cơ cao",1,8.1,1,"Ưu tiên cao"
"KH-00293","CÔNG TY TNHH THƯƠNG MẠI TÚ ANH","Hà Nội","Miền Bắc",4,1,20277778,20277778.0,1,0.0,0,"",0.0,"Nguy cơ cao",1,8.1,1,"Ưu tiên cao"
"KH-00294","HỘ KINH DOANH SÁN LẠP","Hải Phòng","Miền Bắc",4,1,2305556,2305556.0,1,0.0,0,"",0.0,"Nguy cơ cao",1,8.1,1,"Ưu tiên cao"
"KH-00295","DOANH NGHIỆP TW XÂY DỰNG","Hà Nội","Miền Bắc",4,1,34400000,34400000.0,1,0.0,0,"",0.0,"Nguy cơ cao",1,8.1,1,"Ưu tiên cao"
"KH-00296","CÔNG TY TNHH THƯƠNG MẠI HOÀ BÌNH","Hà Nội","Miền Bắc",4,1,23580000,23580000.0,1,0.0,0,"",0.0,"Nguy cơ cao",1,8.1,1,"Ưu tiên cao"
"KH-00297","CỬA HÀNG XE ĐẠP TÂY BẮC","Hà Nội","Miền Bắc",4,1,20650000,20650000.0,1,0.0,0,"",0.0,"Nguy cơ cao",1,8.1,1,"Ưu tiên cao"
"KH-00298","CÔNG TY CỔ PHẦN THƯƠNG MẠI ĐÔNG NAM","Hà Nội","Miền Bắc",3,2,96307574,48153787.0,4,0.0,0,0.0037,0.001,"Nguy cơ cao",1,8.1,1,"Ưu tiên cao"
"KH-00299","CỬA HÀNG XE ĐẠP VIỆT ANH","Hà Tĩnh","Miền Trung",4,1,24430000,24430000.0,3,0.0,0,"",0.0,"Nguy cơ cao",1,8.1,1,"Ưu tiên cao"
"KH-00300","CÔNG TY TNHH THƯƠNG MẠI QUANG VINH","","",3,1,17490000,17490000.0,1,0.0,0,"",0.0,"Nguy cơ cao",1,8.1,1,"Ưu tiên cao"
"KH-00301","CÔNG TY TNHH THƯƠNG MẠI THUỶ TIÊN","Hải Phòng","Miền Bắc",3,1,64940000,64940000.0,1,0.0,0,"",0.0,"Nguy cơ cao",1,8.1,1,"Ưu tiên cao"
"KH-00302","CÔNG TY TNHH XÂY DỰNG","Hà Giang","Miền Bắc",3,1,36910000,36910000.0,4,0.0,0,"",0.0,"Nguy cơ cao",1,8.1,1,"Ưu tiên cao"
"KH-00303","CÔNG TY CỔ PHẦN BÌNH MINH","Hà Nội","Miền Bắc",3,1,12980000,12980000.0,2,0.0,0,"",0.0,"Nguy cơ cao",1,8.1,1,"Ưu tiên cao"
"KH-00304","DOANH NGHIỆP TW TÚ ANH","Hà Nội","Miền Bắc",3,1,17710000,17710000.0,1,0.0,0,"",0.0,"Nguy cơ cao",1,8.1,1,"Ưu tiên cao"
"KH-00305","CÔNG TY CỔ PHẦN TÂY BẮC","Hà Nội","Miền Bắc",0,2,32170000,16085000.0,3,0.0,0,0.0043,0.001,"Nguy cơ cao",1,8.1,1,"Ưu tiên cao"
"KH-00306","CÔNG TY TNHH HOÀ BÌNH","Vĩnh Phúc","Miền Bắc",3,1,16430000,16430000.0,1,0.0,0,"",0.0,"Nguy cơ cao",1,8.1,1,"Ưu tiên cao"
"KH-00307","DOANH NGHIỆP TW THIÊN AN","Quảng Ninh","Miền Bắc",3,1,29517574,29517574.0,4,0.0,0,"",0.0,"Nguy cơ cao",1,8.1,1,"Ưu tiên cao"
"KH-00308","CÔNG TY TNHH THIÊN AN","Cường Tráng - An Thịnh - Lương Tài - Bắc Ninh","Miền Bắc",3,1,38840000,38840000.0,4,0.0,0,"",0.0,"Nguy cơ cao",1,8.1,1,"Ưu tiên cao"
"KH-00309","CÔNG TY CỔ PHẦN PHÚC AN","Hải Dương","Miền Bắc",3,1,21610000,21610000.0,3,0.0,0,"",0.0,"Nguy cơ cao",1,8.1,1,"Ưu tiên cao"
"KH-00310","HỘ KINH DOANH VẠN LỢI","Quảng Ninh","Miền Bắc",3,1,34770000,34770000.0,2,0.0,0,"",0.0,"Nguy cơ cao",1,8.1,1,"Ưu tiên cao"
"KH-00311","CÔNG TY TNHH THƯƠNG MẠI QUANG VINH","Quảng Ninh","Miền Bắc",3,1,39960000,39960000.0,2,0.0,0,"",0.0,"Nguy cơ cao",1,8.1,1,"Ưu tiên cao"
"KH-00312","DOANH NGHIỆP TW HOÀ BÌNH","Quảng Ninh","Miền Bắc",3,1,46750000,46750000.0,2,0.0,0,"",0.0,"Nguy cơ cao",1,8.1,1,"Ưu tiên cao"
"KH-00313","DOANH NGHIỆP TW BÌNH MINH","Hà Nội","Miền Bắc",3,1,18730000,18730000.0,1,0.0,0,"",0.0,"Nguy cơ cao",1,8.1,1,"Ưu tiên cao"
"KH-00314","CÔNG TY TNHH THƯƠNG MẠI YÊN BÌNH","Hải Phòng","Miền Bắc",3,1,70640000,70640000.0,2,0.0,0,"",0.0,"Nguy cơ cao",1,8.1,1,"Ưu tiên cao"
"KH-00315","CÔNG TY CỔ PHẦN THƯƠNG MẠI THUỶ TIÊN","Vĩnh Yên","Miền Bắc",3,1,20889981,20889981.0,4,0.0,0,"",0.0,"Nguy cơ cao",1,8.1,1,"Ưu tiên cao"
"KH-00316","CÔNG TY CỔ PHẦN THƯƠNG MẠI THUỶ TIÊN","Hà Nội","Miền Bắc",3,1,42392500,42392500.0,3,0.0,0,"",0.0,"Nguy cơ cao",1,8.1,1,"Ưu tiên cao"
"KH-00317","CỬA HÀNG XE ĐẠP THIÊN AN","Hà Nội","Miền Bắc",3,1,17550000,17550000.0,2,0.0,0,"",0.0,"Nguy cơ cao",1,8.1,1,"Ưu tiên cao"
"KH-00318","HỘ KINH DOANH BÌNH MINH","Hòa Bình","Miền Bắc",2,1,30680000,30680000.0,1,0.0,0,"",0.0,"Nguy cơ cao",1,8.1,1,"Ưu tiên cao"
"KH-00319","CỬA HÀNG XE ĐẠP QUANG VINH","TP Hưng Yên","Miền Bắc",2,1,27978500,27978500.0,4,0.0,0,"",0.0,"Nguy cơ cao",1,8.1,1,"Ưu tiên cao"
"KH-00320","HỘ KINH DOANH PHÚC AN","Hà Nội","Miền Bắc",0,1,18020000,18020000.0,2,0.0,0,"",0.0,"Nguy cơ cao",1,8.1,1,"Ưu tiên cao"
"KH-00321","CỬA HÀNG XE ĐẠP VIỆT ANH","Hải Phòng","Miền Bắc",0,1,22250000,22250000.0,2,0.0,0,"",0.0,"Nguy cơ cao",1,8.1,1,"Ưu tiên cao"
"KH-00322","CÔNG TY TNHH THƯƠNG MẠI THANH BÌNH","Hải Phòng","Miền Bắc",0,1,16380000,16380000.0,2,0.0,0,"",0.0,"Nguy cơ cao",1,8.1,1,"Ưu tiên cao"
"KH-00323","CÔNG TY CỔ PHẦN PHÚ THỊNH","Nghệ An","Miền Trung",0,1,10850000,10850000.0,1,0.0,0,"",0.0,"Nguy cơ cao",1,8.1,1,"Ưu tiên cao"
"KH-00324","CÔNG TY CỔ PHẦN ĐÔNG NAM","Quảng Ninh","Miền Bắc",0,1,34180000,34180000.0,3,0.0,0,"",0.0,"Nguy cơ cao",1,8.1,1,"Ưu tiên cao"
"KH-00325","HỘ KINH DOANH THANH BÌNH","Hạ Long","Miền Bắc",0,1,59956468,59956468.0,1,0.0,0,"",0.0,"Nguy cơ cao",1,8.1,1,"Ưu tiên cao"
"KH-00326","CỬA HÀNG XE ĐẠP VĨNH PHÁT","Quảng NinhSố","Miền Bắc",0,1,13870000,13870000.0,3,0.0,0,"",0.0,"Nguy cơ cao",1,8.1,1,"Ưu tiên cao"
"KH-00327","CÔNG TY TNHH MẶT TRỜI","Vĩnh Phúc","Miền Bắc",0,1,55970000,55970000.0,1,0.0,0,"",0.0,"Nguy cơ cao",1,8.1,1,"Ưu tiên cao"
"KH-00328","CÔNG TY CỔ PHẦN PHÚC AN","Vĩnh Phúc","Miền Bắc",0,1,37780000,37780000.0,3,0.0,0,"",0.0,"Nguy cơ cao",1,8.1,1,"Ưu tiên cao"
"KH-00329","HỘ KINH DOANH TRÍ ĐỨC","Hà Nội","Miền Bắc",0,1,21666667,21666667.0,1,0.0,0,"",0.0,"Nguy cơ cao",1,8.1,1,"Ưu tiên cao"
"KH-00330","CÔNG TY TNHH THIÊN AN","Hà Giang","Miền Bắc",0,1,61560000,61560000.0,4,0.0,0,"",0.0,"Nguy cơ cao",1,8.1,1,"Ưu tiên cao"
"KH-00331","HỘ KINH DOANH ĐẠI DƯƠNG","Hà Giang","Miền Bắc",0,1,16960000,16960000.0,2,0.0,0,"",0.0,"Nguy cơ cao",1,8.1,1,"Ưu tiên cao"
"KH-00332","DOANH NGHIỆP TW TOÀN THẮNG","Hà Nội","Miền Bắc",0,1,24510000,24510000.0,1,0.0,0,"",0.0,"Nguy cơ cao",1,8.1,1,"Ưu tiên cao"
"KH-00333","DOANH NGHIỆP TW ĐÔNG NAM","Thanh Hoá","Miền Trung",0,1,22970000,22970000.0,2,0.0,0,"",0.0,"Nguy cơ cao",1,8.1,1,"Ưu tiên cao"
