customer_code,customer_name,province_name,region,so_don,tong_sl,tong_dt,ngay_dau,ngay_cuoi,so_nhom_sp,so_sku,gia_tb_chiec,span_ngay,don_tb_gia_tri
KH-00091,CÔNG TY TNHH BÌNH MINH,Hà Nội,Miền Bắc,29,4261.0,4978859631.0,2025-02-17,2026-02-27,5,157,1168472.0,375,171684815.0
KH-00019,CÔNG TY CỔ PHẦN THƯƠNG MẠI LÊ ANH,TP. Hồ Chí Minh,Miền Nam,57,1802.0,3621901755.0,2025-01-11,2026-02-24,5,47,2009934.0,409,63542136.0
KH-00173,DOANH NGHIỆP TW PHÚ THỊNH,Hà Nội,Miền Bắc,21,740.0,1582007777.0,2025-03-01,2025-03-25,5,30,2137848.0,24,75333704.0
KH-00030,CỬA HÀNG XE ĐẠP BÌNH MINH,Bắc Giang,Miền Bắc,2,616.0,1366346297.0,2025-01-16,2026-01-29,3,18,2218095.0,378,683173148.0
KH-00006,CÔNG TY TNHH CHI THÀNH,TP. Hồ Chí Minh,Miền Nam,67,668.0,1093917568.0,2025-01-07,2026-02-28,4,49,1637601.0,417,16327128.0
KH-00341,CỬA HÀNG XE ĐẠP VIỆT ANH,Ninh Bình,Miền Bắc,5,637.0,1019915422.0,2026-01-12,2026-02-13,3,48,1601123.0,32,203983084.0
KH-00023,CÔNG TY TNHH THANH BÌNH,Hà Nội,Miền Bắc,6,532.0,792315737.0,2025-01-13,2026-02-07,2,8,1489315.0,390,132052623.0
KH-00076,CỬA HÀNG XE ĐẠP ĐẠI LỢI,Bắc Giang,Miền Bắc,7,523.0,774919261.0,2025-02-14,2026-02-10,4,57,1481681.0,361,110702752.0
KH-00379,CÔNG TY TNHH MINH PHƯƠNG,Thái Nguyên,Miền Bắc,4,479.0,726215337.0,2026-01-16,2026-02-10,3,32,1516107.0,25,181553834.0
KH-00134,DOANH NGHIỆP TW PHÚ THỊNH,Quảng Nam,Miền Trung,8,430.0,706946062.0,2025-02-21,2026-02-25,3,47,1644061.0,369,88368258.0
KH-00366,HỘ KINH DOANH THIÊN AN,Nghệ An,Miền Trung,6,375.0,613513212.0,2026-01-16,2026-02-12,3,37,1636035.0,27,102252202.0
KH-00007,CÔNG TY TNHH THƯƠNG MẠI ĐẠI LỢI,Lê Hoàn - Thị trấn Thọ Xuân - Huyện Thọ Xuân - Thanh Hoá,Miền Bắc,7,379.0,606456878.0,2025-01-08,2026-01-28,5,50,1600150.0,385,86636697.0
KH-00372,CÔNG TY CỔ PHẦN THƯƠNG MẠI MẶT TRỜI,Thanh Hóa,Miền Trung,4,370.0,605388748.0,2026-01-16,2026-02-27,1,34,1636186.0,42,151347187.0
KH-00024,CÔNG TY TNHH MINH PHƯƠNG,Ninh Bình,Miền Bắc,11,415.0,597440112.0,2025-01-13,2026-02-26,4,62,1439615.0,409,54312737.0
KH-00338,CÔNG TY TNHH THƯƠNG MẠI ĐẠI LỢI,Hà Nội,Miền Bắc,14,389.0,595704823.0,2026-01-12,2026-02-27,4,82,1531375.0,46,42550344.0
KH-00057,CÔNG TY CỔ PHẦN THƯƠNG MẠI TOÀN THẮNG,Nam Định,Miền Bắc,5,499.0,563575152.0,2025-02-10,2025-03-29,4,45,1129409.0,47,112715030.0
KH-00065,CÔNG TY CỔ PHẦN QUANG VINH,Hà Nội,Miền Bắc,8,466.0,550630000.0,2025-02-10,2025-03-25,5,64,1181609.0,43,68828750.0
KH-00147,CÔNG TY TNHH PHÚ THỊNH,Hà Nội,Miền Bắc,8,350.0,466724370.0,2025-02-22,2026-02-24,5,59,1333498.0,367,58340546.0
KH-00217,DOANH NGHIỆP TW ĐẠI DƯƠNG,Thái Bình,Miền Bắc,8,315.0,428521619.0,2025-03-20,2026-02-24,3,36,1360386.0,341,53565202.0
KH-00463,CÔNG TY TNHH THƯƠNG MẠI YÊN BÌNH,Hà Nội,Miền Bắc,5,253.0,420589919.0,2026-01-26,2026-02-13,2,43,1662411.0,18,84117984.0
KH-00415,DOANH NGHIỆP TW KHẢI HOÀN,Thanh Hóa,Miền Trung,5,247.0,408331186.0,2026-01-23,2026-02-26,3,52,1653163.0,34,81666237.0
KH-00553,CÔNG TY CỔ PHẦN SƠN HÀ,Hà Nội,Miền Bắc,7,226.0,378472401.0,2026-01-29,2026-02-27,4,53,1674657.0,29,54067486.0
KH-00349,HỘ KINH DOANH TRƯỜNG THỊNH,Hà Nội,Miền Bắc,5,217.0,370238430.0,2026-01-12,2026-02-26,4,64,1706168.0,45,74047686.0
KH-00402,CÔNG TY CỔ PHẦN ĐẠI LỢI,Hà Nội,Miền Bắc,6,262.0,369750882.0,2026-01-22,2026-02-24,3,57,1411263.0,33,61625147.0
KH-00342,HỘ KINH DOANH VĨNH PHÁT,Hà Nội,Miền Bắc,5,227.0,368069456.0,2026-01-12,2026-02-26,3,57,1621451.0,45,73613891.0
KH-00364,DOANH NGHIỆP TW XUÂN MAI,TP Hải Phòng,Miền Bắc,4,217.0,367860667.0,2026-01-16,2026-02-27,2,50,1695210.0,42,91965167.0
KH-00075,CÔNG TY CỔ PHẦN ĐÔNG NAM,Hà Nội,Miền Bắc,7,272.0,367627614.0,2025-02-14,2026-01-26,5,58,1351572.0,346,52518231.0
KH-00064,CÔNG TY TNHH SƠN HÀ,Khu 6 – TT Gia Lộc – Huyện Gia Lộc – Hải Dương,Miền Bắc,6,290.0,363062500.0,2025-02-10,2025-03-28,5,42,1251940.0,46,60510417.0
KH-00169,CÔNG TY TNHH THƯƠNG MẠI VĨNH PHÁT,Ninh Bình,Miền Bắc,5,243.0,361208822.0,2025-02-26,2026-02-13,4,60,1486456.0,352,72241764.0
KH-00172,CỬA HÀNG XE ĐẠP XÂY DỰNG,Đường Trang Quan - Xã An Đồng - Huyện An Dương - Hải Phòng.,Miền Bắc,3,208.0,352444443.0,2025-02-28,2026-02-28,1,1,1694444.0,365,117481481.0
KH-00359,CÔNG TY CỔ PHẦN VẠN LỢI,Hà Nội,Miền Bắc,8,208.0,343228527.0,2026-01-13,2026-02-27,4,81,1650137.0,45,42903566.0
KH-00132,CÔNG TY TNHH THƯƠNG MẠI HOÀ BÌNH,Nghệ An,Miền Trung,4,287.0,341650000.0,2025-02-20,2025-03-28,4,37,1190418.0,36,85412500.0
KH-00387,CÔNG TY CỔ PHẦN THANH BÌNH,Bắc Ninh,Miền Bắc,2,228.0,337372776.0,2026-01-17,2026-02-10,3,86,1479705.0,24,168686388.0
KH-00181,CÔNG TY TNHH LONG PHÚ,Thừa Thiên Huế,Miền Trung,3,192.0,331016209.0,2025-03-14,2026-02-09,3,42,1724043.0,332,110338736.0
KH-00088,CỬA HÀNG XE ĐẠP SÁN LẠP,Nghệ An,Miền Trung,7,243.0,329280658.0,2025-02-14,2026-02-26,4,38,1355064.0,377,47040094.0
KH-00010,CỬA HÀNG XE ĐẠP QUANG VINH,Thái Nguyên,Miền Bắc,7,265.0,320339548.0,2025-01-09,2026-02-07,4,50,1208828.0,394,45762793.0
KH-00098,HỘ KINH DOANH MẶT TRỜI,Nghệ An,Miền Trung,3,260.0,302480000.0,2025-02-17,2025-03-18,2,33,1163385.0,29,100826667.0
KH-00078,HỘ KINH DOANH VĨNH PHÁT,Hà Nội,Miền Bắc,17,264.0,301886045.0,2025-02-14,2026-01-31,5,56,1143508.0,351,17758003.0
KH-00386,CÔNG TY TNHH THƯƠNG MẠI KHẢI HOÀN,Hà Nam,Miền Bắc,4,186.0,298647705.0,2026-01-17,2026-02-13,4,47,1605633.0,27,74661926.0
KH-00040,CÔNG TY TNHH VẠN LỢI,Vinh,Miền Bắc,3,163.0,293400000.0,2025-01-21,2025-03-29,1,1,1800000.0,67,97800000.0
KH-00046,CÔNG TY CỔ PHẦN THƯƠNG MẠI MẶT TRỜI,Đồng Hới,Miền Bắc,3,181.0,292164832.0,2025-01-24,2026-02-12,2,29,1614170.0,384,97388277.0
KH-00491,CÔNG TY TNHH PHÚC AN,Vinh,Miền Bắc,2,178.0,283026601.0,2026-01-27,2026-01-28,2,26,1590037.0,1,141513300.0
KH-00374,CÔNG TY CỔ PHẦN XÂY DỰNG,Hưng Yên,Miền Bắc,5,190.0,273669448.0,2026-01-16,2026-02-27,4,44,1440366.0,42,54733890.0
KH-00018,CÔNG TY TNHH THƯƠNG MẠI PHÚ THỊNH,Hà Nội,Miền Bắc,6,208.0,270234859.0,2025-01-10,2026-02-12,4,51,1299206.0,398,45039143.0
KH-00157,CÔNG TY TNHH THƯƠNG MẠI LONG PHÚ,Hà Nội,Miền Bắc,52,85.0,252138899.0,2025-02-25,2026-02-28,5,45,2966340.0,368,4848825.0
KH-00423,DOANH NGHIỆP TW THIÊN AN,Bắc Giang,Miền Bắc,5,143.0,248468641.0,2026-01-23,2026-02-27,3,22,1737543.0,35,49693728.0
KH-00334,HỘ KINH DOANH YÊN BÌNH,Hà Nội,Miền Bắc,2,170.0,244805554.0,2026-01-06,2026-01-06,2,4,1440033.0,0,122402777.0
KH-00193,CÔNG TY TNHH TÚ ANH,Đường Nguyễn Trải - P Ba Đình TP Thanh Hoá,Miền Bắc,4,204.0,244765884.0,2025-03-19,2025-03-31,4,49,1199833.0,12,61191471.0
KH-00219,CÔNG TY CỔ PHẦN THƯƠNG MẠI PHÚ THỊNH,Ninh Bình,Miền Bắc,5,157.0,239920519.0,2025-03-20,2026-02-06,5,34,1528156.0,323,47984104.0
KH-00277,CÔNG TY CỔ PHẦN THƯƠNG MẠI VĨNH PHÁT,Vinh,Miền Bắc,2,200.0,232490000.0,2025-03-25,2025-03-25,2,31,1162450.0,0,116245000.0
KH-00194,CỬA HÀNG XE ĐẠP SÁN LẠP,Hà Nội,Miền Bắc,3,179.0,227427256.0,2025-03-19,2026-02-12,5,65,1270543.0,330,75809085.0
KH-00426,CÔNG TY CỔ PHẦN THƯƠNG MẠI THIÊN AN,Thái Nguyên,Miền Bắc,3,138.0,227020711.0,2026-01-24,2026-02-27,2,26,1645078.0,34,75673570.0
KH-00453,CÔNG TY TNHH YÊN BÌNH,Ninh Bình,Miền Bắc,4,143.0,226995509.0,2026-01-24,2026-02-26,1,33,1587381.0,33,56748877.0
KH-00104,DOANH NGHIỆP TW THUỶ TIÊN,Thanh Hóa,Miền Trung,3,185.0,226215286.0,2025-02-19,2025-03-25,3,36,1222785.0,34,75405095.0
KH-00027,HỘ KINH DOANH ĐẠI DƯƠNG,Hà Nội,Miền Bắc,10,140.0,222053507.0,2025-01-13,2026-02-04,5,48,1586096.0,387,22205351.0
KH-00039,CÔNG TY CỔ PHẦN ĐÔNG NAM,Phú Quốc,Miền Bắc,2,90.0,214953705.0,2025-01-21,2026-01-20,4,7,2388374.0,364,107476852.0
KH-00067,DOANH NGHIỆP TW NGỌC ANH,Hà Nội,Miền Bắc,9,170.0,213946302.0,2025-02-10,2025-03-31,5,63,1258508.0,49,23771811.0
KH-00079,CÔNG TY TNHH ĐÔNG NAM,Bắc Giang,Miền Bắc,6,152.0,212673064.0,2025-02-14,2026-02-11,5,54,1399165.0,362,35445511.0
KH-00404,HỘ KINH DOANH PHÚ THỊNH,Thanh Hóa,Miền Trung,5,129.0,211169406.0,2026-01-22,2026-02-27,4,16,1636972.0,36,42233881.0
KH-00488,CÔNG TY TNHH TRƯỜNG THỊNH,Ninh Bình,Miền Bắc,5,140.0,203177562.0,2026-01-27,2026-02-27,4,40,1451268.0,31,40635512.0
KH-00377,DOANH NGHIỆP TW PHÚ THỊNH,Hà Nội,Miền Bắc,3,120.0,202712911.0,2026-01-16,2026-02-12,4,53,1689274.0,27,67570970.0
KH-00042,HỘ KINH DOANH MẶT TRỜI,Hà Nội,Miền Bắc,8,128.0,200660317.0,2025-01-22,2026-02-12,4,47,1567659.0,386,25082540.0
KH-00385,CÔNG TY CỔ PHẦN THƯƠNG MẠI THIÊN AN,Hải Dương,Miền Bắc,4,115.0,200372170.0,2026-01-16,2026-02-27,3,18,1742367.0,42,50093042.0
KH-00097,CÔNG TY TNHH XUÂN MAI,Hà Nội,Miền Bắc,8,167.0,199350113.0,2025-02-17,2025-03-31,5,60,1193713.0,42,24918764.0
KH-00605,CÔNG TY CỔ PHẦN VĨNH PHÁT,TP Hải Phòng,Miền Bắc,12,127.0,197154205.0,2026-02-05,2026-02-24,4,34,1552395.0,19,16429517.0
KH-00133,DOANH NGHIỆP TW YÊN BÌNH,Thanh Hoá,Miền Trung,7,148.0,193706159.0,2025-02-20,2026-02-27,3,32,1308825.0,372,27672308.0
KH-00130,CÔNG TY CỔ PHẦN THƯƠNG MẠI THUỶ TIÊN,Thanh Hoá,Miền Trung,5,160.0,191180000.0,2025-02-20,2025-03-31,3,41,1194875.0,39,38236000.0
KH-00360,CÔNG TY TNHH THƯƠNG MẠI LONG PHÚ,Thanh Hóa,Miền Trung,2,129.0,191129200.0,2026-01-13,2026-01-24,4,39,1481622.0,11,95564600.0
KH-00487,DOANH NGHIỆP TW TRƯỜNG THỊNH,Bắc Ninh,Miền Bắc,3,111.0,188365334.0,2026-01-27,2026-02-13,3,36,1696985.0,17,62788445.0
KH-00584,CÔNG TY TNHH CHI THÀNH,Hà Nội,Miền Bắc,4,125.0,187949942.0,2026-01-31,2026-02-27,3,40,1503600.0,27,46987486.0
KH-00022,CÔNG TY CỔ PHẦN VIỆT ANH,Hà Nội,Miền Bắc,17,150.0,187130528.0,2025-01-13,2026-01-28,5,50,1247537.0,380,11007678.0
KH-00161,CÔNG TY TNHH THIÊN AN,Hà Nội,Miền Bắc,3,103.0,182845338.0,2025-02-26,2025-03-27,5,54,1775197.0,29,60948446.0
KH-00180,CÔNG TY TNHH THƯƠNG MẠI VẠN LỢI,Thanh Hoá,Miền Trung,4,123.0,182675520.0,2025-03-14,2026-02-26,1,29,1485167.0,349,45668880.0
KH-00458,HỘ KINH DOANH VẠN LỢI,Hà Tĩnh,Miền Trung,3,112.0,182444860.0,2026-01-24,2026-02-24,3,37,1628972.0,31,60814953.0
KH-00350,CÔNG TY TNHH BÌNH MINH,Hà Nội,Miền Bắc,3,109.0,180163850.0,2026-01-12,2026-02-13,2,21,1652879.0,32,60054617.0
KH-00414,HỘ KINH DOANH ĐẠI LỢI,Hà Nội,Miền Bắc,4,114.0,179998377.0,2026-01-23,2026-02-12,2,33,1578933.0,20,44999594.0
KH-00594,DOANH NGHIỆP TW LONG PHÚ,Nghệ An,Miền Trung,2,141.0,171441583.0,2026-02-04,2026-02-04,3,24,1215898.0,0,85720792.0
KH-00380,DOANH NGHIỆP TW HÙNG CƯỜNG,Ninh Bình,Miền Bắc,5,116.0,171279116.0,2026-01-16,2026-02-26,4,42,1476544.0,41,34255823.0
KH-00198,CÔNG TY TNHH TRÍ ĐỨC,Hà Nội,Miền Bắc,4,136.0,161705220.0,2025-03-19,2025-03-25,5,42,1189009.0,6,40426305.0
KH-00383,HỘ KINH DOANH VẠN LỢI,Ninh Bình,Miền Bắc,3,98.0,159137735.0,2026-01-16,2026-02-12,1,20,1623854.0,27,53045912.0
KH-00014,HỘ KINH DOANH LONG PHÚ,Bắc Ninh,Miền Bắc,4,140.0,158743324.0,2025-01-10,2026-01-19,4,26,1133881.0,374,39685831.0
KH-00343,CÔNG TY CỔ PHẦN THƯƠNG MẠI THUỶ TIÊN,Thanh Hóa,Miền Trung,2,96.0,157208843.0,2026-01-12,2026-02-13,1,28,1637592.0,32,78604422.0
KH-00519,CÔNG TY CỔ PHẦN XUÂN MAI,Hưng Yên,Miền Bắc,3,96.0,155462755.0,2026-01-28,2026-02-27,1,25,1619404.0,30,51820918.0
KH-00428,CỬA HÀNG XE ĐẠP NAM TIẾN,Quảng Ninh,Miền Bắc,2,86.0,155356897.0,2026-01-24,2026-02-24,4,23,1806476.0,31,77678448.0
KH-00168,DOANH NGHIỆP TW ĐẠI LỢI,Hà Nội,Miền Bắc,4,125.0,155338390.0,2025-02-26,2026-02-04,4,35,1242707.0,343,38834598.0
KH-00586,CÔNG TY CỔ PHẦN THƯƠNG MẠI MINH PHƯƠNG,Phú Thọ,Miền Bắc,1,83.0,152828578.0,2026-01-31,2026-01-31,4,82,1841308.0,0,152828578.0
KH-00256,CÔNG TY TNHH XUÂN MAI,Hà Nội,Miền Bắc,6,155.0,151660000.0,2025-03-24,2025-03-31,5,34,978452.0,7,25276667.0
KH-00557,CÔNG TY TNHH THƯƠNG MẠI MINH PHƯƠNG,Hà Nội,Miền Bắc,4,85.0,146904319.0,2026-01-29,2026-02-27,4,26,1728286.0,29,36726080.0
KH-00419,DOANH NGHIỆP TW ĐẠI DƯƠNG,Hà Nội,Miền Bắc,3,89.0,146841073.0,2026-01-23,2026-02-04,4,32,1649900.0,12,48947024.0
KH-00197,CÔNG TY TNHH THƯƠNG MẠI MINH PHƯƠNG,Hà Nội,Miền Bắc,2,127.0,143952962.0,2025-03-19,2025-03-21,4,34,1133488.0,2,71976481.0
KH-00410,CỬA HÀNG XE ĐẠP NAM TIẾN,Nghệ An,Miền Trung,2,91.0,142988859.0,2026-01-22,2026-01-24,2,10,1571306.0,2,71494430.0
KH-00167,CÔNG TY CỔ PHẦN THƯƠNG MẠI LÊ ANH,Hà Nội,Miền Bắc,5,103.0,142484618.0,2025-02-26,2026-02-13,4,40,1383346.0,352,28496924.0
KH-00083,CÔNG TY CỔ PHẦN THƯƠNG MẠI THANH BÌNH,Hưng Yên,Miền Bắc,2,121.0,141400000.0,2025-02-14,2025-03-19,3,35,1168595.0,33,70700000.0
KH-00155,DOANH NGHIỆP TW HÙNG CƯỜNG,Hà Nội,Miền Bắc,4,126.0,140009520.0,2025-02-22,2025-03-28,5,35,1111187.0,34,35002380.0
KH-00089,HỘ KINH DOANH TOÀN THẮNG,Nghệ A,Miền Bắc,1,115.0,138392643.0,2025-02-14,2025-02-14,3,18,1203414.0,0,138392643.0
KH-00536,CỬA HÀNG XE ĐẠP LONG PHÚ,Hà Nội,Miền Bắc,1,82.0,135639972.0,2026-01-28,2026-01-28,2,29,1654146.0,0,135639972.0
KH-00564,CỬA HÀNG XE ĐẠP SÁN LẠP,Thái Bình,Miền Bắc,3,68.0,132364973.0,2026-01-30,2026-02-05,3,28,1946544.0,6,44121658.0
KH-00264,DOANH NGHIỆP TW NGỌC ANH,Thanh Hoá,Miền Trung,3,113.0,131871676.0,2025-03-24,2025-03-25,4,34,1167006.0,1,43957225.0
KH-00505,CÔNG TY CỔ PHẦN TÚ ANH,Nghệ An,Miền Trung,3,74.0,130865894.0,2026-01-28,2026-02-27,3,32,1768458.0,30,43621965.0
KH-00151,CÔNG TY TNHH LÊ ANH,Hà Tĩnh,Miền Trung,2,91.0,130261924.0,2025-02-22,2025-03-20,3,36,1431450.0,26,65130962.0
KH-00382,CÔNG TY TNHH LÊ ANH,Ninh Bình,Miền Bắc,4,78.0,130206084.0,2026-01-16,2026-02-24,1,20,1669309.0,39,32551521.0
KH-00408,CÔNG TY CỔ PHẦN MINH PHƯƠNG,Thanh Hóa,Miền Trung,3,64.0,129384237.0,2026-01-22,2026-02-06,3,16,2021629.0,15,43128079.0
KH-00484,CÔNG TY CỔ PHẦN THƯƠNG MẠI HOÀ BÌNH,Bắc Ninh,Miền Bắc,2,81.0,128189783.0,2026-01-27,2026-02-26,3,32,1582590.0,30,64094892.0
KH-00558,CÔNG TY CỔ PHẦN THƯƠNG MẠI SƠN HÀ,Hà Nội,Miền Bắc,5,73.0,127875525.0,2026-01-30,2026-01-31,2,32,1751720.0,1,25575105.0
KH-00247,HỘ KINH DOANH NGỌC ANH,Hưng Yên,Miền Bắc,1,108.0,126890000.0,2025-03-22,2025-03-22,3,19,1174907.0,0,126890000.0
KH-00477,CỬA HÀNG XE ĐẠP ĐẠI LỢI,Hà Nội,Miền Bắc,2,79.0,126257935.0,2026-01-26,2026-02-26,3,27,1598202.0,31,63128968.0
KH-00444,CÔNG TY TNHH THƯƠNG MẠI SÁN LẠP,Hà Nội,Miền Bắc,2,74.0,125997747.0,2026-01-24,2026-02-27,3,40,1702672.0,34,62998874.0
KH-00469,CỬA HÀNG XE ĐẠP HOÀ BÌNH,Nghệ An,Miền Trung,2,73.0,125293492.0,2026-01-26,2026-02-27,4,37,1716349.0,32,62646746.0
KH-00049,CÔNG TY CỔ PHẦN THUỶ TIÊN,Bắc Ninh,Miền Bắc,5,54.0,125206740.0,2025-02-07,2026-02-26,4,27,2318643.0,384,25041348.0
KH-00466,HỘ KINH DOANH HÙNG CƯỜNG,Quảng Ninh,Miền Bắc,2,77.0,124908761.0,2026-01-26,2026-02-24,3,26,1622192.0,29,62454380.0
KH-00020,DOANH NGHIỆP TW TRƯỜNG THỊNH,Hà Nội,Miền Bắc,1,60.0,124583332.0,2025-01-11,2025-01-11,1,2,2076389.0,0,124583332.0
KH-00139,HỘ KINH DOANH YÊN BÌNH,Hà Nội,Miền Bắc,3,83.0,124298146.0,2025-02-22,2025-03-31,3,39,1497568.0,37,41432715.0
KH-00390,HỘ KINH DOANH ĐẠI LỢI,Hà Nội,Miền Bắc,2,76.0,123865987.0,2026-01-19,2026-02-13,3,39,1629816.0,25,61932994.0
KH-00208,CỬA HÀNG XE ĐẠP TÂY BẮC,Hà Nội,Miền Bắc,5,99.0,121615286.0,2025-03-20,2025-03-25,4,32,1228437.0,5,24323057.0
KH-00441,CỬA HÀNG XE ĐẠP NGỌC ANH,Hà Tĩnh,Miền Trung,3,79.0,121261822.0,2026-01-24,2026-02-27,2,16,1534960.0,34,40420607.0
KH-00425,CỬA HÀNG XE ĐẠP MINH PHƯƠNG,Thanh Hóa,Miền Trung,2,72.0,121008860.0,2026-01-23,2026-02-05,4,37,1680679.0,13,60504430.0
KH-00529,CÔNG TY CỔ PHẦN THƯƠNG MẠI THIÊN AN,Nghệ An,Miền Trung,1,75.0,120795166.0,2026-01-28,2026-01-28,2,27,1610602.0,0,120795166.0
KH-00353,CỬA HÀNG XE ĐẠP THANH BÌNH,Hà Nội,Miền Bắc,4,73.0,120052383.0,2026-01-13,2026-02-26,3,28,1644553.0,44,30013096.0
KH-00062,CÔNG TY CỔ PHẦN YÊN BÌNH,Lạng Sơn,Miền Bắc,2,105.0,119540000.0,2025-02-10,2025-03-31,5,47,1138476.0,49,59770000.0
KH-00396,CÔNG TY CỔ PHẦN VIỆT ANH,Bắc Ninh,Miền Bắc,2,82.0,119042822.0,2026-01-19,2026-02-13,3,19,1451742.0,25,59521411.0
KH-00251,HỘ KINH DOANH KHẢI HOÀN,Hưng Yên,Miền Bắc,3,109.0,119020000.0,2025-03-22,2025-03-28,3,24,1091927.0,6,39673333.0
KH-00476,CÔNG TY CỔ PHẦN THƯƠNG MẠI MẶT TRỜI,Hưng Yên,Miền Bắc,3,80.0,118397370.0,2026-01-26,2026-02-24,3,22,1479967.0,29,39465790.0
KH-00357,CÔNG TY TNHH THƯƠNG MẠI THANH BÌNH,Sầm Sơn,Miền Bắc,3,80.0,117056538.0,2026-01-13,2026-02-26,3,34,1463207.0,44,39018846.0
KH-00420,CÔNG TY CỔ PHẦN QUANG VINH,Đà Nẵng,Miền Trung,3,73.0,116915536.0,2026-01-23,2026-02-09,4,27,1601583.0,17,38971845.0
KH-00265,CÔNG TY TNHH THƯƠNG MẠI PHÚC AN,phố số 6 - Thị trấn Diêm Điền - Huyện Thái Thụy - Thái Bình.,Miền Bắc,2,94.0,115376430.0,2025-03-24,2025-03-25,4,38,1227409.0,1,57688215.0
KH-00495,CÔNG TY CỔ PHẦN THƯƠNG MẠI HOÀ BÌNH,Hà Nội,Miền Bắc,3,65.0,113821086.0,2026-01-27,2026-02-27,2,24,1751094.0,31,37940362.0
KH-00568,DOANH NGHIỆP TW NGỌC ANH,TP Hải Phòng,Miền Bắc,2,72.0,113385524.0,2026-01-30,2026-02-24,3,21,1574799.0,25,56692762.0
KH-00483,HỘ KINH DOANH VẠN LỢI,Bắc Ninh,Miền Bắc,2,71.0,113284416.0,2026-01-27,2026-02-27,2,27,1595555.0,31,56642208.0
KH-00093,CÔNG TY CỔ PHẦN PHÚC AN,Hà Nội,Miền Bắc,4,102.0,112430000.0,2025-02-17,2025-03-25,4,36,1102255.0,36,28107500.0
KH-00403,CÔNG TY CỔ PHẦN THƯƠNG MẠI LONG PHÚ,Thanh Hóa,Miền Trung,2,74.0,112403036.0,2026-01-22,2026-02-26,2,17,1518960.0,35,56201518.0
KH-00427,CÔNG TY CỔ PHẦN THƯƠNG MẠI TÚ ANH,Hà Nội,Miền Bắc,1,50.0,110648148.0,2026-01-24,2026-01-24,1,1,2212963.0,0,110648148.0
KH-00086,CÔNG TY TNHH NGỌC ANH,Hà Nội,Miền Bắc,3,95.0,110019361.0,2025-02-14,2025-03-24,4,35,1158099.0,38,36673120.0
KH-00363,HỘ KINH DOANH ĐẠI LỢI,Hải Phòng,Miền Bắc,3,64.0,109147287.0,2026-01-16,2026-01-28,4,24,1705426.0,12,36382429.0
KH-00141,CÔNG TY CỔ PHẦN THƯƠNG MẠI TÂN TIẾN,Hải Phòng,Miền Bắc,1,120.0,108820000.0,2025-02-22,2025-02-22,3,40,906833.0,0,108820000.0
KH-00231,CÔNG TY CỔ PHẦN THANH BÌNH,Hưng Yên,Miền Bắc,3,92.0,107772500.0,2025-03-21,2025-03-27,5,38,1171440.0,6,35924167.0
KH-00347,CÔNG TY TNHH THƯƠNG MẠI VẠN LỢI,Vĩnh Phúc,Miền Bắc,3,68.0,107256459.0,2026-01-12,2026-02-26,2,25,1577301.0,45,35752153.0
KH-00551,CÔNG TY CỔ PHẦN THƯƠNG MẠI SÁN LẠP,Phú Thọ,Miền Bắc,2,54.0,106954977.0,2026-01-29,2026-02-04,3,25,1980648.0,6,53477488.0
KH-00038,DOANH NGHIỆP TW TÂN TIẾN,Thái Nguyên,Miền Bắc,2,86.0,106679035.0,2025-01-20,2025-02-21,2,21,1240454.0,32,53339518.0
KH-00486,CÔNG TY TNHH VẠN LỢI,Bắc Ninh,Miền Bắc,2,59.0,106184231.0,2026-01-27,2026-02-12,2,16,1799733.0,16,53092116.0
KH-00126,HỘ KINH DOANH HOÀ BÌNH,Thanh Hoá,Miền Trung,3,97.0,106170000.0,2025-02-20,2025-03-24,4,30,1094536.0,32,35390000.0
KH-00497,CÔNG TY TNHH THƯƠNG MẠI QUANG VINH,Hưng Yên,Miền Bắc,3,68.0,105593859.0,2026-01-27,2026-02-10,2,18,1552851.0,14,35197953.0
KH-00207,CỬA HÀNG XE ĐẠP VẠN LỢI,Bắc Giang,Miền Bắc,3,65.0,101357296.0,2025-03-20,2025-03-29,4,23,1559343.0,9,33785765.0
KH-00393,CÔNG TY TNHH THƯƠNG MẠI SƠN HÀ,Thanh Hóa,Miền Trung,2,60.0,101101636.0,2026-01-19,2026-01-28,2,40,1685027.0,9,50550818.0
KH-00447,CÔNG TY TNHH THƯƠNG MẠI KHẢI HOÀN,Hà Nội,Miền Bắc,3,61.0,100676644.0,2026-01-24,2026-02-26,3,33,1650437.0,33,33558881.0
KH-00248,CÔNG TY CỔ PHẦN THƯƠNG MẠI ĐẠI DƯƠNG,Nghệ An,Miền Trung,2,73.0,100482859.0,2025-03-22,2025-03-28,4,27,1376478.0,6,50241430.0
KH-00405,CÔNG TY CỔ PHẦN THƯƠNG MẠI QUANG VINH,Thanh Hóa,Miền Trung,1,56.0,100248865.0,2026-01-22,2026-01-22,3,20,1790158.0,0,100248865.0
KH-00489,CÔNG TY CỔ PHẦN ĐÔNG NAM,Phủ Lý,Miền Bắc,3,61.0,100172198.0,2026-01-27,2026-02-27,1,23,1642167.0,31,33390733.0
KH-00212,CỬA HÀNG XE ĐẠP TÂY BẮC,Hà Nội,Miền Bắc,4,84.0,99322643.0,2025-03-20,2025-03-22,5,36,1182412.0,2,24830661.0
KH-00140,CÔNG TY TNHH XÂY DỰNG,Hải Dương,Miền Bắc,3,82.0,98910000.0,2025-02-22,2025-03-21,5,32,1206220.0,27,32970000.0
KH-00565,CÔNG TY CỔ PHẦN THƯƠNG MẠI KHẢI HOÀN,Hải Phòng,Miền Bắc,1,64.0,98196457.0,2026-01-30,2026-01-30,2,28,1534320.0,0,98196457.0
KH-00513,CÔNG TY CỔ PHẦN THƯƠNG MẠI ĐÔNG NAM,Hà Nội,Miền Bắc,3,63.0,98181923.0,2026-01-28,2026-02-10,3,25,1558443.0,13,32727308.0
KH-00356,CÔNG TY TNHH THƯƠNG MẠI QUANG VINH,Thanh Hóa,Miền Trung,2,60.0,96440808.0,2026-01-13,2026-01-28,3,21,1607347.0,15,48220404.0
KH-00499,CÔNG TY CỔ PHẦN THƯƠNG MẠI TÚ ANH,Hưng Yên,Miền Bắc,1,51.0,96427756.0,2026-01-27,2026-01-27,2,45,1890740.0,0,96427756.0
KH-00298,CÔNG TY CỔ PHẦN THƯƠNG MẠI ĐÔNG NAM,Hà Nội,Miền Bắc,2,71.0,96307574.0,2025-03-27,2025-03-28,4,31,1356445.0,1,48153787.0
KH-00250,DOANH NGHIỆP TW XUÂN MAI,Hà Nội,Miền Bắc,4,87.0,95971481.0,2025-03-22,2025-03-31,5,38,1103120.0,9,23992870.0
KH-00521,CỬA HÀNG XE ĐẠP KHẢI HOÀN,Ninh Bình,Miền Bắc,2,57.0,94796087.0,2026-01-28,2026-02-12,2,28,1663089.0,15,47398044.0
KH-00016,DOANH NGHIỆP TW VIỆT ANH,Quảng Trị,Miền Trung,4,78.0,93910000.0,2025-01-10,2025-03-26,2,24,1203974.0,75,23477500.0
KH-00562,CÔNG TY CỔ PHẦN THƯƠNG MẠI NAM TIẾN,Hà Nội,Miền Bắc,2,51.0,93588502.0,2026-01-30,2026-02-04,3,21,1835069.0,5,46794251.0
KH-00556,DOANH NGHIỆP TW THIÊN AN,Hà Nội,Miền Bắc,5,67.0,93325151.0,2026-01-29,2026-02-27,4,25,1392913.0,29,18665030.0
KH-00461,CÔNG TY TNHH THUỶ TIÊN,Hải Dương,Miền Bắc,2,40.0,90740740.0,2026-01-26,2026-02-06,1,2,2268518.0,11,45370370.0
KH-00407,DOANH NGHIỆP TW LONG PHÚ,Đà Nẵng,Miền Trung,3,48.0,90396643.0,2026-01-22,2026-02-10,4,24,1883263.0,19,30132214.0
KH-00503,DOANH NGHIỆP TW PHÚ THỊNH,Hà Nội,Miền Bắc,2,58.0,89774988.0,2026-01-28,2026-02-26,2,11,1547845.0,29,44887494.0
KH-00152,HỘ KINH DOANH TRÍ ĐỨC,Nghệ An,Miền Trung,3,79.0,89045116.0,2025-02-22,2025-03-31,3,25,1127153.0,37,29681705.0
KH-00009,CỬA HÀNG XE ĐẠP THIÊN AN,Hà Nội,Miền Bắc,2,40.0,88888888.0,2025-01-09,2026-02-09,1,2,2222222.0,396,44444444.0
KH-00241,HỘ KINH DOANH PHÚ THỊNH,Thái Nguyên,Miền Bắc,2,75.0,88600000.0,2025-03-21,2025-03-25,1,7,1181333.0,4,44300000.0
KH-00106,CÔNG TY TNHH THƯƠNG MẠI TOÀN THẮNG,Thanh Hóa,Miền Trung,1,70.0,88360000.0,2025-02-19,2025-02-19,2,11,1262286.0,0,88360000.0
KH-00352,CỬA HÀNG XE ĐẠP LONG PHÚ,Quảng Ninh,Miền Bắc,1,54.0,88007574.0,2026-01-12,2026-01-12,1,12,1629770.0,0,88007574.0
KH-00397,CÔNG TY CỔ PHẦN THUỶ TIÊN,Lào Cai,Miền Bắc,4,69.0,87726720.0,2026-01-19,2026-02-24,3,29,1271402.0,36,21931680.0
KH-00235,CÔNG TY CỔ PHẦN THƯƠNG MẠI CHI THÀNH,Nam Định,Miền Bắc,2,70.0,87420000.0,2025-03-21,2025-03-21,2,18,1248857.0,0,43710000.0
KH-00100,CỬA HÀNG XE ĐẠP ĐẠI LỢI,Hà Nội,Miền Bắc,3,83.0,87295102.0,2025-02-17,2025-03-22,4,23,1051748.0,33,29098367.0
KH-00288,CÔNG TY TNHH THƯƠNG MẠI TOÀN THẮNG,Nghệ An,Miền Trung,4,62.0,87212952.0,2025-03-26,2026-02-05,2,33,1406661.0,316,21803238.0
KH-00021,HỘ KINH DOANH XÂY DỰNG,Hà Nội,Miền Bắc,1,40.0,87037037.0,2025-01-11,2025-01-11,1,1,2175926.0,0,87037037.0
KH-00267,CÔNG TY CỔ PHẦN HÙNG CƯỜNG,Nam Định,Miền Bắc,2,70.0,85460000.0,2025-03-24,2025-03-25,2,12,1220857.0,1,42730000.0
KH-00225,CÔNG TY TNHH TÂY BẮC,Hà Nam,Miền Bắc,2,70.0,84160000.0,2025-03-21,2025-03-28,3,27,1202286.0,7,42080000.0
KH-00266,CỬA HÀNG XE ĐẠP TÂN TIẾN,Nam Định,Miền Bắc,1,70.0,83590000.0,2025-03-24,2025-03-24,2,31,1194143.0,0,83590000.0
KH-00492,HỘ KINH DOANH ĐÔNG NAM,Thanh Hóa,Miền Trung,2,55.0,83486647.0,2026-01-27,2026-02-04,2,27,1517939.0,8,41743324.0
KH-00107,CÔNG TY TNHH LONG PHÚ,Bắc Ninh,Miền Bắc,3,70.0,82830000.0,2025-02-19,2025-03-28,2,15,1183286.0,37,27610000.0
KH-00148,HỘ KINH DOANH THUỶ TIÊN,Hải Dươn,Miền Bắc,4,68.0,82782643.0,2025-02-22,2025-03-27,4,25,1217392.0,33,20695661.0
KH-00163,HỘ KINH DOANH XUÂN MAI,Hà Nội,Miền Bắc,4,70.0,82695483.0,2025-02-26,2025-03-31,4,31,1181364.0,33,20673871.0
KH-00406,CÔNG TY CỔ PHẦN THƯƠNG MẠI LONG PHÚ,Hưng Yên,Miền Bắc,1,50.0,82642778.0,2026-01-22,2026-01-22,2,21,1652856.0,0,82642778.0
KH-00436,CÔNG TY TNHH XÂY DỰNG,Hưng Yên,Miền Bắc,2,56.0,82538029.0,2026-01-24,2026-02-10,2,20,1473893.0,17,41269014.0
KH-00455,CÔNG TY TNHH THƯƠNG MẠI ĐẠI LỢI,Hà Tĩnh,Miền Trung,1,49.0,82253317.0,2026-01-24,2026-01-24,2,18,1678639.0,0,82253317.0
KH-00214,DOANH NGHIỆP TW QUANG VINH,Hải Dương,Miền Bắc,2,70.0,81983500.0,2025-03-20,2025-03-25,3,17,1171193.0,5,40991750.0
KH-00369,CÔNG TY TNHH VẠN LỢI,Hà Nội,Miền Bắc,3,58.0,81778027.0,2026-01-16,2026-02-12,4,25,1409966.0,27,27259342.0
KH-00457,CÔNG TY TNHH THƯƠNG MẠI VIỆT ANH,Thanh Hóa,Miền Trung,2,54.0,81697936.0,2026-01-24,2026-02-13,2,21,1512925.0,20,40848968.0
KH-00452,CÔNG TY CỔ PHẦN THƯƠNG MẠI BÌNH MINH,Thanh Hóa,Miền Trung,2,52.0,81243320.0,2026-01-24,2026-02-09,2,7,1562372.0,16,40621660.0
KH-00109,CÔNG TY CỔ PHẦN VẠN LỢI,Hà Nội,Miền Bắc,3,68.0,80790000.0,2025-02-19,2025-03-31,3,18,1188088.0,40,26930000.0
KH-00154,DOANH NGHIỆP TW VĨNH PHÁT,Hà Tĩnh,Miền Trung,3,70.0,80000000.0,2025-02-22,2025-03-31,1,7,1142857.0,37,26666667.0
KH-00545,CÔNG TY CỔ PHẦN AN PHÁT,Phú Thọ,Miền Bắc,3,44.0,79392764.0,2026-01-29,2026-02-24,3,23,1804381.0,26,26464255.0
KH-00514,CỬA HÀNG XE ĐẠP HÙNG CƯỜNG,Hà Nội,Miền Bắc,2,50.0,78236554.0,2026-01-28,2026-02-27,3,37,1564731.0,30,39118277.0
KH-00015,DOANH NGHIỆP TW MINH PHƯƠNG,Phú Thọ,Miền Bắc,3,55.0,77930000.0,2025-01-10,2025-03-25,4,26,1416909.0,74,25976667.0
KH-00120,CÔNG TY TNHH THANH BÌNH,Hà Nội,Miền Bắc,2,67.0,77920143.0,2025-02-20,2025-03-25,5,22,1162987.0,33,38960072.0
KH-00485,CÔNG TY CỔ PHẦN SÁN LẠP,Hà Nội,Miền Bắc,2,48.0,77854057.0,2026-01-27,2026-02-12,2,28,1621960.0,16,38927028.0
KH-00506,CÔNG TY TNHH THANH BÌNH,Hà Nội,Miền Bắc,2,50.0,77829977.0,2026-01-28,2026-02-04,4,27,1556600.0,7,38914988.0
KH-00424,CÔNG TY TNHH TRÍ ĐỨC,Hà Nội,Miền Bắc,2,30.0,77487765.0,2026-01-23,2026-02-26,2,16,2582926.0,34,38743882.0
KH-00354,CÔNG TY TNHH THƯƠNG MẠI NAM TIẾN,Thái Nguyên,Miền Bắc,1,45.0,77331372.0,2026-01-13,2026-01-13,3,30,1718475.0,0,77331372.0
KH-00346,DOANH NGHIỆP TW TRƯỜNG THỊNH,Phú Thọ,Miền Bắc,3,52.0,77197938.0,2026-01-12,2026-02-13,3,25,1484576.0,32,25732646.0
KH-00044,CÔNG TY TNHH THƯƠNG MẠI NGỌC ANH,Tam Kỳ,Miền Bắc,2,56.0,77025542.0,2025-01-23,2026-01-12,2,22,1375456.0,354,38512771.0
KH-00417,CÔNG TY CỔ PHẦN THƯƠNG MẠI VIỆT ANH,Quảng Ninh,Miền Bắc,2,48.0,75765540.0,2026-01-23,2026-02-13,2,21,1578449.0,21,37882770.0
KH-00421,DOANH NGHIỆP TW YÊN BÌNH,Hòa Bình,Miền Bắc,1,40.0,75644986.0,2026-01-23,2026-01-23,3,25,1891125.0,0,75644986.0
KH-00188,DOANH NGHIỆP TW XÂY DỰNG,Thanh Hóa,Miền Trung,2,32.0,75574075.0,2025-03-18,2025-03-18,5,10,2361690.0,0,37787038.0
KH-00509,CÔNG TY TNHH THƯƠNG MẠI BÌNH MINH,Bắc Ninh,Miền Bắc,2,49.0,74128591.0,2026-01-28,2026-02-12,2,26,1512828.0,15,37064296.0
KH-00340,CÔNG TY TNHH THANH BÌNH,Hà Nội,Miền Bắc,3,48.0,74108412.0,2026-01-12,2026-01-26,2,16,1543925.0,14,24702804.0
KH-00220,CỬA HÀNG XE ĐẠP VIỆT ANH,Nam Định,Miền Bắc,2,57.0,74017929.0,2025-03-20,2025-03-24,5,23,1298560.0,4,37008964.0
KH-00111,DOANH NGHIỆP TW MẶT TRỜI,Hà Nội,Miền Bắc,2,59.0,72628500.0,2025-02-19,2025-03-27,4,33,1230992.0,36,36314250.0
KH-00475,CỬA HÀNG XE ĐẠP THIÊN AN,Hưng Yên,Miền Bắc,2,44.0,72541467.0,2026-01-26,2026-02-05,3,20,1648670.0,10,36270734.0
KH-00381,DOANH NGHIỆP TW TÚ ANH,Ninh Bình,Miền Bắc,3,47.0,72067203.0,2026-01-16,2026-02-26,3,21,1533345.0,41,24022401.0
KH-00394,CÔNG TY TNHH THƯƠNG MẠI NAM TIẾN,Thanh Hóa,Miền Trung,1,45.0,71822204.0,2026-01-19,2026-01-19,1,17,1596049.0,0,71822204.0
KH-00520,CÔNG TY TNHH TÂY BẮC,Ninh Bình,Miền Bắc,1,46.0,71704244.0,2026-01-28,2026-01-28,2,15,1558788.0,0,71704244.0
KH-00608,CÔNG TY TNHH THƯƠNG MẠI TÚ ANH,Quảng Trị,Miền Trung,2,39.0,70911654.0,2026-02-05,2026-02-05,2,20,1818248.0,0,35455827.0
KH-00314,CÔNG TY TNHH THƯƠNG MẠI YÊN BÌNH,Hải Phòng,Miền Bắc,1,61.0,70640000.0,2025-03-28,2025-03-28,2,21,1158033.0,0,70640000.0
KH-00481,CÔNG TY CỔ PHẦN HOÀ BÌNH,Hà Nội,Miền Bắc,2,42.0,70334427.0,2026-01-27,2026-02-05,2,21,1674629.0,9,35167214.0
KH-00218,CÔNG TY TNHH THƯƠNG MẠI BÌNH MINH,Hải Dương,Miền Bắc,2,52.0,70285917.0,2025-03-20,2026-01-27,2,18,1351652.0,313,35142958.0
KH-00339,CỬA HÀNG XE ĐẠP ĐẠI LỢI,Hà Nội,Miền Bắc,2,42.0,70037390.0,2026-01-12,2026-02-12,2,28,1667557.0,31,35018695.0
KH-00102,CỬA HÀNG XE ĐẠP AN PHÁT,Bắc Ninh,Miền Bắc,1,60.0,69700000.0,2025-02-17,2025-02-17,1,6,1161667.0,0,69700000.0
KH-00348,CÔNG TY TNHH THƯƠNG MẠI YÊN BÌNH,Thanh Hóa,Miền Trung,3,45.0,69311102.0,2026-01-12,2026-02-26,4,17,1540247.0,45,23103701.0
KH-00607,CÔNG TY TNHH TÚ ANH,Nghệ An,Miền Trung,3,46.0,69146654.0,2026-02-05,2026-02-12,2,15,1503188.0,7,23048885.0
KH-00367,CÔNG TY CỔ PHẦN ĐÔNG NAM,Thanh Hóa,Miền Trung,1,37.0,68896093.0,2026-01-16,2026-01-16,2,11,1862057.0,0,68896093.0
KH-00189,CÔNG TY CỔ PHẦN MẶT TRỜI,Hà Nội,Miền Bắc,2,60.0,68267826.0,2025-03-18,2025-03-20,4,48,1137797.0,2,34133913.0
KH-00538,HỘ KINH DOANH PHÚC AN,Cao Bằng,Miền Bắc,1,39.0,68250264.0,2026-01-28,2026-01-28,2,25,1750007.0,0,68250264.0
KH-00276,CÔNG TY TNHH VẠN LỢI,Hà Nội,Miền Bắc,2,58.0,68110000.0,2025-03-25,2025-03-31,2,27,1174310.0,6,34055000.0
KH-00355,DOANH NGHIỆP TW PHÚC AN,Thanh Hóa,Miền Trung,3,45.0,67620537.0,2026-01-13,2026-02-05,2,7,1502679.0,23,22540179.0
KH-00186,HỘ KINH DOANH XÂY DỰNG,Vĩnh Phúc,Miền Bắc,4,35.0,67567129.0,2025-03-17,2025-03-31,1,4,1930489.0,14,16891782.0
KH-00395,HỘ KINH DOANH TÂY BẮC,Bắc Ninh,Miền Bắc,2,42.0,67061276.0,2026-01-19,2026-02-09,3,19,1596697.0,21,33530638.0
KH-00577,CÔNG TY CỔ PHẦN THƯƠNG MẠI ĐẠI DƯƠNG,Hưng Yên,Miền Bắc,1,38.0,66969336.0,2026-01-31,2026-01-31,3,26,1762351.0,0,66969336.0
KH-00142,CÔNG TY TNHH THƯƠNG MẠI CHI THÀNH,Hà Nội,Miền Bắc,4,54.0,66548500.0,2025-02-22,2025-03-31,5,24,1232380.0,37,16637125.0
KH-00149,CỬA HÀNG XE ĐẠP TÚ ANH,Hải Dương,Miền Bắc,2,51.0,66287929.0,2025-02-22,2025-03-21,5,22,1299763.0,27,33143964.0
KH-00260,CỬA HÀNG XE ĐẠP XUÂN MAI,Hà Nội,Miền Bắc,2,54.0,66020000.0,2025-03-24,2025-03-24,3,18,1222593.0,0,33010000.0
KH-00301,CÔNG TY TNHH THƯƠNG MẠI THUỶ TIÊN,Hải Phòng,Miền Bắc,1,56.0,64940000.0,2025-03-28,2025-03-28,1,14,1159643.0,0,64940000.0
KH-00289,CÔNG TY CỔ PHẦN KHẢI HOÀN,Hưng Yên,Miền Bắc,3,54.0,64680000.0,2025-03-26,2025-03-29,3,18,1197778.0,3,21560000.0
KH-00262,CÔNG TY TNHH VIỆT ANH,Hà Nội,Miền Bắc,2,54.0,64270000.0,2025-03-24,2025-03-27,1,16,1190185.0,3,32135000.0
KH-00199,CỬA HÀNG XE ĐẠP TÚ ANH,Thanh Hoá,Miền Trung,2,57.0,64070000.0,2025-03-19,2025-03-24,3,31,1124035.0,5,32035000.0
KH-00371,CÔNG TY TNHH THƯƠNG MẠI LONG PHÚ,Bắc Ninh,Miền Bắc,3,40.0,63901840.0,2026-01-16,2026-02-09,2,19,1597546.0,24,21300613.0
KH-00456,CÔNG TY TNHH THƯƠNG MẠI AN PHÁT,Hà Tĩnh,Miền Trung,1,45.0,63827764.0,2026-01-24,2026-01-24,2,12,1418395.0,0,63827764.0
KH-00560,CÔNG TY CỔ PHẦN THƯƠNG MẠI NGỌC ANH,Hải Phòng,Miền Bắc,1,36.0,63440545.0,2026-01-30,2026-01-30,1,12,1762237.0,0,63440545.0
KH-00035,CỬA HÀNG XE ĐẠP TÂY BẮC,Đà Nẵng,Miền Trung,4,51.0,63200000.0,2025-01-18,2025-03-28,2,17,1239216.0,69,15800000.0
KH-00467,DOANH NGHIỆP TW TÂY BẮC,Quảng Trị,Miền Trung,2,31.0,63071655.0,2026-01-26,2026-02-13,2,21,2034570.0,18,31535828.0
KH-00073,CỬA HÀNG XE ĐẠP KHẢI HOÀN,Thanh Hoá,Miền Trung,2,47.0,62612500.0,2025-02-14,2025-03-31,2,20,1332181.0,45,31306250.0
KH-00517,CỬA HÀNG XE ĐẠP PHÚ THỊNH,Hưng Yên,Miền Bắc,1,45.0,62083320.0,2026-01-28,2026-01-28,2,8,1379629.0,0,62083320.0
KH-00164,HỘ KINH DOANH XÂY DỰNG,Thân Nhân Trung - TT Bích Động - Việt Yên - Bắc Giang,Miền Bắc,2,51.0,61750000.0,2025-02-26,2025-03-21,3,12,1210784.0,23,30875000.0
KH-00330,CÔNG TY TNHH THIÊN AN,Hà Giang,Miền Bắc,1,56.0,61560000.0,2025-03-31,2025-03-31,4,29,1099286.0,0,61560000.0
KH-00112,HỘ KINH DOANH TÚ ANH,Khu 2- thị trấn Kim Tân- Thạch Thành - Thanh Hóa,Miền Bắc,2,53.0,61441481.0,2025-02-19,2025-03-19,3,31,1159273.0,28,30720740.0
KH-00496,CÔNG TY CỔ PHẦN TOÀN THẮNG,Hà Nội,Miền Bắc,2,35.0,61434986.0,2026-01-27,2026-02-13,1,10,1755285.0,17,30717493.0
KH-00216,HỘ KINH DOANH NGỌC ANH,Hà Nam,Miền Bắc,1,51.0,61070000.0,2025-03-20,2025-03-20,3,15,1197451.0,0,61070000.0
KH-00571,CỬA HÀNG XE ĐẠP THUỶ TIÊN,Tuyên Quang,Miền Bắc,2,40.0,60770529.0,2026-01-31,2026-02-13,3,10,1519263.0,13,30385264.0
KH-00129,CÔNG TY CỔ PHẦN LÊ ANH,Tĩnh Thanh Hoá,Miền Bắc,1,51.0,60307929.0,2025-02-20,2025-02-20,4,22,1182508.0,0,60307929.0
KH-00080,HỘ KINH DOANH VĨNH PHÁT,Hà Nội,Miền Bắc,1,50.0,60020000.0,2025-02-14,2025-02-14,1,19,1200400.0,0,60020000.0
KH-00325,HỘ KINH DOANH THANH BÌNH,Hạ Long,Miền Bắc,1,38.0,59956468.0,2025-03-31,2025-03-31,1,7,1577802.0,0,59956468.0
KH-00237,DOANH NGHIỆP TW LÊ ANH,Tuyên Quang,Miền Bắc,2,64.0,59932962.0,2025-03-21,2025-03-22,5,19,936453.0,1,29966481.0
KH-00432,CÔNG TY TNHH THƯƠNG MẠI THUỶ TIÊN,Hà Nội,Miền Bắc,2,43.0,59849515.0,2026-01-24,2026-02-12,3,27,1391849.0,19,29924758.0
KH-00438,CỬA HÀNG XE ĐẠP ĐẠI LỢI,Hưng Yên,Miền Bắc,2,35.0,59563322.0,2026-01-24,2026-02-05,2,9,1701809.0,12,29781661.0
KH-00221,CÔNG TY CỔ PHẦN VĨNH PHÁT,Hưng Yên,Miền Bắc,2,51.0,59460000.0,2025-03-20,2025-03-27,2,17,1165882.0,7,29730000.0
KH-00621,CÔNG TY TNHH SƠN HÀ,Hưng Yên,Miền Bắc,1,40.0,59162297.0,2026-02-07,2026-02-07,2,15,1479057.0,0,59162297.0
KH-00252,CÔNG TY TNHH TÂY BẮC,Hà Nội,Miền Bắc,1,44.0,59107574.0,2025-03-22,2025-03-22,4,25,1343354.0,0,59107574.0
KH-00518,CÔNG TY TNHH THƯƠNG MẠI VĨNH PHÁT,Hưng Yên,Miền Bắc,2,42.0,58840357.0,2026-01-28,2026-02-24,3,22,1400961.0,27,29420178.0
KH-00205,CỬA HÀNG XE ĐẠP QUANG VINH,Hạ Long,Miền Bắc,1,57.0,58740000.0,2025-03-20,2025-03-20,4,19,1030526.0,0,58740000.0
KH-00268,CÔNG TY CỔ PHẦN THƯƠNG MẠI TRƯỜNG THỊNH,Hà Nội,Miền Bắc,1,50.0,58140000.0,2025-03-25,2025-03-25,2,17,1162800.0,0,58140000.0
KH-00255,CÔNG TY TNHH PHÚ THỊNH,Hải Dương,Miền Bắc,2,53.0,58060000.0,2025-03-24,2025-03-27,4,28,1095472.0,3,29030000.0
KH-00384,CỬA HÀNG XE ĐẠP PHÚC AN,TP Hải Phòng,Miền Bắc,2,37.0,57944428.0,2026-01-16,2026-02-04,2,20,1566066.0,19,28972214.0
KH-00110,CỬA HÀNG XE ĐẠP TÂY BẮC,Hà Nội,Miền Bắc,2,49.0,57900000.0,2025-02-19,2025-03-24,3,24,1181633.0,33,28950000.0
KH-00202,CÔNG TY CỔ PHẦN XUÂN MAI,Hà Nội,Miền Bắc,2,50.0,57790000.0,2025-03-19,2025-03-21,3,17,1155800.0,2,28895000.0
KH-00284,HỘ KINH DOANH NGỌC ANH,Hưng Yên,Miền Bắc,2,44.0,57562772.0,2025-03-25,2026-01-24,2,18,1308245.0,305,28781386.0
KH-00270,DOANH NGHIỆP TW TÚ ANH,Phú Thọ,Miền Bắc,1,50.0,57290000.0,2025-03-25,2025-03-25,2,19,1145800.0,0,57290000.0
KH-00575,CÔNG TY CỔ PHẦN THƯƠNG MẠI NAM TIẾN,Quảng Ninh,Miền Bắc,1,35.0,57141645.0,2026-01-31,2026-01-31,1,7,1632618.0,0,57141645.0
KH-00116,HỘ KINH DOANH TOÀN THẮNG,Hưng Yên,Miền Bắc,1,50.0,57090000.0,2025-02-19,2025-02-19,2,14,1141800.0,0,57090000.0
KH-00200,CÔNG TY CỔ PHẦN TOÀN THẮNG,Hà Nội,Miền Bắc,2,44.0,56517000.0,2025-03-19,2025-03-27,3,19,1284477.0,8,28258500.0
KH-00392,HỘ KINH DOANH SƠN HÀ,Hà Tĩnh,Miền Trung,2,36.0,56393317.0,2026-01-19,2026-02-24,2,12,1566481.0,36,28196658.0
KH-00389,CÔNG TY CỔ PHẦN TRƯỜNG THỊNH,Thanh Hoá,Miền Trung,2,35.0,56069708.0,2026-01-19,2026-02-26,3,19,1601992.0,38,28034854.0
KH-00327,CÔNG TY TNHH MẶT TRỜI,Vĩnh Phúc,Miền Bắc,1,47.0,55970000.0,2025-03-31,2025-03-31,1,14,1190851.0,0,55970000.0
KH-00471,CÔNG TY CỔ PHẦN TRÍ ĐỨC,Hà Tĩnh,Miền Trung,1,40.0,55482205.0,2026-01-26,2026-01-26,3,17,1387055.0,0,55482205.0
KH-00531,CÔNG TY TNHH THƯƠNG MẠI VẠN LỢI,Hà Nội,Miền Bắc,2,31.0,55249433.0,2026-01-28,2026-02-05,4,18,1782240.0,8,27624716.0
KH-00285,CÔNG TY TNHH ĐÔNG NAM,Hà Nội,Miền Bắc,2,43.0,55041000.0,2025-03-25,2025-03-26,4,17,1280023.0,1,27520500.0
KH-00190,HỘ KINH DOANH XÂY DỰNG,Hà Nội,Miền Bắc,3,47.0,54567000.0,2025-03-18,2025-03-20,4,21,1161000.0,2,18189000.0
KH-00283,CỬA HÀNG XE ĐẠP TRƯỜNG THỊNH,Hưng Yên,Miền Bắc,2,46.0,54240000.0,2025-03-25,2025-03-27,1,19,1179130.0,2,27120000.0
KH-00201,HỘ KINH DOANH XUÂN MAI,Hải Dương,Miền Bắc,1,40.0,54234212.0,2025-03-19,2025-03-19,5,28,1355855.0,0,54234212.0
KH-00597,CÔNG TY TNHH THƯƠNG MẠI PHÚ THỊNH,TP Hải Phòng,Miền Bắc,1,36.0,54138131.0,2026-02-04,2026-02-04,3,22,1503837.0,0,54138131.0
KH-00368,HỘ KINH DOANH HOÀ BÌNH,Hà Nội,Miền Bắc,1,32.0,54000819.0,2026-01-16,2026-01-16,3,16,1687526.0,0,54000819.0
KH-00119,DOANH NGHIỆP TW MẶT TRỜI,Hà Nội,Miền Bắc,2,45.0,53513597.0,2025-02-20,2025-03-25,4,31,1189191.0,33,26756798.0
KH-00588,CÔNG TY CỔ PHẦN TÂY BẮC,Hà Nội,Miền Bắc,2,33.0,53298878.0,2026-01-31,2026-02-12,2,14,1615118.0,12,26649439.0
KH-00434,HỘ KINH DOANH TRƯỜNG THỊNH,Hà Nội,Miền Bắc,2,35.0,53260355.0,2026-01-24,2026-02-10,3,25,1521724.0,17,26630178.0
KH-00138,CÔNG TY TNHH THƯƠNG MẠI VĨNH PHÁT,Thái Bình,Miền Bắc,1,50.0,52850000.0,2025-02-22,2025-02-22,3,26,1057000.0,0,52850000.0
KH-00527,CÔNG TY CỔ PHẦN THƯƠNG MẠI HOÀ BÌNH,Hà Nội,Miền Bắc,2,34.0,52840355.0,2026-01-28,2026-02-27,2,21,1554128.0,30,26420178.0
KH-00269,HỘ KINH DOANH AN PHÁT,Phú Thọ,Miền Bắc,1,50.0,52678500.0,2025-03-25,2025-03-25,4,31,1053570.0,0,52678500.0
KH-00543,CÔNG TY CỔ PHẦN SƠN HÀ,Hà Nội,Miền Bắc,2,31.0,52429986.0,2026-01-29,2026-02-24,3,21,1691290.0,26,26214993.0
KH-00115,CÔNG TY CỔ PHẦN YÊN BÌNH,Thanh Hóa,Miền Trung,2,50.0,52250000.0,2025-02-19,2025-03-31,3,29,1045000.0,40,26125000.0
KH-00096,CÔNG TY TNHH THƯƠNG MẠI SƠN HÀ,Hà Nội,Miền Bắc,2,42.0,52127000.0,2025-02-17,2025-03-18,3,20,1241119.0,29,26063500.0
KH-00612,DOANH NGHIỆP TW XÂY DỰNG,TP Hải Phòng,Miền Bắc,1,35.0,52107022.0,2026-02-05,2026-02-05,3,23,1488772.0,0,52107022.0
KH-00209,CÔNG TY TNHH THƯƠNG MẠI VIỆT ANH,TP Hải Phòng,Miền Bắc,2,46.0,52103683.0,2025-03-20,2025-03-28,4,23,1132689.0,8,26051842.0
KH-00365,CÔNG TY CỔ PHẦN THƯƠNG MẠI TRÍ ĐỨC,Hà Nội,Miền Bắc,2,35.0,52021369.0,2026-01-16,2026-02-24,4,21,1486325.0,39,26010684.0
KH-00196,CÔNG TY CỔ PHẦN NAM TIẾN,Bắc Ninh,Miền Bắc,3,46.0,51900000.0,2025-03-19,2025-03-27,2,21,1128261.0,8,17300000.0
KH-00063,HỘ KINH DOANH VẠN LỢI,Bắc Giang,Miền Bắc,2,28.0,51715148.0,2025-02-10,2025-03-28,2,8,1846970.0,46,25857574.0
KH-00282,CÔNG TY TNHH THƯƠNG MẠI LONG PHÚ,Hà Nội,Miền Bắc,3,45.0,51690000.0,2025-03-25,2025-03-28,3,12,1148667.0,3,17230000.0
KH-00092,CÔNG TY CỔ PHẦN THƯƠNG MẠI XUÂN MAI,Hà Nội,Miền Bắc,3,40.0,51482643.0,2025-02-17,2025-03-31,2,9,1287066.0,42,17160881.0
KH-00459,CÔNG TY CỔ PHẦN TOÀN THẮNG,Hà Nội,Miền Bắc,2,31.0,51079989.0,2026-01-24,2026-01-31,3,12,1647742.0,7,25539994.0
KH-00028,DOANH NGHIỆP TW PHÚ THỊNH,Phú Thọ,Miền Bắc,2,43.0,51050000.0,2025-01-15,2025-03-28,4,18,1187209.0,72,25525000.0
KH-00442,CÔNG TY TNHH HOÀ BÌNH,Phú Thọ,Miền Bắc,2,31.0,50945544.0,2026-01-24,2026-01-28,1,7,1643405.0,4,25472772.0
KH-00344,CÔNG TY TNHH PHÚC AN,Phú Thọ,Miền Bắc,1,17.0,50565548.0,2026-01-12,2026-01-12,0,7,2974444.0,0,50565548.0
KH-00472,CÔNG TY CỔ PHẦN TRÍ ĐỨC,Hà Nội,Miền Bắc,2,30.0,50409246.0,2026-01-26,2026-01-28,4,23,1680308.0,2,25204623.0
KH-00433,CÔNG TY CỔ PHẦN THƯƠNG MẠI TRƯỜNG THỊNH,Hà Nội,Miền Bắc,1,30.0,49297210.0,2026-01-24,2026-01-24,1,21,1643240.0,0,49297210.0
KH-00261,CÔNG TY TNHH THƯƠNG MẠI VẠN LỢI,Hà Nội,Miền Bắc,1,42.0,49160000.0,2025-03-24,2025-03-24,2,20,1170476.0,0,49160000.0
KH-00502,CỬA HÀNG XE ĐẠP BÌNH MINH,Hà Nội,Miền Bắc,3,30.0,48760915.0,2026-01-28,2026-02-26,3,16,1625364.0,29,16253638.0
KH-00059,CÔNG TY TNHH TRÍ ĐỨC,Hải Dương,Miền Bắc,1,42.0,48680000.0,2025-02-10,2025-02-10,2,15,1159048.0,0,48680000.0
KH-00117,HỘ KINH DOANH YÊN BÌNH,Hưng yên,Miền Bắc,2,42.0,48490000.0,2025-02-19,2025-03-31,2,11,1154524.0,40,24245000.0
KH-00127,CỬA HÀNG XE ĐẠP TÂN TIẾN,Hà Nam,Miền Bắc,1,40.0,48240000.0,2025-02-20,2025-02-20,1,6,1206000.0,0,48240000.0
KH-00614,CỬA HÀNG XE ĐẠP NAM TIẾN,Quảng Ninh,Miền Bắc,1,30.0,48134990.0,2026-02-05,2026-02-05,3,23,1604500.0,0,48134990.0
KH-00068,CÔNG TY CỔ PHẦN SÁN LẠP,Vĩnh Phúc,Miền Bắc,3,56.0,48010000.0,2025-02-10,2025-03-18,2,14,857321.0,36,16003333.0
KH-00609,DOANH NGHIỆP TW NGỌC ANH,Hưng Yên,Miền Bắc,2,35.0,47958781.0,2026-02-05,2026-02-12,3,16,1370251.0,7,23979390.0
KH-00561,CÔNG TY TNHH THƯƠNG MẠI VĨNH PHÁT,Bắc Ninh,Miền Bắc,1,29.0,47910731.0,2026-01-30,2026-01-30,2,23,1652094.0,0,47910731.0
KH-00192,HỘ KINH DOANH KHẢI HOÀN,Hà Nội,Miền Bắc,3,42.0,47910000.0,2025-03-19,2025-03-31,4,28,1140714.0,12,15970000.0
KH-00278,CÔNG TY TNHH QUANG VINH,Hà Nội,Miền Bắc,1,40.0,47790000.0,2025-03-25,2025-03-25,1,11,1194750.0,0,47790000.0
KH-00512,CÔNG TY TNHH ĐẠI DƯƠNG,Phú Thọ,Miền Bắc,2,25.0,47577767.0,2026-01-28,2026-02-26,2,17,1903111.0,29,23788884.0
KH-00435,DOANH NGHIỆP TW NGỌC ANH,Hà Nội,Miền Bắc,3,31.0,47539618.0,2026-01-24,2026-02-13,4,19,1533536.0,20,15846539.0
KH-00373,DOANH NGHIỆP TW THIÊN AN,Hưng Yên,Miền Bắc,2,29.0,47111094.0,2026-01-16,2026-01-16,2,4,1624520.0,0,23555547.0
KH-00085,CÔNG TY CỔ PHẦN THƯƠNG MẠI NGỌC ANH,Hà Nội,Miền Bắc,2,40.0,46780000.0,2025-02-14,2025-03-27,2,12,1169500.0,41,23390000.0
KH-00312,DOANH NGHIỆP TW HOÀ BÌNH,Quảng Ninh,Miền Bắc,1,40.0,46750000.0,2025-03-28,2025-03-28,2,9,1168750.0,0,46750000.0
KH-00128,HỘ KINH DOANH TÂY BẮC,Thanh Hóa,Miền Trung,1,40.0,46560000.0,2025-02-20,2025-02-20,2,12,1164000.0,0,46560000.0
KH-00036,CÔNG TY TNHH THƯƠNG MẠI PHÚC AN,Hà Nội,Miền Bắc,3,7.0,46324073.0,2025-01-20,2025-02-07,1,2,6617725.0,18,15441358.0
KH-00570,HỘ KINH DOANH TOÀN THẮNG,Hải Phòng,Miền Bắc,3,30.0,45885445.0,2026-01-30,2026-02-04,3,11,1529515.0,5,15295148.0
KH-00615,CÔNG TY CỔ PHẦN THƯƠNG MẠI QUANG VINH,Hải Phòng,Miền Bắc,1,25.0,45789063.0,2026-02-05,2026-02-05,3,19,1831563.0,0,45789063.0
KH-00569,CÔNG TY TNHH VẠN LỢI,TP Huế,Miền Bắc,2,33.0,45522665.0,2026-01-30,2026-02-13,3,18,1379475.0,14,22761332.0
KH-00358,CÔNG TY TNHH SƠN HÀ,Thanh Hóa,Miền Trung,2,31.0,45427487.0,2026-01-13,2026-02-26,2,19,1465403.0,44,22713744.0
KH-00081,CÔNG TY TNHH THƯƠNG MẠI KHẢI HOÀN,Hưng Yên,Miền Bắc,1,40.0,45220000.0,2025-02-14,2025-02-14,4,20,1130500.0,0,45220000.0
KH-00482,CỬA HÀNG XE ĐẠP KHẢI HOÀN,Hà Nội,Miền Bắc,1,23.0,44872212.0,2026-01-27,2026-01-27,1,16,1950966.0,0,44872212.0
KH-00273,CÔNG TY TNHH THƯƠNG MẠI PHÚ THỊNH,Vĩnh Phúc,Miền Bắc,1,40.0,44730000.0,2025-03-25,2025-03-25,3,17,1118250.0,0,44730000.0
KH-00525,CỬA HÀNG XE ĐẠP SÁN LẠP,Hưng Yên,Miền Bắc,1,25.0,44550175.0,2026-01-28,2026-01-28,1,11,1782007.0,0,44550175.0
KH-00430,CÔNG TY CỔ PHẦN BÌNH MINH,Hà Nội,Miền Bắc,2,29.0,44446658.0,2026-01-24,2026-01-26,2,13,1532643.0,2,22223329.0
KH-00566,DOANH NGHIỆP TW PHÚ THỊNH,Hải Phòng,Miền Bắc,1,25.0,44172215.0,2026-01-30,2026-01-30,1,8,1766889.0,0,44172215.0
KH-00585,CÔNG TY TNHH TÂY BẮC,Tuyên Quang,Miền Bắc,1,30.0,44041190.0,2026-01-31,2026-01-31,2,10,1468040.0,0,44041190.0
KH-00254,CỬA HÀNG XE ĐẠP ĐÔNG NAM,Hà Nam,Miền Bắc,2,29.0,43942860.0,2025-03-24,2025-03-25,3,20,1515271.0,1,21971430.0
KH-00272,CÔNG TY TNHH THƯƠNG MẠI VĨNH PHÁT,Vĩnh Phúc,Miền Bắc,2,38.0,43920000.0,2025-03-25,2025-03-31,2,21,1155789.0,6,21960000.0
KH-00099,CÔNG TY TNHH NGỌC ANH,Hà Nội,Miền Bắc,1,39.0,43710000.0,2025-02-17,2025-02-17,4,24,1120769.0,0,43710000.0
KH-00082,CÔNG TY TNHH THƯƠNG MẠI PHÚC AN,Vĩnh Phúc,Miền Bắc,1,31.0,43600000.0,2025-02-14,2025-02-14,2,11,1406452.0,0,43600000.0
KH-00559,CÔNG TY TNHH THƯƠNG MẠI TÂY BẮC,Thanh Hóa,Miền Trung,1,21.0,43414990.0,2026-01-30,2026-01-30,2,10,2067380.0,0,43414990.0
KH-00454,HỘ KINH DOANH LONG PHÚ,Phú Thọ,Miền Bắc,1,20.0,42573326.0,2026-01-24,2026-01-24,2,14,2128666.0,0,42573326.0
KH-00316,CÔNG TY CỔ PHẦN THƯƠNG MẠI THUỶ TIÊN,Hà Nội,Miền Bắc,1,30.0,42392500.0,2025-03-28,2025-03-28,3,16,1413083.0,0,42392500.0
KH-00136,CÔNG TY CỔ PHẦN NGỌC ANH,Tây Bình Cách - Xã Đông Xá - Huyện Đông Hưng - Thái Bình.,Miền Bắc,1,38.0,42370000.0,2025-02-22,2025-02-22,4,25,1115000.0,0,42370000.0
KH-00222,CÔNG TY CỔ PHẦN TÂN TIẾN,Hà Nội,Miền Bắc,2,35.0,42161481.0,2025-03-20,2025-03-31,4,18,1204614.0,11,21080740.0
KH-00281,CỬA HÀNG XE ĐẠP PHÚC AN,Thanh Hoá,Miền Trung,1,32.0,42075286.0,2025-03-25,2025-03-25,4,17,1314853.0,0,42075286.0
KH-00094,HỘ KINH DOANH SÁN LẠP,Phú Thọ,Miền Bắc,2,36.0,41790000.0,2025-02-17,2025-03-31,3,15,1160833.0,42,20895000.0
KH-00170,CỬA HÀNG XE ĐẠP TRƯỜNG THỊNH,Ninh Bình,Miền Bắc,1,36.0,41700000.0,2025-02-26,2025-02-26,2,24,1158333.0,0,41700000.0
KH-00113,DOANH NGHIỆP TW XÂY DỰNG,Thanh Hoá,Miền Trung,2,30.0,41439439.0,2025-02-19,2026-01-24,1,14,1381315.0,339,20719720.0
KH-00227,CÔNG TY TNHH THƯƠNG MẠI TRÍ ĐỨC,Bắc Ninh,Miền Bắc,1,35.0,40920000.0,2025-03-21,2025-03-21,2,16,1169143.0,0,40920000.0
KH-00162,CÔNG TY CỔ PHẦN THƯƠNG MẠI CHI THÀNH,Hà Nội,Miền Bắc,3,30.0,40881103.0,2025-02-26,2026-02-12,2,21,1362703.0,351,13627034.0
KH-00546,CÔNG TY CỔ PHẦN SÁN LẠP,Quảng Trị,Miền Trung,1,23.0,40747215.0,2026-01-29,2026-01-29,1,15,1771618.0,0,40747215.0
KH-00603,CÔNG TY CỔ PHẦN QUANG VINH,Đà Nẵng,Miền Trung,1,25.0,40402775.0,2026-02-04,2026-02-04,1,2,1616111.0,0,40402775.0
KH-00498,CỬA HÀNG XE ĐẠP MINH PHƯƠNG,Hưng Yên,Miền Bắc,2,25.0,40158694.0,2026-01-27,2026-02-12,3,14,1606348.0,16,20079347.0
KH-00311,CÔNG TY TNHH THƯƠNG MẠI QUANG VINH,Quảng Ninh,Miền Bắc,1,30.0,39960000.0,2025-03-28,2025-03-28,2,14,1332000.0,0,39960000.0
KH-00437,DOANH NGHIỆP TW HÙNG CƯỜNG,Hưng Yên,Miền Bắc,2,25.0,39942769.0,2026-01-24,2026-02-27,2,16,1597711.0,34,19971384.0
KH-00474,HỘ KINH DOANH MẶT TRỜI,Hưng Yên,Miền Bắc,1,24.0,39804429.0,2026-01-26,2026-01-26,1,10,1658518.0,0,39804429.0
KH-00257,HỘ KINH DOANH PHÚC AN,Hà Nội,Miền Bắc,2,36.0,39541481.0,2025-03-24,2025-03-28,3,13,1098374.0,4,19770740.0
KH-00351,CÔNG TY TNHH AN PHÁT,Bắc Ninh,Miền Bắc,1,25.0,39405545.0,2026-01-12,2026-01-12,2,14,1576222.0,0,39405545.0
KH-00258,CỬA HÀNG XE ĐẠP HOÀ BÌNH,Hà Nội,Miền Bắc,2,36.0,39361481.0,2025-03-24,2025-03-28,3,13,1093374.0,4,19680740.0
KH-00240,CÔNG TY CỔ PHẦN TRÍ ĐỨC,Sơn La,Miền Bắc,1,35.0,39050000.0,2025-03-21,2025-03-21,1,11,1115714.0,0,39050000.0
KH-00074,CÔNG TY TNHH THƯƠNG MẠI HOÀ BÌNH,Hòa Bình,Miền Bắc,3,35.0,39028607.0,2025-02-14,2026-01-27,3,28,1115103.0,347,13009536.0
KH-00510,CỬA HÀNG XE ĐẠP NGỌC ANH,Bắc Ninh,Miền Bắc,2,24.0,38976104.0,2026-01-28,2026-02-12,1,8,1624004.0,15,19488052.0
KH-00308,CÔNG TY TNHH THIÊN AN,Cường Tráng - An Thịnh - Lương Tài - Bắc Ninh,Miền Bắc,1,31.0,38840000.0,2025-03-28,2025-03-28,4,20,1252903.0,0,38840000.0
KH-00195,CỬA HÀNG XE ĐẠP BÌNH MINH,Hà Nội,Miền Bắc,2,34.0,38790000.0,2025-03-19,2025-03-25,4,24,1140882.0,6,19395000.0
KH-00429,CỬA HÀNG XE ĐẠP XUÂN MAI,Quảng Ninh,Miền Bắc,1,26.0,38662392.0,2026-01-24,2026-01-24,4,23,1487015.0,0,38662392.0
KH-00547,DOANH NGHIỆP TW THANH BÌNH,Quảng Ngãi,Miền Trung,2,24.0,38227772.0,2026-01-29,2026-02-13,1,9,1592824.0,15,19113886.0
KH-00246,CỬA HÀNG XE ĐẠP TRƯỜNG THỊNH,Hà Nội,Miền Bắc,2,30.0,38184000.0,2025-03-22,2025-03-25,4,23,1272800.0,3,19092000.0
KH-00376,CÔNG TY TNHH THƯƠNG MẠI AN PHÁT,Hà Nội,Miền Bắc,2,25.0,38117024.0,2026-01-16,2026-02-13,3,17,1524681.0,28,19058512.0
KH-00328,CÔNG TY CỔ PHẦN PHÚC AN,Vĩnh Phúc,Miền Bắc,1,30.0,37780000.0,2025-03-31,2025-03-31,3,21,1259333.0,0,37780000.0
KH-00249,HỘ KINH DOANH PHÚC AN,Thanh Hóa,Miền Trung,1,30.0,37560000.0,2025-03-22,2025-03-22,2,11,1252000.0,0,37560000.0
KH-00439,DOANH NGHIỆP TW THUỶ TIÊN,Nghệ An,Miền Trung,1,22.0,37204436.0,2026-01-24,2026-01-24,3,11,1691111.0,0,37204436.0
KH-00215,DOANH NGHIỆP TW LÊ ANH,Hà Tĩnh,Miền Trung,2,36.0,37160000.0,2025-03-20,2025-03-31,5,24,1032222.0,11,18580000.0
KH-00440,CÔNG TY TNHH THƯƠNG MẠI ĐÔNG NAM,Hà Nội,Miền Bắc,3,23.0,37106379.0,2026-01-24,2026-02-26,3,20,1613321.0,33,12368793.0
KH-00302,CÔNG TY TNHH XÂY DỰNG,Hà Giang,Miền Bắc,1,30.0,36910000.0,2025-03-28,2025-03-28,4,15,1230333.0,0,36910000.0
KH-00137,CÔNG TY TNHH THƯƠNG MẠI QUANG VINH,Hà Nam,Miền Bắc,1,29.0,36580000.0,2025-02-22,2025-02-22,3,11,1261379.0,0,36580000.0
KH-00242,CÔNG TY CỔ PHẦN THƯƠNG MẠI HÙNG CƯỜNG,Bắc Kạn,Miền Bắc,2,51.0,36320000.0,2025-03-21,2025-03-25,3,12,712157.0,4,18160000.0
KH-00501,CÔNG TY CỔ PHẦN VĨNH PHÁT,Thanh Hóa,Miền Trung,2,21.0,36233323.0,2026-01-28,2026-02-07,2,10,1725396.0,10,18116662.0
KH-00124,CÔNG TY CỔ PHẦN THƯƠNG MẠI AN PHÁT,Thanh Hoá,Miền Trung,1,30.0,36220000.0,2025-02-20,2025-02-20,2,14,1207333.0,0,36220000.0
KH-00047,CÔNG TY CỔ PHẦN THƯƠNG MẠI TÚ ANH,Vĩnh Phúc,Miền Bắc,1,30.0,36180000.0,2025-02-04,2025-02-04,1,10,1206000.0,0,36180000.0
KH-00224,DOANH NGHIỆP TW ĐÔNG NAM,Ninh Bình,Miền Bắc,1,30.0,36150000.0,2025-03-21,2025-03-21,2,12,1205000.0,0,36150000.0
KH-00572,CÔNG TY CỔ PHẦN THƯƠNG MẠI VIỆT ANH,Quảng Ninh,Miền Bắc,1,21.0,36044992.0,2026-01-31,2026-01-31,2,13,1716428.0,0,36044992.0
KH-00507,CỬA HÀNG XE ĐẠP BÌNH MINH,Phú Thọ,Miền Bắc,1,22.0,35994437.0,2026-01-28,2026-01-28,1,11,1636111.0,0,35994437.0
KH-00108,HỘ KINH DOANH LÊ ANH,Hà Nội,Miền Bắc,1,30.0,35900000.0,2025-02-19,2025-02-19,3,14,1196667.0,0,35900000.0
KH-00275,CÔNG TY CỔ PHẦN THƯƠNG MẠI QUANG VINH,Thái Nguyên,Miền Bắc,1,30.0,35890000.0,2025-03-25,2025-03-25,3,18,1196333.0,0,35890000.0
KH-00236,CỬA HÀNG XE ĐẠP ĐÔNG NAM,Hà Nội,Miền Bắc,2,30.0,35880000.0,2025-03-21,2025-03-22,1,17,1196000.0,1,17940000.0
KH-00263,DOANH NGHIỆP TW TRƯỜNG THỊNH,Thanh Hoá,Miền Trung,1,30.0,35790000.0,2025-03-24,2025-03-24,2,13,1193000.0,0,35790000.0
KH-00450,HỘ KINH DOANH QUANG VINH,Thanh Hoá,Miền Trung,1,27.0,35684616.0,2026-01-24,2026-01-24,3,11,1321652.0,0,35684616.0
KH-00101,CÔNG TY CỔ PHẦN THƯƠNG MẠI QUANG VINH,Hà Nội,Miền Bắc,3,29.0,35420000.0,2025-02-17,2025-03-24,3,11,1221379.0,35,11806667.0
KH-00243,HỘ KINH DOANH VĨNH PHÁT,Hà Nam,Miền Bắc,1,30.0,35150000.0,2025-03-21,2025-03-21,3,21,1171667.0,0,35150000.0
KH-00398,CÔNG TY TNHH PHÚC AN,TP Đà Nẵng,Miền Bắc,1,20.0,35105550.0,2026-01-20,2026-01-20,1,5,1755278.0,0,35105550.0
KH-00131,CÔNG TY TNHH QUANG VINH,Hà Nam,Miền Bắc,1,30.0,35090000.0,2025-02-20,2025-02-20,2,14,1169667.0,0,35090000.0
KH-00259,DOANH NGHIỆP TW MINH PHƯƠNG,Hà Nội,Miền Bắc,1,31.0,35050000.0,2025-03-24,2025-03-24,4,20,1130645.0,0,35050000.0
KH-00077,CÔNG TY CỔ PHẦN THƯƠNG MẠI NGỌC ANH,Hà Nội,Miền Bắc,1,30.0,35020000.0,2025-02-14,2025-02-14,2,18,1167333.0,0,35020000.0
KH-00515,CÔNG TY CỔ PHẦN THƯƠNG MẠI SƠN HÀ,TP Hải Phòng,Miền Bắc,1,22.0,34973416.0,2026-01-28,2026-01-28,3,7,1589701.0,0,34973416.0
KH-00494,HỘ KINH DOANH AN PHÁT,Hà Nội,Miền Bắc,1,21.0,34963325.0,2026-01-27,2026-01-27,1,9,1664920.0,0,34963325.0
KH-00105,CỬA HÀNG XE ĐẠP PHÚC AN,Bắc Ninh,Miền Bắc,1,30.0,34910000.0,2025-02-19,2025-02-19,2,11,1163667.0,0,34910000.0
KH-00465,CÔNG TY CỔ PHẦN KHẢI HOÀN,Quảng Ninh,Miền Bắc,1,22.0,34894436.0,2026-01-26,2026-01-26,2,11,1586111.0,0,34894436.0
KH-00310,HỘ KINH DOANH VẠN LỢI,Quảng Ninh,Miền Bắc,1,30.0,34770000.0,2025-03-28,2025-03-28,2,16,1159000.0,0,34770000.0
KH-00095,CÔNG TY CỔ PHẦN THƯƠNG MẠI KHẢI HOÀN,Hà Nội,Miền Bắc,1,30.0,34730000.0,2025-02-17,2025-02-17,3,18,1157667.0,0,34730000.0
KH-00378,CỬA HÀNG XE ĐẠP VĨNH PHÁT,Hà Nội,Miền Bắc,2,21.0,34553883.0,2026-01-16,2026-01-28,1,9,1645423.0,12,17276942.0
KH-00595,CÔNG TY CỔ PHẦN THƯƠNG MẠI YÊN BÌNH,Tuyên Quang,Miền Bắc,1,25.0,34527950.0,2026-02-04,2026-02-04,3,11,1381118.0,0,34527950.0
KH-00295,DOANH NGHIỆP TW XÂY DỰNG,Hà Nội,Miền Bắc,1,29.0,34400000.0,2025-03-27,2025-03-27,1,11,1186207.0,0,34400000.0
KH-00066,CÔNG TY CỔ PHẦN NGỌC ANH,Hà Nộ,Miền Bắc,1,30.0,34390000.0,2025-02-10,2025-02-10,2,19,1146333.0,0,34390000.0
KH-00239,HỘ KINH DOANH THANH BÌNH,Hội An,Miền Bắc,1,23.0,34357000.0,2025-03-21,2025-03-21,2,9,1493783.0,0,34357000.0
KH-00574,CỬA HÀNG XE ĐẠP LONG PHÚ,Quảng Ninh,Miền Bắc,1,5.0,34270830.0,2026-01-31,2026-01-31,0,1,6854166.0,0,34270830.0
KH-00579,CÔNG TY TNHH THƯƠNG MẠI XÂY DỰNG,Quảng Ninh,Miền Bắc,1,5.0,34270830.0,2026-01-31,2026-01-31,0,1,6854166.0,0,34270830.0
KH-00324,CÔNG TY CỔ PHẦN ĐÔNG NAM,Quảng Ninh,Miền Bắc,1,28.0,34180000.0,2025-03-31,2025-03-31,3,15,1220714.0,0,34180000.0
KH-00135,CỬA HÀNG XE ĐẠP XUÂN MAI,Ninh Bình,Miền Bắc,1,30.0,34180000.0,2025-02-22,2025-02-22,3,19,1139333.0,0,34180000.0
KH-00229,DOANH NGHIỆP TW TRÍ ĐỨC,Bắc Giang,Miền Bắc,1,30.0,33980000.0,2025-03-21,2025-03-21,2,11,1132667.0,0,33980000.0
KH-00153,CÔNG TY CỔ PHẦN THƯƠNG MẠI PHÚ THỊNH,Hà Tĩnh,Miền Trung,1,32.0,33900000.0,2025-02-22,2025-02-22,3,12,1059375.0,0,33900000.0
KH-00602,CÔNG TY TNHH THƯƠNG MẠI THIÊN AN,Hà Nội,Miền Bắc,1,22.0,33720915.0,2026-02-04,2026-02-04,3,17,1532769.0,0,33720915.0
KH-00223,CÔNG TY CỔ PHẦN THƯƠNG MẠI AN PHÁT,Hà Nội,Miền Bắc,1,32.0,33720000.0,2025-03-21,2025-03-21,3,14,1053750.0,0,33720000.0
KH-00238,CÔNG TY CỔ PHẦN THƯƠNG MẠI TRƯỜNG THỊNH,Phú Thọ,Miền Bắc,1,26.0,33546143.0,2025-03-21,2025-03-21,4,16,1290236.0,0,33546143.0
KH-00244,CÔNG TY CỔ PHẦN THƯƠNG MẠI AN PHÁT,Phú Thọ,Miền Bắc,1,30.0,33400000.0,2025-03-21,2025-03-21,3,11,1113333.0,0,33400000.0
KH-00493,CÔNG TY CỔ PHẦN THƯƠNG MẠI QUANG VINH,TP Hải Phòng,Miền Bắc,2,24.0,33390543.0,2026-01-27,2026-02-24,4,12,1391273.0,28,16695272.0
KH-00508,CÔNG TY CỔ PHẦN VĨNH PHÁT,TP Hải Phòng,Miền Bắc,2,22.0,33244157.0,2026-01-28,2026-01-28,2,12,1511098.0,0,16622078.0
KH-00056,DOANH NGHIỆP TW ĐÔNG NAM,Hà Nam,Miền Bắc,1,30.0,33090000.0,2025-02-10,2025-02-10,3,12,1103000.0,0,33090000.0
KH-00034,CÔNG TY TNHH BÌNH MINH,Đà Nẵng,Miền Trung,2,28.0,32750000.0,2025-01-18,2025-02-20,3,21,1169643.0,33,16375000.0
KH-00578,DOANH NGHIỆP TW NGỌC ANH,Hà Nội,Miền Bắc,2,23.0,32402772.0,2026-01-31,2026-02-26,2,10,1408816.0,26,16201386.0
KH-00416,DOANH NGHIỆP TW HOÀ BÌNH,Quảng Ninh,Miền Bắc,1,14.0,32353328.0,2026-01-23,2026-01-23,1,10,2310952.0,0,32353328.0
KH-00305,CÔNG TY CỔ PHẦN TÂY BẮC,Hà Nội,Miền Bắc,2,26.0,32170000.0,2025-03-28,2025-03-31,3,10,1237308.0,3,16085000.0
KH-00598,DOANH NGHIỆP TW SƠN HÀ,Hải Phòng,Miền Bắc,1,20.0,31998692.0,2026-02-04,2026-02-04,3,12,1599935.0,0,31998692.0
KH-00516,CÔNG TY TNHH SÁN LẠP,Hưng Yên,Miền Bắc,1,20.0,31988880.0,2026-01-28,2026-01-28,1,6,1599444.0,0,31988880.0
KH-00210,DOANH NGHIỆP TW SÁN LẠP,Uông Bí,Miền Bắc,1,33.0,31677734.0,2025-03-20,2025-03-20,4,23,959931.0,0,31677734.0
KH-00526,CÔNG TY CỔ PHẦN NAM TIẾN,Hưng Yên,Miền Bắc,1,20.0,31530549.0,2026-01-28,2026-01-28,2,11,1576527.0,0,31530549.0
KH-00211,CỬA HÀNG XE ĐẠP NAM TIẾN,Hà Tĩnh,Miền Trung,1,28.0,31530000.0,2025-03-20,2025-03-20,2,12,1126071.0,0,31530000.0
KH-00532,CÔNG TY TNHH THƯƠNG MẠI MẶT TRỜI,Hà Nội,Miền Bắc,1,15.0,31324993.0,2026-01-28,2026-01-28,1,7,2088333.0,0,31324993.0
KH-00318,HỘ KINH DOANH BÌNH MINH,Hòa Bình,Miền Bắc,1,26.0,30680000.0,2025-03-29,2025-03-29,1,3,1180000.0,0,30680000.0
KH-00043,CÔNG TY TNHH LONG PHÚ,TP Đà Nẵng,Miền Bắc,3,26.0,30650000.0,2025-01-22,2025-02-20,3,19,1178846.0,29,10216667.0
KH-00206,CÔNG TY TNHH THƯƠNG MẠI MẶT TRỜI,Hà Nội,Miền Bắc,2,25.0,30030000.0,2025-03-20,2025-03-20,2,11,1201200.0,0,15015000.0
KH-00413,CÔNG TY CỔ PHẦN CHI THÀNH,TP Hải Phòng,Miền Bắc,1,19.0,29907408.0,2026-01-23,2026-01-23,1,1,1574074.0,0,29907408.0
KH-00143,DOANH NGHIỆP TW TÂY BẮC,Vĩnh Phúc,Miền Bắc,1,20.0,29700000.0,2025-02-22,2025-02-22,2,12,1485000.0,0,29700000.0
KH-00533,CÔNG TY TNHH YÊN BÌNH,Phú Thọ,Miền Bắc,1,17.0,29689996.0,2026-01-28,2026-01-28,1,6,1746470.0,0,29689996.0
KH-00307,DOANH NGHIỆP TW THIÊN AN,Quảng Ninh,Miền Bắc,1,20.0,29517574.0,2025-03-28,2025-03-28,4,10,1475879.0,0,29517574.0
KH-00581,DOANH NGHIỆP TW SƠN HÀ,Điện Biên,Miền Bắc,1,14.0,29371102.0,2026-01-31,2026-01-31,1,7,2097936.0,0,29371102.0
KH-00554,CÔNG TY CỔ PHẦN THƯƠNG MẠI SÁN LẠP,Hà Nội,Miền Bắc,1,18.0,29284994.0,2026-01-29,2026-01-29,1,15,1626944.0,0,29284994.0
KH-00582,HỘ KINH DOANH LONG PHÚ,Điện Biên,Miền Bắc,1,18.0,29156661.0,2026-01-31,2026-01-31,2,6,1619814.0,0,29156661.0
KH-00468,CÔNG TY CỔ PHẦN KHẢI HOÀN,Nghệ An,Miền Trung,1,19.0,28953046.0,2026-01-26,2026-01-26,2,10,1523845.0,0,28953046.0
KH-00563,HỘ KINH DOANH YÊN BÌNH,Hà Nội,Miền Bắc,1,17.0,28828328.0,2026-01-30,2026-01-30,2,10,1695784.0,0,28828328.0
KH-00122,CÔNG TY TNHH CHI THÀNH,Hưng Yên,Miền Bắc,1,30.0,28520000.0,2025-02-20,2025-02-20,3,16,950667.0,0,28520000.0
KH-00370,CÔNG TY CỔ PHẦN THƯƠNG MẠI PHÚ THỊNH,Bắc Ninh,Miền Bắc,1,13.0,28205550.0,2026-01-16,2026-01-16,2,10,2169658.0,0,28205550.0
KH-00451,CÔNG TY CỔ PHẦN THƯƠNG MẠI TRƯỜNG THỊNH,Phú Thọ,Miền Bắc,1,17.0,28180365.0,2026-01-24,2026-01-24,2,8,1657669.0,0,28180365.0
KH-00292,CÔNG TY TNHH VIỆT ANH,Hà Nội,Miền Bắc,1,30.0,28127001.0,2025-03-26,2025-03-26,3,26,937567.0,0,28127001.0
KH-00319,CỬA HÀNG XE ĐẠP QUANG VINH,TP Hưng Yên,Miền Bắc,1,22.0,27978500.0,2025-03-29,2025-03-29,4,17,1271750.0,0,27978500.0
KH-00391,CÔNG TY TNHH THƯƠNG MẠI NAM TIẾN,Hà Tĩnh,Miền Trung,1,15.0,27965179.0,2026-01-19,2026-01-19,3,12,1864345.0,0,27965179.0
KH-00596,DOANH NGHIỆP TW THUỶ TIÊN,TP Hải Phòng,Miền Bắc,1,16.0,27434438.0,2026-02-04,2026-02-04,1,12,1714652.0,0,27434438.0
KH-00524,CÔNG TY CỔ PHẦN THƯƠNG MẠI TRÍ ĐỨC,Hưng Yên,Miền Bắc,1,15.0,27199995.0,2026-01-28,2026-01-28,1,4,1813333.0,0,27199995.0
KH-00535,CỬA HÀNG XE ĐẠP QUANG VINH,Phú Thọ,Miền Bắc,2,20.0,27191100.0,2026-01-28,2026-02-12,3,18,1359555.0,15,13595550.0
KH-00544,DOANH NGHIỆP TW VIỆT ANH,Hà Nội,Miền Bắc,1,17.0,26793141.0,2026-01-29,2026-01-29,2,11,1576067.0,0,26793141.0
KH-00573,DOANH NGHIỆP TW THANH BÌNH,Quảng Ninh,Miền Bắc,1,15.0,26717216.0,2026-01-31,2026-01-31,2,10,1781148.0,0,26717216.0
KH-00611,CÔNG TY TNHH VIỆT ANH,Thái Bình,Miền Bắc,1,16.0,26627771.0,2026-02-05,2026-02-05,1,10,1664236.0,0,26627771.0
KH-00618,HỘ KINH DOANH ĐÔNG NAM,Nghệ An,Miền Trung,1,15.0,26313330.0,2026-02-07,2026-02-07,1,7,1754222.0,0,26313330.0
KH-00226,CÔNG TY CỔ PHẦN VĨNH PHÁT,Hà Nội,Miền Bắc,1,22.0,26040000.0,2025-03-21,2025-03-21,1,8,1183636.0,0,26040000.0
KH-00464,CÔNG TY TNHH THƯƠNG MẠI KHẢI HOÀN,Phú Thọ,Miền Bắc,1,15.0,25797586.0,2026-01-26,2026-01-26,3,13,1719839.0,0,25797586.0
KH-00060,CÔNG TY TNHH THƯƠNG MẠI VẠN LỢI,Hà Nam,Miền Bắc,1,21.0,25550000.0,2025-02-10,2025-02-10,1,3,1216667.0,0,25550000.0
KH-00121,CÔNG TY TNHH CHI THÀNH,Hưng Yên,Miền Bắc,1,19.0,25527929.0,2025-02-20,2025-02-20,4,17,1343575.0,0,25527929.0
KH-00470,CÔNG TY CỔ PHẦN VĨNH PHÁT,Nghệ An,Miền Trung,1,16.0,25285547.0,2026-01-26,2026-01-26,1,7,1580347.0,0,25285547.0
KH-00604,CÔNG TY CỔ PHẦN THƯƠNG MẠI PHÚC AN,Đà Nẵng,Miền Trung,1,15.0,25219441.0,2026-02-04,2026-02-04,1,12,1681296.0,0,25219441.0
KH-00549,CỬA HÀNG XE ĐẠP TÚ ANH,Phú Thọ,Miền Bắc,1,15.0,24975551.0,2026-01-29,2026-01-29,2,9,1665037.0,0,24975551.0
KH-00600,CỬA HÀNG XE ĐẠP TOÀN THẮNG,Hưng Yên,Miền Bắc,1,15.0,24913880.0,2026-02-04,2026-02-04,1,6,1660925.0,0,24913880.0
KH-00204,CÔNG TY CỔ PHẦN ĐẠI DƯƠNG,Nam Định,Miền Bắc,1,10.0,24907407.0,2025-03-20,2025-03-20,1,2,2490741.0,0,24907407.0
KH-00580,CÔNG TY CỔ PHẦN THƯƠNG MẠI LONG PHÚ,Đà Nẵng,Miền Trung,1,15.0,24779998.0,2026-01-31,2026-01-31,1,10,1652000.0,0,24779998.0
KH-00184,DOANH NGHIỆP TW ĐẠI LỢI,Hoà Bình,Miền Bắc,2,21.0,24742962.0,2025-03-17,2025-03-31,5,13,1178236.0,14,12371481.0
KH-00567,CÔNG TY CỔ PHẦN THƯƠNG MẠI SƠN HÀ,TP Hải Phòng,Miền Bắc,1,16.0,24564438.0,2026-01-30,2026-01-30,2,9,1535277.0,0,24564438.0
KH-00332,DOANH NGHIỆP TW TOÀN THẮNG,Hà Nội,Miền Bắc,1,21.0,24510000.0,2025-03-31,2025-03-31,1,8,1167143.0,0,24510000.0
KH-00299,CỬA HÀNG XE ĐẠP VIỆT ANH,Hà Tĩnh,Miền Trung,1,21.0,24430000.0,2025-03-27,2025-03-27,3,15,1163333.0,0,24430000.0
KH-00610,DOANH NGHIỆP TW HÙNG CƯỜNG,Hưng Yên,Miền Bắc,1,15.0,24388144.0,2026-02-05,2026-02-05,2,11,1625876.0,0,24388144.0
KH-00523,HỘ KINH DOANH KHẢI HOÀN,Hà Nội,Miền Bắc,1,15.0,24352217.0,2026-01-28,2026-01-28,2,7,1623481.0,0,24352217.0
KH-00171,CÔNG TY CỔ PHẦN QUANG VINH,Hà Nội,Miền Bắc,1,10.0,24259259.0,2025-02-27,2025-02-27,1,1,2425926.0,0,24259259.0
KH-00234,CÔNG TY TNHH KHẢI HOÀN,Thái Bình,Miền Bắc,1,21.0,24220000.0,2025-03-21,2025-03-21,2,10,1153333.0,0,24220000.0
KH-00087,CỬA HÀNG XE ĐẠP SÁN LẠP,Nghệ An,Miền Trung,1,20.0,24200000.0,2025-02-14,2025-02-14,1,3,1210000.0,0,24200000.0
KH-00599,CÔNG TY CỔ PHẦN XÂY DỰNG,Ninh Bình,Miền Bắc,1,15.0,24137774.0,2026-02-04,2026-02-04,1,7,1609185.0,0,24137774.0
KH-00528,CÔNG TY CỔ PHẦN VẠN LỢI,Bắc Ninh,Miền Bắc,1,15.0,24083328.0,2026-01-28,2026-01-28,1,6,1605555.0,0,24083328.0
KH-00058,DOANH NGHIỆP TW SÁN LẠP,TP Hải Dương,Miền Bắc,1,20.0,24000000.0,2025-02-10,2025-02-10,1,4,1200000.0,0,24000000.0
KH-00291,CÔNG TY TNHH VĨNH PHÁT,Hà Nam,Miền Bắc,1,20.0,24000000.0,2025-03-26,2025-03-26,1,3,1200000.0,0,24000000.0
KH-00296,CÔNG TY TNHH THƯƠNG MẠI HOÀ BÌNH,Hà Nội,Miền Bắc,1,20.0,23580000.0,2025-03-27,2025-03-27,1,11,1179000.0,0,23580000.0
KH-00017,CỬA HÀNG XE ĐẠP THUỶ TIÊN,TT Hương Sơn- Phú Bình- Thái Nguyên,Miền Bắc,1,20.0,23350000.0,2025-01-10,2025-01-10,1,6,1167500.0,0,23350000.0
KH-00166,HỘ KINH DOANH QUANG VINH,Tổ 1 - Phường Mường Thanh - TP Điện Biên Phủ,Miền Bắc,1,18.0,23312643.0,2025-02-26,2025-02-26,3,10,1295147.0,0,23312643.0
KH-00174,CÔNG TY CỔ PHẦN THƯƠNG MẠI LÊ ANH,Đà Nẵng,Miền Trung,1,20.0,23300000.0,2025-03-06,2025-03-06,1,8,1165000.0,0,23300000.0
KH-00443,CÔNG TY TNHH HÙNG CƯỜNG,Hà Nội,Miền Bắc,1,10.0,23242219.0,2026-01-24,2026-01-24,1,5,2324222.0,0,23242219.0
KH-00158,CÔNG TY TNHH THƯƠNG MẠI VIỆT ANH,Thái Bình,Miền Bắc,1,19.0,23040000.0,2025-02-25,2025-02-25,2,12,1212632.0,0,23040000.0
KH-00333,DOANH NGHIỆP TW ĐÔNG NAM,Thanh Hoá,Miền Trung,1,20.0,22970000.0,2025-03-31,2025-03-31,2,15,1148500.0,0,22970000.0
KH-00145,HỘ KINH DOANH PHÚ THỊNH,Quảng Ngãi,Miền Trung,1,20.0,22940000.0,2025-02-22,2025-02-22,4,13,1147000.0,0,22940000.0
KH-00606,CỬA HÀNG XE ĐẠP BÌNH MINH,Bắc Ninh,Miền Bắc,1,10.0,22931385.0,2026-02-05,2026-02-05,1,8,2293138.0,0,22931385.0
KH-00233,DOANH NGHIỆP TW CHI THÀNH,Thái Bình,Miền Bắc,1,20.0,22840000.0,2025-03-21,2025-03-21,1,9,1142000.0,0,22840000.0
KH-00504,CÔNG TY CỔ PHẦN THƯƠNG MẠI TÂY BẮC,Hà Nội,Miền Bắc,1,15.0,22818328.0,2026-01-28,2026-01-28,3,10,1521222.0,0,22818328.0
KH-00446,CÔNG TY TNHH THƯƠNG MẠI MINH PHƯƠNG,Quảng Trị,Miền Trung,1,21.0,22567396.0,2026-01-24,2026-01-24,1,11,1074638.0,0,22567396.0
KH-00114,CỬA HÀNG XE ĐẠP NGỌC ANH,Phố Kiểu - Yên Trường - Yên Định - Thanh Hoá,Miền Bắc,1,16.0,22550000.0,2025-02-19,2025-02-19,3,5,1409375.0,0,22550000.0
KH-00280,CÔNG TY TNHH THƯƠNG MẠI MINH PHƯƠNG,Hà Nam,Miền Bắc,1,20.0,22480000.0,2025-03-25,2025-03-25,3,12,1124000.0,0,22480000.0
KH-00144,CỬA HÀNG XE ĐẠP QUANG VINH,Vĩnh Yên,Miền Bắc,1,20.0,22418078.0,2025-02-22,2025-02-22,4,17,1120904.0,0,22418078.0
KH-00480,DOANH NGHIỆP TW ĐẠI DƯƠNG,Hà Nội,Miền Bắc,1,10.0,22314816.0,2026-01-27,2026-01-27,1,4,2231482.0,0,22314816.0
KH-00622,CÔNG TY CỔ PHẦN XUÂN MAI,Lào Cai,Miền Bắc,1,12.0,22282679.0,2026-02-07,2026-02-07,2,11,1856890.0,0,22282679.0
KH-00321,CỬA HÀNG XE ĐẠP VIỆT ANH,Hải Phòng,Miền Bắc,1,19.0,22250000.0,2025-03-31,2025-03-31,2,6,1171053.0,0,22250000.0
KH-00401,HỘ KINH DOANH THUỶ TIÊN,Hà Nội,Miền Bắc,1,12.0,22144902.0,2026-01-22,2026-01-22,4,10,1845408.0,0,22144902.0
KH-00548,CÔNG TY TNHH KHẢI HOÀN,Quảng Trị,Miền Trung,1,14.0,22080551.0,2026-01-29,2026-01-29,1,2,1577182.0,0,22080551.0
KH-00125,HỘ KINH DOANH BÌNH MINH,Thanh Hóa,Miền Trung,1,17.0,21860000.0,2025-02-20,2025-02-20,1,2,1285882.0,0,21860000.0
KH-00329,HỘ KINH DOANH TRÍ ĐỨC,Hà Nội,Miền Bắc,1,10.0,21666667.0,2025-03-31,2025-03-31,1,6,2166667.0,0,21666667.0
KH-00309,CÔNG TY CỔ PHẦN PHÚC AN,Hải Dương,Miền Bắc,1,21.0,21610000.0,2025-03-28,2025-03-28,3,9,1029048.0,0,21610000.0
KH-00530,DOANH NGHIỆP TW TÂY BẮC,Hà Nội,Miền Bắc,1,13.0,21605551.0,2026-01-28,2026-01-28,1,7,1661965.0,0,21605551.0
KH-00576,DOANH NGHIỆP TW THIÊN AN,Quảng Ninh,Miền Bắc,1,16.0,21478325.0,2026-01-31,2026-01-31,2,6,1342395.0,0,21478325.0
KH-00552,CỬA HÀNG XE ĐẠP YÊN BÌNH,Phú Thọ,Miền Bắc,1,16.0,21451568.0,2026-01-29,2026-01-29,2,7,1340723.0,0,21451568.0
KH-00555,CỬA HÀNG XE ĐẠP TRƯỜNG THỊNH,Ninh Bình,Miền Bắc,1,15.0,21375919.0,2026-01-29,2026-01-29,2,9,1425061.0,0,21375919.0
KH-00156,DOANH NGHIỆP TW VIỆT ANH,Thanh Hoá,Miền Trung,1,18.0,21250000.0,2025-02-22,2025-02-22,3,13,1180556.0,0,21250000.0
KH-00445,CÔNG TY CỔ PHẦN TÂN TIẾN,Quảng Ngãi,Miền Trung,1,17.0,20933330.0,2026-01-24,2026-01-24,2,5,1231372.0,0,20933330.0
KH-00315,CÔNG TY CỔ PHẦN THƯƠNG MẠI THUỶ TIÊN,Vĩnh Yên,Miền Bắc,1,16.0,20889981.0,2025-03-28,2025-03-28,4,12,1305624.0,0,20889981.0
KH-00159,CÔNG TY TNHH THƯƠNG MẠI THANH BÌNH,Thủ Dầu Một,Miền Bắc,2,9.0,20750000.0,2025-02-25,2025-03-07,1,1,2305556.0,10,10375000.0
KH-00297,CỬA HÀNG XE ĐẠP TÂY BẮC,Hà Nội,Miền Bắc,1,17.0,20650000.0,2025-03-27,2025-03-27,1,5,1214706.0,0,20650000.0
KH-00230,DOANH NGHIỆP TW ĐẠI LỢI,Hà Nội,Miền Bắc,1,18.0,20440000.0,2025-03-21,2025-03-21,2,11,1135556.0,0,20440000.0
KH-00293,CÔNG TY TNHH THƯƠNG MẠI TÚ ANH,Hà Nội,Miền Bắc,1,10.0,20277778.0,2025-03-27,2025-03-27,1,2,2027778.0,0,20277778.0
KH-00473,CÔNG TY TNHH TRÍ ĐỨC,Hà Nội,Miền Bắc,1,13.0,20212216.0,2026-01-26,2026-01-26,1,4,1554786.0,0,20212216.0
KH-00537,CÔNG TY CỔ PHẦN ĐÔNG NAM,Bắc Kạn,Miền Bắc,1,15.0,20135548.0,2026-01-28,2026-01-28,1,6,1342370.0,0,20135548.0
KH-00271,CÔNG TY CỔ PHẦN THƯƠNG MẠI HÙNG CƯỜNG,Hà Nội,Miền Bắc,1,18.0,20030000.0,2025-03-25,2025-03-25,3,15,1112778.0,0,20030000.0
KH-00183,DOANH NGHIỆP TW LONG PHÚ,Bắc Giang,Miền Bắc,1,17.0,20000000.0,2025-03-14,2025-03-14,2,13,1176471.0,0,20000000.0
KH-00534,DOANH NGHIỆP TW AN PHÁT,Phú Thọ,Miền Bắc,1,11.0,19952588.0,2026-01-28,2026-01-28,2,11,1813872.0,0,19952588.0
KH-00490,CÔNG TY TNHH TÂN TIẾN,Phú Thọ,Miền Bắc,1,10.0,19349256.0,2026-01-27,2026-01-27,2,4,1934926.0,0,19349256.0
KH-00620,CỬA HÀNG XE ĐẠP ĐẠI DƯƠNG,Hà Tĩnh,Miền Trung,1,2.0,19236110.0,2026-02-07,2026-02-07,0,2,9618055.0,0,19236110.0
KH-00232,HỘ KINH DOANH HOÀ BÌNH,Hội An,Miền Bắc,1,8.0,19000000.0,2025-03-21,2025-03-21,1,2,2375000.0,0,19000000.0
KH-00313,DOANH NGHIỆP TW BÌNH MINH,Hà Nội,Miền Bắc,1,16.0,18730000.0,2025-03-28,2025-03-28,1,6,1170625.0,0,18730000.0
KH-00103,CÔNG TY CỔ PHẦN AN PHÁT,Bắc Giang,Miền Bắc,1,10.0,18680556.0,2025-02-19,2025-02-19,1,1,1868056.0,0,18680556.0
KH-00146,HỘ KINH DOANH LONG PHÚ,Điện Biên,Miền Bắc,1,14.0,18640000.0,2025-02-22,2025-02-22,4,11,1331429.0,0,18640000.0
KH-00274,CÔNG TY CỔ PHẦN THƯƠNG MẠI YÊN BÌNH,Vĩnh Phúc,Miền Bắc,1,15.0,18170000.0,2025-03-25,2025-03-25,2,7,1211333.0,0,18170000.0
KH-00601,HỘ KINH DOANH PHÚ THỊNH,Hà Nội,Miền Bắc,1,12.0,18164071.0,2026-02-04,2026-02-04,2,9,1513673.0,0,18164071.0
KH-00409,CÔNG TY CỔ PHẦN THƯƠNG MẠI BÌNH MINH,Thanh Hoá,Miền Trung,1,10.0,18133330.0,2026-01-22,2026-01-22,1,3,1813333.0,0,18133330.0
KH-00045,CÔNG TY TNHH AN PHÁT,Quảng Nam,Miền Trung,1,4.0,18111112.0,2025-01-23,2025-01-23,1,1,4527778.0,0,18111112.0
KH-00320,HỘ KINH DOANH PHÚC AN,Hà Nội,Miền Bắc,1,15.0,18020000.0,2025-03-31,2025-03-31,2,15,1201333.0,0,18020000.0
KH-00228,CÔNG TY CỔ PHẦN THƯƠNG MẠI XUÂN MAI,Hà Nội,Miền Bắc,1,15.0,18000000.0,2025-03-21,2025-03-21,2,8,1200000.0,0,18000000.0
KH-00431,CÔNG TY CỔ PHẦN THƯƠNG MẠI KHẢI HOÀN,Hà Nội,Miền Bắc,1,11.0,17887217.0,2026-01-24,2026-01-24,2,4,1626111.0,0,17887217.0
KH-00084,CỬA HÀNG XE ĐẠP TOÀN THẮNG,Hưng Yên,Miền Bắc,1,15.0,17860000.0,2025-02-14,2025-02-14,2,11,1190667.0,0,17860000.0
KH-00304,DOANH NGHIỆP TW TÚ ANH,Hà Nội,Miền Bắc,1,15.0,17710000.0,2025-03-28,2025-03-28,1,10,1180667.0,0,17710000.0
KH-00587,DOANH NGHIỆP TW AN PHÁT,Hà Nội,Miền Bắc,1,10.0,17595552.0,2026-01-31,2026-01-31,1,4,1759555.0,0,17595552.0
KH-00317,CỬA HÀNG XE ĐẠP THIÊN AN,Hà Nội,Miền Bắc,1,15.0,17550000.0,2025-03-28,2025-03-28,2,7,1170000.0,0,17550000.0
KH-00123,CÔNG TY CỔ PHẦN THƯƠNG MẠI LONG PHÚ,Hà Nội,Miền Bắc,1,20.0,17390000.0,2025-02-20,2025-02-20,2,8,869500.0,0,17390000.0
KH-00539,CỬA HÀNG XE ĐẠP CHI THÀNH,Thái Nguyên,Miền Bắc,1,10.0,17192218.0,2026-01-28,2026-01-28,1,8,1719222.0,0,17192218.0
KH-00279,CỬA HÀNG XE ĐẠP CHI THÀNH,Hà Nam,Miền Bắc,1,20.0,17170000.0,2025-03-25,2025-03-25,2,11,858500.0,0,17170000.0
KH-00331,HỘ KINH DOANH ĐẠI DƯƠNG,Hà Giang,Miền Bắc,1,15.0,16960000.0,2025-03-31,2025-03-31,2,5,1130667.0,0,16960000.0
KH-00449,CÔNG TY CỔ PHẦN THUỶ TIÊN,Phú Thọ,Miền Bắc,1,11.0,16652772.0,2026-01-24,2026-01-24,2,4,1513888.0,0,16652772.0
KH-00069,CÔNG TY TNHH MINH PHƯƠNG,Hà Nội,Miền Bắc,3,6.0,16611111.0,2025-02-11,2026-01-07,1,2,2768518.0,330,5537037.0
KH-00589,DOANH NGHIỆP TW KHẢI HOÀN,Hà Nội,Miền Bắc,1,7.0,16527777.0,2026-02-02,2026-02-02,1,1,2361111.0,0,16527777.0
KH-00583,CÔNG TY TNHH THƯƠNG MẠI THANH BÌNH,Đà Nẵng,Miền Trung,1,11.0,16494903.0,2026-01-31,2026-01-31,2,9,1499537.0,0,16494903.0
KH-00306,CÔNG TY TNHH HOÀ BÌNH,Vĩnh Phúc,Miền Bắc,1,14.0,16430000.0,2025-03-28,2025-03-28,1,5,1173571.0,0,16430000.0
KH-00322,CÔNG TY TNHH THƯƠNG MẠI THANH BÌNH,Hải Phòng,Miền Bắc,1,14.0,16380000.0,2025-03-31,2025-03-31,2,6,1170000.0,0,16380000.0
KH-00460,DOANH NGHIỆP TW THUỶ TIÊN,Phú Thọ,Miền Bắc,1,10.0,16361110.0,2026-01-26,2026-01-26,0,2,1636111.0,0,16361110.0
KH-00613,DOANH NGHIỆP TW HÙNG CƯỜNG,Quảng Ninh,Miền Bắc,1,12.0,16197214.0,2026-02-05,2026-02-05,1,3,1349768.0,0,16197214.0
KH-00422,CÔNG TY CỔ PHẦN THƯƠNG MẠI SƠN HÀ,Hà Nội,Miền Bắc,1,12.0,15861474.0,2026-01-23,2026-01-23,1,5,1321790.0,0,15861474.0
KH-00448,CÔNG TY TNHH THUỶ TIÊN,Hà Nội,Miền Bắc,1,12.0,15771104.0,2026-01-24,2026-01-24,2,5,1314259.0,0,15771104.0
KH-00522,CÔNG TY TNHH HÙNG CƯỜNG,Ninh Bình,Miền Bắc,1,10.0,15749995.0,2026-01-28,2026-01-28,1,2,1575000.0,0,15749995.0
KH-00592,CỬA HÀNG XE ĐẠP SÁN LẠP,TP Đà Nẵng,Miền Bắc,1,6.0,14944444.0,2026-02-03,2026-02-03,1,1,2490741.0,0,14944444.0
KH-00345,DOANH NGHIỆP TW PHÚ THỊNH,Phú Thọ,Miền Bắc,1,5.0,14872220.0,2026-01-12,2026-01-12,0,2,2974444.0,0,14872220.0
KH-00290,CÔNG TY CỔ PHẦN THƯƠNG MẠI TÂY BẮC,Hưng Yên,Miền Bắc,1,11.0,14702643.0,2025-03-26,2025-03-26,3,6,1336604.0,0,14702643.0
KH-00150,HỘ KINH DOANH SÁN LẠP,Hải Dương,Miền Bắc,1,9.0,14582643.0,2025-02-22,2025-02-22,2,8,1620294.0,0,14582643.0
KH-00511,CÔNG TY TNHH BÌNH MINH,Lào Cai,Miền Bắc,1,11.0,14207958.0,2026-01-28,2026-01-28,1,7,1291633.0,0,14207958.0
KH-00326,CỬA HÀNG XE ĐẠP VĨNH PHÁT,Quảng NinhSố,Miền Bắc,1,13.0,13870000.0,2025-03-31,2025-03-31,3,7,1066923.0,0,13870000.0
KH-00061,HỘ KINH DOANH THUỶ TIÊN,Hòa Bình,Miền Bắc,1,10.0,13730000.0,2025-02-10,2025-02-10,3,7,1373000.0,0,13730000.0
KH-00008,CÔNG TY CỔ PHẦN YÊN BÌNH,Hưng Yên,Miền Bắc,2,4.0,13685186.0,2025-01-09,2026-01-17,1,2,3421296.0,373,6842593.0
KH-00025,DOANH NGHIỆP TW SƠN HÀ,Thanh Hoá,Miền Trung,1,6.0,13277778.0,2025-01-13,2025-01-13,1,1,2212963.0,0,13277778.0
KH-00048,CÔNG TY TNHH THUỶ TIÊN,Hà Nội,Miền Bắc,3,6.0,13277778.0,2025-02-05,2025-02-20,1,1,2212963.0,15,4425926.0
KH-00182,CÔNG TY CỔ PHẦN PHÚ THỊNH,Sơn La,Miền Bắc,1,10.0,13140000.0,2025-03-14,2025-03-14,3,5,1314000.0,0,13140000.0
KH-00303,CÔNG TY CỔ PHẦN BÌNH MINH,Hà Nội,Miền Bắc,1,11.0,12980000.0,2025-03-28,2025-03-28,2,9,1180000.0,0,12980000.0
KH-00500,CÔNG TY CỔ PHẦN THƯƠNG MẠI VĨNH PHÁT,Hà Nội,Miền Bắc,1,5.0,12458333.0,2026-01-28,2026-01-28,1,1,2491667.0,0,12458333.0
KH-00001,HỘ KINH DOANH TÚ ANH,Hà Nội,Miền Bắc,3,5.0,11527779.0,2025-01-02,2025-03-26,1,1,2305556.0,83,3842593.0
KH-00041,CỬA HÀNG XE ĐẠP ĐÔNG NAM,Thanh Hóa,Miền Trung,1,5.0,11064815.0,2025-01-22,2025-01-22,1,1,2212963.0,0,11064815.0
KH-00033,CỬA HÀNG XE ĐẠP HÙNG CƯỜNG,Hà Nội,Miền Bắc,1,5.0,11064815.0,2025-01-17,2025-01-17,1,1,2212963.0,0,11064815.0
KH-00165,CÔNG TY CỔ PHẦN THƯƠNG MẠI TRƯỜNG THỊNH,Bắc Giang,Miền Bắc,1,8.0,10890000.0,2025-02-26,2025-02-26,3,7,1361250.0,0,10890000.0
KH-00323,CÔNG TY CỔ PHẦN PHÚ THỊNH,Nghệ An,Miền Trung,1,9.0,10850000.0,2025-03-31,2025-03-31,1,5,1205556.0,0,10850000.0
KH-00375,CÔNG TY TNHH ĐẠI DƯƠNG,Hà Nội,Miền Bắc,1,5.0,10716664.0,2026-01-16,2026-01-16,1,4,2143333.0,0,10716664.0
KH-00617,CÔNG TY CỔ PHẦN ĐẠI LỢI,Hà Nội,Miền Bắc,1,6.0,10000000.0,2026-02-06,2026-02-06,0,1,1666667.0,0,10000000.0
KH-00591,CÔNG TY TNHH THƯƠNG MẠI KHẢI HOÀN,Hà Nội,Miền Bắc,1,1.0,9157407.0,2026-02-03,2026-02-03,0,1,9157407.0,0,9157407.0
KH-00337,DOANH NGHIỆP TW VĨNH PHÁT,Hà Nội,Miền Bắc,1,1.0,9157407.0,2026-01-12,2026-01-12,0,1,9157407.0,0,9157407.0
KH-00070,CÔNG TY TNHH THƯƠNG MẠI CHI THÀNH,TP. Hồ Chí Minh,Miền Nam,1,4.0,8851852.0,2025-02-13,2025-02-13,1,1,2212963.0,0,8851852.0
KH-00090,CÔNG TY TNHH THƯƠNG MẠI TÂY BẮC,Thanh Hoá,Miền Trung,1,4.0,8518519.0,2025-02-15,2025-02-15,1,1,2129630.0,0,8518519.0
KH-00361,CÔNG TY CỔ PHẦN THƯƠNG MẠI TÂY BẮC,Hà Nội,Miền Bắc,2,3.0,8055557.0,2026-01-14,2026-02-03,1,2,2685186.0,20,4027778.0
KH-00550,CÔNG TY TNHH ĐÔNG NAM,Phú Thọ,Miền Bắc,1,6.0,7799812.0,2026-01-29,2026-01-29,1,3,1299969.0,0,7799812.0
KH-00026,CÔNG TY CỔ PHẦN LÊ ANH,Thanh Hóa,Miền Trung,1,3.0,7777778.0,2025-01-13,2025-01-13,1,1,2592593.0,0,7777778.0
KH-00175,CÔNG TY CỔ PHẦN THƯƠNG MẠI TÂN TIẾN,Hà Nội,Miền Bắc,1,1.0,7490741.0,2025-03-06,2025-03-06,1,1,7490741.0,0,7490741.0
KH-00253,CÔNG TY TNHH YÊN BÌNH,Hà Nội,Miền Bắc,1,1.0,7490741.0,2025-03-24,2025-03-24,1,1,7490741.0,0,7490741.0
KH-00177,CÔNG TY CỔ PHẦN TRƯỜNG THỊNH,Hưng Yên,Miền Bắc,1,3.0,7388889.0,2025-03-10,2025-03-10,1,2,2462963.0,0,7388889.0
KH-00418,CÔNG TY CỔ PHẦN PHÚ THỊNH,Hà Nội,Miền Bắc,1,3.0,7361112.0,2026-01-23,2026-01-23,1,2,2453704.0,0,7361112.0
KH-00118,HỘ KINH DOANH HÙNG CƯỜNG,Nam Định,Miền Bắc,1,3.0,7361111.0,2025-02-20,2025-02-20,1,1,2453704.0,0,7361111.0
KH-00412,CÔNG TY TNHH TRÍ ĐỨC,Hưng Yên,Miền Bắc,1,3.0,6805556.0,2026-01-23,2026-01-23,1,2,2268519.0,0,6805556.0
KH-00593,CÔNG TY CỔ PHẦN NGỌC ANH,Hà Nội,Miền Bắc,2,2.0,5185186.0,2026-02-04,2026-02-09,1,1,2592593.0,5,2592593.0
KH-00012,HỘ KINH DOANH THIÊN AN,Hà Nội,Miền Bắc,2,2.0,5185186.0,2025-01-10,2025-03-10,1,1,2592593.0,59,2592593.0
KH-00055,CÔNG TY TNHH THƯƠNG MẠI TÂY BẮC,Đắk Lắk,Miền Trung,1,2.0,4983333.0,2025-02-10,2025-02-10,1,1,2491666.0,0,4983333.0
KH-00462,HỘ KINH DOANH TRƯỜNG THỊNH,Hưng Yên,Miền Bắc,2,2.0,4981482.0,2026-01-26,2026-01-29,1,2,2490741.0,3,2490741.0
KH-00031,CÔNG TY CỔ PHẦN THƯƠNG MẠI ĐẠI DƯƠNG,Hà Nội,Miền Bắc,1,2.0,4907408.0,2025-01-16,2025-01-16,1,2,2453704.0,0,4907408.0
KH-00399,CÔNG TY TNHH ĐẠI LỢI,Hà Nội,Miền Bắc,1,2.0,4611112.0,2026-01-20,2026-01-20,1,2,2305556.0,0,4611112.0
KH-00011,DOANH NGHIỆP TW NAM TIẾN,Hà Nội,Miền Bắc,2,2.0,4611112.0,2025-01-09,2025-03-06,1,1,2305556.0,56,2305556.0
KH-00051,CÔNG TY CỔ PHẦN KHẢI HOÀN,Hưng Yên,Miền Bắc,1,2.0,4611111.0,2025-02-07,2025-02-07,1,1,2305556.0,0,4611111.0
KH-00287,CÔNG TY TNHH THƯƠNG MẠI THUỶ TIÊN,Vĩnh Phúc,Miền Bắc,1,2.0,4611111.0,2025-03-26,2025-03-26,1,1,2305556.0,0,4611111.0
KH-00336,CÔNG TY CỔ PHẦN LONG PHÚ,Bắc Ninh,Miền Bắc,2,2.0,4537038.0,2026-01-08,2026-01-19,1,1,2268519.0,11,2268519.0
KH-00478,CÔNG TY TNHH BÌNH MINH,Hà Nội,Miền Bắc,1,1.0,4527778.0,2026-01-27,2026-01-27,0,1,4527778.0,0,4527778.0
KH-00400,CÔNG TY TNHH XÂY DỰNG,Đồng Nai,Miền Nam,1,1.0,4527778.0,2026-01-21,2026-01-21,0,1,4527778.0,0,4527778.0
KH-00005,CÔNG TY TNHH ĐẠI LỢI,Hà Nội,Miền Bắc,1,2.0,4425926.0,2025-01-07,2025-01-07,1,1,2212963.0,0,4425926.0
KH-00179,CÔNG TY CỔ PHẦN TÂN TIẾN,Hà Nội,Miền Bắc,1,2.0,4240741.0,2025-03-10,2025-03-10,2,2,2120370.0,0,4240741.0
KH-00029,CÔNG TY TNHH THƯƠNG MẠI THANH BÌNH,Phan Thiết,Miền Bắc,1,2.0,4055556.0,2025-01-16,2025-01-16,0,1,2027778.0,0,4055556.0
KH-00037,CÔNG TY TNHH THƯƠNG MẠI THANH BÌNH,Hà Nội,Miền Bắc,1,1.0,3879630.0,2025-01-20,2025-01-20,1,1,3879630.0,0,3879630.0
KH-00335,CÔNG TY CỔ PHẦN THUỶ TIÊN,Hà Nội,Miền Bắc,1,2.0,3870371.0,2026-01-06,2026-01-06,1,2,1935186.0,0,3870371.0
KH-00053,CÔNG TY TNHH TRƯỜNG THỊNH,Hà Nội,Miền Bắc,1,1.0,3694444.0,2025-02-07,2025-02-07,1,1,3694444.0,0,3694444.0
KH-00002,CÔNG TY TNHH THƯƠNG MẠI VIỆT ANH,Hà Nội,Miền Bắc,1,1.0,3509259.0,2025-01-06,2025-01-06,1,1,3509259.0,0,3509259.0
KH-00071,CỬA HÀNG XE ĐẠP BÌNH MINH,Hà Nội,Miền Bắc,1,1.0,3509259.0,2025-02-14,2025-02-14,1,1,3509259.0,0,3509259.0
KH-00072,DOANH NGHIỆP TW PHÚC AN,Hà Tĩnh,Miền Trung,1,3.0,3450000.0,2025-02-14,2025-02-14,1,1,1150000.0,0,3450000.0
KH-00479,DOANH NGHIỆP TW NGỌC ANH,Hà Nội,Miền Bắc,1,1.0,3333333.0,2026-01-27,2026-01-27,0,1,3333333.0,0,3333333.0
KH-00619,CỬA HÀNG XE ĐẠP VĨNH PHÁT,TP Đà Nẵng,Miền Bắc,1,1.0,3231481.0,2026-02-07,2026-02-07,1,1,3231481.0,0,3231481.0
KH-00616,CÔNG TY CỔ PHẦN TRÍ ĐỨC,Hà Nội,Miền Bắc,1,1.0,2768519.0,2026-02-06,2026-02-06,1,1,2768519.0,0,2768519.0
KH-00191,CÔNG TY CỔ PHẦN THƯƠNG MẠI XUÂN MAI,Hưng Yên,Miền Bắc,1,1.0,2768519.0,2025-03-19,2025-03-19,1,1,2768519.0,0,2768519.0
KH-00388,CÔNG TY CỔ PHẦN MẶT TRỜI,Hà Nội,Miền Bắc,1,1.0,2768519.0,2026-01-19,2026-01-19,1,1,2768519.0,0,2768519.0
KH-00187,HỘ KINH DOANH NGỌC ANH,Hà Nội,Miền Bắc,1,1.0,2768519.0,2025-03-18,2025-03-18,1,1,2768519.0,0,2768519.0
KH-00540,CÔNG TY TNHH NGỌC ANH,Hà Nội,Miền Bắc,1,1.0,2768519.0,2026-01-29,2026-01-29,1,1,2768519.0,0,2768519.0
KH-00160,CÔNG TY TNHH THƯƠNG MẠI TRÍ ĐỨC,Hà Nội,Miền Bắc,1,1.0,2768519.0,2025-02-26,2025-02-26,1,1,2768519.0,0,2768519.0
KH-00185,CÔNG TY TNHH THƯƠNG MẠI VĨNH PHÁT,Tỉnh Hòa Bình.,Miền Bắc,1,1.0,2546296.0,2025-03-17,2025-03-17,1,1,2546296.0,0,2546296.0
KH-00013,DOANH NGHIỆP TW THANH BÌNH,Hưng Yên,Miền Bắc,1,1.0,2490741.0,2025-01-10,2025-01-10,0,1,2490741.0,0,2490741.0
KH-00286,DOANH NGHIỆP TW VIỆT ANH,Hà Nội,Miền Bắc,1,1.0,2398148.0,2025-03-26,2025-03-26,1,1,2398148.0,0,2398148.0
KH-00054,HỘ KINH DOANH TRÍ ĐỨC,Hà Nội,Miền Bắc,1,1.0,2398148.0,2025-02-10,2025-02-10,1,1,2398148.0,0,2398148.0
KH-00003,CÔNG TY CỔ PHẦN THƯƠNG MẠI NAM TIẾN,Hà Nội,Miền Bắc,1,1.0,2398148.0,2025-01-06,2025-01-06,1,1,2398148.0,0,2398148.0
KH-00541,HỘ KINH DOANH SÁN LẠP,TP Đà Nẵng,Miền Bắc,1,1.0,2361111.0,2026-01-29,2026-01-29,1,1,2361111.0,0,2361111.0
KH-00542,CÔNG TY TNHH THƯƠNG MẠI NAM TIẾN,Lạng Sơn,Miền Bắc,1,1.0,2361111.0,2026-01-29,2026-01-29,1,1,2361111.0,0,2361111.0
KH-00411,CỬA HÀNG XE ĐẠP MẶT TRỜI,Hà Nội,Miền Bắc,1,1.0,2361111.0,2026-01-22,2026-01-22,1,1,2361111.0,0,2361111.0
KH-00203,CÔNG TY CỔ PHẦN THƯƠNG MẠI HOÀ BÌNH,Phú Thọ,Miền Bắc,1,1.0,2305556.0,2025-03-19,2025-03-19,1,1,2305556.0,0,2305556.0
KH-00294,HỘ KINH DOANH SÁN LẠP,Hải Phòng,Miền Bắc,1,1.0,2305556.0,2025-03-27,2025-03-27,1,1,2305556.0,0,2305556.0
KH-00213,CÔNG TY CỔ PHẦN HOÀ BÌNH,Hà Nội,Miền Bắc,1,1.0,2305556.0,2025-03-20,2025-03-20,1,1,2305556.0,0,2305556.0
KH-00050,CÔNG TY TNHH AN PHÁT,Hải Dương,Miền Bắc,1,1.0,2305556.0,2025-02-07,2025-02-07,1,1,2305556.0,0,2305556.0
KH-00590,CÔNG TY TNHH TOÀN THẮNG,Thanh Hóa,Miền Trung,1,1.0,2268519.0,2026-02-02,2026-02-02,1,1,2268519.0,0,2268519.0
KH-00052,DOANH NGHIỆP TW TÂN TIẾN,Chí Linh,Miền Bắc,1,1.0,2212963.0,2025-02-07,2025-02-07,1,1,2212963.0,0,2212963.0
KH-00178,CÔNG TY CỔ PHẦN QUANG VINH,Hà Nội,Miền Bắc,1,1.0,2212963.0,2025-03-10,2025-03-10,1,1,2212963.0,0,2212963.0
KH-00245,CỬA HÀNG XE ĐẠP TÂN TIẾN,Hà Nội,Miền Bắc,1,1.0,2120370.0,2025-03-22,2025-03-22,1,1,2120370.0,0,2120370.0
KH-00362,HỘ KINH DOANH MẶT TRỜI,Hà Nội,Miền Bắc,1,1.0,2027778.0,2026-01-14,2026-01-14,1,1,2027778.0,0,2027778.0
KH-00032,HỘ KINH DOANH CHI THÀNH,Hà Nội,Miền Bắc,1,1.0,1935185.0,2025-01-16,2025-01-16,0,1,1935185.0,0,1935185.0
KH-00176,CÔNG TY TNHH THUỶ TIÊN,Hà Nội,Miền Bắc,1,1.0,1472222.0,2025-03-07,2025-03-07,1,1,1472222.0,0,1472222.0
