customer_code,customer_name,fiscal_year,fiscal_month,ym,so_don,tong_sl,tong_dt,so_nhom_sp,so_sku
KH-00001,HỘ KINH DOANH TÚ ANH,2025,1,2025-01,1,1.0,2305556.0,1,1
KH-00001,HỘ KINH DOANH TÚ ANH,2025,3,2025-03,2,4.0,9222223.0,1,1
KH-00002,CÔNG TY TNHH THƯƠNG MẠI VIỆT ANH,2025,1,2025-01,1,1.0,3509259.0,1,1
KH-00003,CÔNG TY CỔ PHẦN THƯƠNG MẠI NAM TIẾN,2025,1,2025-01,1,1.0,2398148.0,1,1
KH-00004,DOANH NGHIỆP TW KHẢI HOÀN,2025,1,2025-01,1,5.0,12268519.0,1,1
KH-00004,DOANH NGHIỆP TW KHẢI HOÀN,2025,2,2025-02,2,40.0,47190000.0,3,24
KH-00004,DOANH NGHIỆP TW KHẢI HOÀN,2025,3,2025-03,4,114.0,135920000.0,4,33
KH-00004,DOANH NGHIỆP TW KHẢI HOÀN,2026,1,2026-01,2,8.0,20574074.0,1,5
KH-00004,DOANH NGHIỆP TW KHẢI HOÀN,2026,2,2026-02,1,40.0,57787759.0,3,18
KH-00005,CÔNG TY TNHH ĐẠI LỢI,2025,1,2025-01,1,2.0,4425926.0,1,1
KH-00006,CÔNG TY TNHH CHI THÀNH,2025,1,2025-01,4,46.0,82460919.0,2,8
KH-00006,CÔNG TY TNHH CHI THÀNH,2025,2,2025-02,14,167.0,276751530.0,3,20
KH-00006,CÔNG TY TNHH CHI THÀNH,2025,3,2025-03,8,112.0,175371454.0,3,16
KH-00006,CÔNG TY TNHH CHI THÀNH,2026,1,2026-01,13,101.0,158071007.0,3,26
KH-00006,CÔNG TY TNHH CHI THÀNH,2026,2,2026-02,28,242.0,401262658.0,3,40
KH-00007,CÔNG TY TNHH THƯƠNG MẠI ĐẠI LỢI,2025,1,2025-01,1,146.0,247541204.0,3,11
KH-00007,CÔNG TY TNHH THƯƠNG MẠI ĐẠI LỢI,2025,3,2025-03,2,29.0,34840000.0,1,9
KH-00007,CÔNG TY TNHH THƯƠNG MẠI ĐẠI LỢI,2026,1,2026-01,4,204.0,324075674.0,4,40
KH-00008,CÔNG TY CỔ PHẦN YÊN BÌNH,2025,1,2025-01,1,2.0,6648148.0,1,1
KH-00008,CÔNG TY CỔ PHẦN YÊN BÌNH,2026,1,2026-01,1,2.0,7037038.0,0,1
KH-00009,CỬA HÀNG XE ĐẠP THIÊN AN,2025,1,2025-01,1,20.0,44444444.0,1,1
KH-00009,CỬA HÀNG XE ĐẠP THIÊN AN,2026,2,2026-02,1,20.0,44444444.0,1,1
KH-00010,CỬA HÀNG XE ĐẠP QUANG VINH,2025,1,2025-01,1,30.0,17104444.0,1,6
KH-00010,CỬA HÀNG XE ĐẠP QUANG VINH,2025,2,2025-02,1,38.0,48521284.0,2,7
KH-00010,CỬA HÀNG XE ĐẠP QUANG VINH,2025,3,2025-03,3,120.0,145245148.0,4,30
KH-00010,CỬA HÀNG XE ĐẠP QUANG VINH,2026,1,2026-01,1,15.0,28257218.0,1,6
KH-00010,CỬA HÀNG XE ĐẠP QUANG VINH,2026,2,2026-02,1,62.0,81211454.0,2,15
KH-00011,DOANH NGHIỆP TW NAM TIẾN,2025,1,2025-01,1,1.0,2305556.0,1,1
KH-00011,DOANH NGHIỆP TW NAM TIẾN,2025,3,2025-03,1,1.0,2305556.0,1,1
KH-00012,HỘ KINH DOANH THIÊN AN,2025,1,2025-01,1,1.0,2592593.0,1,1
KH-00012,HỘ KINH DOANH THIÊN AN,2025,3,2025-03,1,1.0,2592593.0,1,1
KH-00013,DOANH NGHIỆP TW THANH BÌNH,2025,1,2025-01,1,1.0,2490741.0,0,1
KH-00014,HỘ KINH DOANH LONG PHÚ,2025,1,2025-01,1,45.0,42780000.0,4,19
KH-00014,HỘ KINH DOANH LONG PHÚ,2025,2,2025-02,1,30.0,31330000.0,3,12
KH-00014,HỘ KINH DOANH LONG PHÚ,2025,3,2025-03,1,44.0,45160000.0,3,13
KH-00014,HỘ KINH DOANH LONG PHÚ,2026,1,2026-01,1,21.0,39473324.0,1,7
KH-00015,DOANH NGHIỆP TW MINH PHƯƠNG,2025,1,2025-01,1,15.0,23210000.0,2,9
KH-00015,DOANH NGHIỆP TW MINH PHƯƠNG,2025,3,2025-03,2,40.0,54720000.0,4,21
KH-00016,DOANH NGHIỆP TW VIỆT ANH,2025,1,2025-01,1,30.0,36730000.0,1,10
KH-00016,DOANH NGHIỆP TW VIỆT ANH,2025,3,2025-03,3,48.0,57180000.0,2,19
KH-00017,CỬA HÀNG XE ĐẠP THUỶ TIÊN,2025,1,2025-01,1,20.0,23350000.0,1,6
KH-00018,CÔNG TY TNHH THƯƠNG MẠI PHÚ THỊNH,2025,1,2025-01,2,81.0,96920000.0,3,12
KH-00018,CÔNG TY TNHH THƯƠNG MẠI PHÚ THỊNH,2025,3,2025-03,1,31.0,28981481.0,4,18
KH-00018,CÔNG TY TNHH THƯƠNG MẠI PHÚ THỊNH,2026,1,2026-01,2,41.0,62849148.0,3,22
KH-00018,CÔNG TY TNHH THƯƠNG MẠI PHÚ THỊNH,2026,2,2026-02,1,55.0,81484230.0,3,22
KH-00019,CÔNG TY CỔ PHẦN THƯƠNG MẠI LÊ ANH,2025,1,2025-01,10,319.0,549131198.0,4,27
KH-00019,CÔNG TY CỔ PHẦN THƯƠNG MẠI LÊ ANH,2025,2,2025-02,2,125.0,196435555.0,4,17
KH-00019,CÔNG TY CỔ PHẦN THƯƠNG MẠI LÊ ANH,2025,3,2025-03,3,286.0,569935465.0,5,28
KH-00019,CÔNG TY CỔ PHẦN THƯƠNG MẠI LÊ ANH,2026,1,2026-01,33,699.0,1673095925.0,4,13
KH-00019,CÔNG TY CỔ PHẦN THƯƠNG MẠI LÊ ANH,2026,2,2026-02,9,373.0,633303612.0,4,14
KH-00020,DOANH NGHIỆP TW TRƯỜNG THỊNH,2025,1,2025-01,1,60.0,124583332.0,1,2
KH-00021,HỘ KINH DOANH XÂY DỰNG,2025,1,2025-01,1,40.0,87037037.0,1,1
KH-00022,CÔNG TY CỔ PHẦN VIỆT ANH,2025,1,2025-01,2,30.0,37250000.0,1,4
KH-00022,CÔNG TY CỔ PHẦN VIỆT ANH,2025,2,2025-02,3,28.0,32160000.0,4,17
KH-00022,CÔNG TY CỔ PHẦN VIỆT ANH,2025,3,2025-03,7,64.0,70016647.0,5,28
KH-00022,CÔNG TY CỔ PHẦN VIỆT ANH,2026,1,2026-01,5,28.0,47703881.0,1,14
KH-00023,CÔNG TY TNHH THANH BÌNH,2025,1,2025-01,1,190.0,284648146.0,1,2
KH-00023,CÔNG TY TNHH THANH BÌNH,2025,2,2025-02,2,190.0,272593519.0,2,6
KH-00023,CÔNG TY TNHH THANH BÌNH,2025,3,2025-03,1,2.0,4425926.0,1,2
KH-00023,CÔNG TY TNHH THANH BÌNH,2026,2,2026-02,2,150.0,230648146.0,1,2
KH-00024,CÔNG TY TNHH MINH PHƯƠNG,2025,1,2025-01,1,45.0,55900000.0,1,6
KH-00024,CÔNG TY TNHH MINH PHƯƠNG,2025,2,2025-02,2,80.0,96260000.0,3,14
KH-00024,CÔNG TY TNHH MINH PHƯƠNG,2025,3,2025-03,3,95.0,114270000.0,2,26
KH-00024,CÔNG TY TNHH MINH PHƯƠNG,2026,1,2026-01,2,86.0,149230528.0,3,29
KH-00024,CÔNG TY TNHH MINH PHƯƠNG,2026,2,2026-02,3,109.0,181779584.0,2,26
KH-00025,DOANH NGHIỆP TW SƠN HÀ,2025,1,2025-01,1,6.0,13277778.0,1,1
KH-00026,CÔNG TY CỔ PHẦN LÊ ANH,2025,1,2025-01,1,3.0,7777778.0,1,1
KH-00027,HỘ KINH DOANH ĐẠI DƯƠNG,2025,1,2025-01,1,13.0,24583215.0,4,7
KH-00027,HỘ KINH DOANH ĐẠI DƯƠNG,2025,2,2025-02,3,16.0,18920000.0,3,10
KH-00027,HỘ KINH DOANH ĐẠI DƯƠNG,2025,3,2025-03,2,21.0,24764039.0,4,12
KH-00027,HỘ KINH DOANH ĐẠI DƯƠNG,2026,1,2026-01,3,61.0,107754783.0,2,19
KH-00027,HỘ KINH DOANH ĐẠI DƯƠNG,2026,2,2026-02,1,29.0,46031470.0,3,14
KH-00028,DOANH NGHIỆP TW PHÚ THỊNH,2025,1,2025-01,1,28.0,34510000.0,2,12
KH-00028,DOANH NGHIỆP TW PHÚ THỊNH,2025,3,2025-03,1,15.0,16540000.0,3,12
KH-00029,CÔNG TY TNHH THƯƠNG MẠI THANH BÌNH,2025,1,2025-01,1,2.0,4055556.0,0,1
KH-00030,CỬA HÀNG XE ĐẠP BÌNH MINH,2025,1,2025-01,1,307.0,680818519.0,3,8
KH-00030,CỬA HÀNG XE ĐẠP BÌNH MINH,2026,1,2026-01,1,309.0,685527778.0,1,10
KH-00031,CÔNG TY CỔ PHẦN THƯƠNG MẠI ĐẠI DƯƠNG,2025,1,2025-01,1,2.0,4907408.0,1,2
KH-00032,HỘ KINH DOANH CHI THÀNH,2025,1,2025-01,1,1.0,1935185.0,0,1
KH-00033,CỬA HÀNG XE ĐẠP HÙNG CƯỜNG,2025,1,2025-01,1,5.0,11064815.0,1,1
KH-00034,CÔNG TY TNHH BÌNH MINH,2025,1,2025-01,1,10.0,11750000.0,3,8
KH-00034,CÔNG TY TNHH BÌNH MINH,2025,2,2025-02,1,18.0,21000000.0,1,13
KH-00035,CỬA HÀNG XE ĐẠP TÂY BẮC,2025,1,2025-01,1,12.0,15000000.0,2,9
KH-00035,CỬA HÀNG XE ĐẠP TÂY BẮC,2025,3,2025-03,3,39.0,48200000.0,1,11
KH-00036,CÔNG TY TNHH THƯƠNG MẠI PHÚC AN,2025,1,2025-01,2,5.0,31342592.0,1,2
KH-00036,CÔNG TY TNHH THƯƠNG MẠI PHÚC AN,2025,2,2025-02,1,2.0,14981481.0,1,1
KH-00037,CÔNG TY TNHH THƯƠNG MẠI THANH BÌNH,2025,1,2025-01,1,1.0,3879630.0,1,1
KH-00038,DOANH NGHIỆP TW TÂN TIẾN,2025,1,2025-01,1,27.0,32350000.0,1,11
KH-00038,DOANH NGHIỆP TW TÂN TIẾN,2025,2,2025-02,1,59.0,74329035.0,2,16
KH-00039,CÔNG TY CỔ PHẦN ĐÔNG NAM,2025,1,2025-01,1,60.0,153703695.0,3,6
KH-00039,CÔNG TY CỔ PHẦN ĐÔNG NAM,2026,1,2026-01,1,30.0,61250010.0,1,1
KH-00040,CÔNG TY TNHH VẠN LỢI,2025,1,2025-01,1,103.0,185400000.0,1,1
KH-00040,CÔNG TY TNHH VẠN LỢI,2025,2,2025-02,1,34.0,61200000.0,1,1
KH-00040,CÔNG TY TNHH VẠN LỢI,2025,3,2025-03,1,26.0,46800000.0,1,1
KH-00041,CỬA HÀNG XE ĐẠP ĐÔNG NAM,2025,1,2025-01,1,5.0,11064815.0,1,1
KH-00042,HỘ KINH DOANH MẶT TRỜI,2025,1,2025-01,1,15.0,23315739.0,2,11
KH-00042,HỘ KINH DOANH MẶT TRỜI,2025,2,2025-02,2,31.0,50856467.0,3,22
KH-00042,HỘ KINH DOANH MẶT TRỜI,2025,3,2025-03,3,30.0,48142117.0,3,18
KH-00042,HỘ KINH DOANH MẶT TRỜI,2026,1,2026-01,1,25.0,37474434.0,3,18
KH-00042,HỘ KINH DOANH MẶT TRỜI,2026,2,2026-02,1,27.0,40871560.0,3,17
KH-00043,CÔNG TY TNHH LONG PHÚ,2025,1,2025-01,1,2.0,2360000.0,1,1
KH-00043,CÔNG TY TNHH LONG PHÚ,2025,2,2025-02,2,24.0,28290000.0,3,18
KH-00044,CÔNG TY TNHH THƯƠNG MẠI NGỌC ANH,2025,1,2025-01,1,26.0,29250000.0,2,15
KH-00044,CÔNG TY TNHH THƯƠNG MẠI NGỌC ANH,2026,1,2026-01,1,30.0,47775542.0,1,10
KH-00045,CÔNG TY TNHH AN PHÁT,2025,1,2025-01,1,4.0,18111112.0,1,1
KH-00046,CÔNG TY CỔ PHẦN THƯƠNG MẠI MẶT TRỜI,2025,1,2025-01,1,68.0,105677282.0,2,11
KH-00046,CÔNG TY CỔ PHẦN THƯƠNG MẠI MẶT TRỜI,2025,3,2025-03,1,68.0,108164789.0,2,17
KH-00046,CÔNG TY CỔ PHẦN THƯƠNG MẠI MẶT TRỜI,2026,2,2026-02,1,45.0,78322761.0,1,11
KH-00047,CÔNG TY CỔ PHẦN THƯƠNG MẠI TÚ ANH,2025,2,2025-02,1,30.0,36180000.0,1,10
KH-00048,CÔNG TY TNHH THUỶ TIÊN,2025,2,2025-02,3,6.0,13277778.0,1,1
KH-00049,CÔNG TY CỔ PHẦN THUỶ TIÊN,2025,2,2025-02,2,17.0,58662032.0,3,9
KH-00049,CÔNG TY CỔ PHẦN THUỶ TIÊN,2025,3,2025-03,1,19.0,29268048.0,2,12
KH-00049,CÔNG TY CỔ PHẦN THUỶ TIÊN,2026,1,2026-01,1,6.0,16416664.0,1,2
KH-00049,CÔNG TY CỔ PHẦN THUỶ TIÊN,2026,2,2026-02,1,12.0,20859996.0,1,9
KH-00050,CÔNG TY TNHH AN PHÁT,2025,2,2025-02,1,1.0,2305556.0,1,1
KH-00051,CÔNG TY CỔ PHẦN KHẢI HOÀN,2025,2,2025-02,1,2.0,4611111.0,1,1
KH-00052,DOANH NGHIỆP TW TÂN TIẾN,2025,2,2025-02,1,1.0,2212963.0,1,1
KH-00053,CÔNG TY TNHH TRƯỜNG THỊNH,2025,2,2025-02,1,1.0,3694444.0,1,1
KH-00054,HỘ KINH DOANH TRÍ ĐỨC,2025,2,2025-02,1,1.0,2398148.0,1,1
KH-00055,CÔNG TY TNHH THƯƠNG MẠI TÂY BẮC,2025,2,2025-02,1,2.0,4983333.0,1,1
KH-00056,DOANH NGHIỆP TW ĐÔNG NAM,2025,2,2025-02,1,30.0,33090000.0,3,12
KH-00057,CÔNG TY CỔ PHẦN THƯƠNG MẠI TOÀN THẮNG,2025,2,2025-02,1,149.0,152555152.0,4,18
KH-00057,CÔNG TY CỔ PHẦN THƯƠNG MẠI TOÀN THẮNG,2025,3,2025-03,4,350.0,411020000.0,2,33
KH-00058,DOANH NGHIỆP TW SÁN LẠP,2025,2,2025-02,1,20.0,24000000.0,1,4
KH-00059,CÔNG TY TNHH TRÍ ĐỨC,2025,2,2025-02,1,42.0,48680000.0,2,15
KH-00060,CÔNG TY TNHH THƯƠNG MẠI VẠN LỢI,2025,2,2025-02,1,21.0,25550000.0,1,3
KH-00061,HỘ KINH DOANH THUỶ TIÊN,2025,2,2025-02,1,10.0,13730000.0,3,7
KH-00062,CÔNG TY CỔ PHẦN YÊN BÌNH,2025,2,2025-02,1,68.0,71840000.0,5,39
KH-00062,CÔNG TY CỔ PHẦN YÊN BÌNH,2025,3,2025-03,1,37.0,47700000.0,3,14
KH-00063,HỘ KINH DOANH VẠN LỢI,2025,2,2025-02,1,8.0,20615148.0,1,4
KH-00063,HỘ KINH DOANH VẠN LỢI,2025,3,2025-03,1,20.0,31100000.0,2,6
KH-00064,CÔNG TY TNHH SƠN HÀ,2025,2,2025-02,2,111.0,130900000.0,3,24
KH-00064,CÔNG TY TNHH SƠN HÀ,2025,3,2025-03,4,179.0,232162500.0,5,31
KH-00065,CÔNG TY CỔ PHẦN QUANG VINH,2025,2,2025-02,2,69.0,82180000.0,4,29
KH-00065,CÔNG TY CỔ PHẦN QUANG VINH,2025,3,2025-03,6,397.0,468450000.0,5,60
KH-00066,CÔNG TY CỔ PHẦN NGỌC ANH,2025,2,2025-02,1,30.0,34390000.0,2,19
KH-00067,DOANH NGHIỆP TW NGỌC ANH,2025,2,2025-02,2,61.0,68891481.0,5,35
KH-00067,DOANH NGHIỆP TW NGỌC ANH,2025,3,2025-03,7,109.0,145054821.0,5,44
KH-00068,CÔNG TY CỔ PHẦN SÁN LẠP,2025,2,2025-02,2,34.0,30520000.0,2,10
KH-00068,CÔNG TY CỔ PHẦN SÁN LẠP,2025,3,2025-03,1,22.0,17490000.0,2,8
KH-00069,CÔNG TY TNHH MINH PHƯƠNG,2025,2,2025-02,2,4.0,11074074.0,1,1
KH-00069,CÔNG TY TNHH MINH PHƯƠNG,2026,1,2026-01,1,2.0,5537037.0,0,1
KH-00070,CÔNG TY TNHH THƯƠNG MẠI CHI THÀNH,2025,2,2025-02,1,4.0,8851852.0,1,1
KH-00071,CỬA HÀNG XE ĐẠP BÌNH MINH,2025,2,2025-02,1,1.0,3509259.0,1,1
KH-00072,DOANH NGHIỆP TW PHÚC AN,2025,2,2025-02,1,3.0,3450000.0,1,1
KH-00073,CỬA HÀNG XE ĐẠP KHẢI HOÀN,2025,2,2025-02,1,30.0,35060000.0,1,14
KH-00073,CỬA HÀNG XE ĐẠP KHẢI HOÀN,2025,3,2025-03,1,17.0,27552500.0,2,8
KH-00074,CÔNG TY TNHH THƯƠNG MẠI HOÀ BÌNH,2025,2,2025-02,1,16.0,15431481.0,3,14
KH-00074,CÔNG TY TNHH THƯƠNG MẠI HOÀ BÌNH,2025,3,2025-03,1,10.0,10400000.0,2,9
KH-00074,CÔNG TY TNHH THƯƠNG MẠI HOÀ BÌNH,2026,1,2026-01,1,9.0,13197126.0,3,9
KH-00075,CÔNG TY CỔ PHẦN ĐÔNG NAM,2025,2,2025-02,2,81.0,102990000.0,4,28
KH-00075,CÔNG TY CỔ PHẦN ĐÔNG NAM,2025,3,2025-03,3,157.0,209865405.0,4,52
KH-00075,CÔNG TY CỔ PHẦN ĐÔNG NAM,2026,1,2026-01,2,34.0,54772209.0,2,10
KH-00076,CỬA HÀNG XE ĐẠP ĐẠI LỢI,2025,2,2025-02,2,72.0,80159073.0,4,20
KH-00076,CỬA HÀNG XE ĐẠP ĐẠI LỢI,2025,3,2025-03,1,56.0,61858500.0,3,13
KH-00076,CỬA HÀNG XE ĐẠP ĐẠI LỢI,2026,1,2026-01,3,206.0,362784570.0,2,26
KH-00076,CỬA HÀNG XE ĐẠP ĐẠI LỢI,2026,2,2026-02,1,189.0,270117118.0,2,23
KH-00077,CÔNG TY CỔ PHẦN THƯƠNG MẠI NGỌC ANH,2025,2,2025-02,1,30.0,35020000.0,2,18
KH-00078,HỘ KINH DOANH VĨNH PHÁT,2025,2,2025-02,5,88.0,98797405.0,4,33
KH-00078,HỘ KINH DOANH VĨNH PHÁT,2025,3,2025-03,7,126.0,127574124.0,5,35
KH-00078,HỘ KINH DOANH VĨNH PHÁT,2026,1,2026-01,5,50.0,75514516.0,3,20
KH-00079,CÔNG TY TNHH ĐÔNG NAM,2025,2,2025-02,1,50.0,60146430.0,5,27
KH-00079,CÔNG TY TNHH ĐÔNG NAM,2025,3,2025-03,1,19.0,22170000.0,1,7
KH-00079,CÔNG TY TNHH ĐÔNG NAM,2026,1,2026-01,2,28.0,47852213.0,2,15
KH-00079,CÔNG TY TNHH ĐÔNG NAM,2026,2,2026-02,2,55.0,82504421.0,3,34
KH-00080,HỘ KINH DOANH VĨNH PHÁT,2025,2,2025-02,1,50.0,60020000.0,1,19
KH-00081,CÔNG TY TNHH THƯƠNG MẠI KHẢI HOÀN,2025,2,2025-02,1,40.0,45220000.0,4,20
KH-00082,CÔNG TY TNHH THƯƠNG MẠI PHÚC AN,2025,2,2025-02,1,31.0,43600000.0,2,11
KH-00083,CÔNG TY CỔ PHẦN THƯƠNG MẠI THANH BÌNH,2025,2,2025-02,1,34.0,39450000.0,2,14
KH-00083,CÔNG TY CỔ PHẦN THƯƠNG MẠI THANH BÌNH,2025,3,2025-03,1,87.0,101950000.0,3,34
KH-00084,CỬA HÀNG XE ĐẠP TOÀN THẮNG,2025,2,2025-02,1,15.0,17860000.0,2,11
KH-00085,CÔNG TY CỔ PHẦN THƯƠNG MẠI NGỌC ANH,2025,2,2025-02,1,20.0,23760000.0,1,8
KH-00085,CÔNG TY CỔ PHẦN THƯƠNG MẠI NGỌC ANH,2025,3,2025-03,1,20.0,23020000.0,2,6
KH-00086,CÔNG TY TNHH NGỌC ANH,2025,2,2025-02,1,31.0,33647574.0,4,18
KH-00086,CÔNG TY TNHH NGỌC ANH,2025,3,2025-03,2,64.0,76371787.0,4,26
KH-00087,CỬA HÀNG XE ĐẠP SÁN LẠP,2025,2,2025-02,1,20.0,24200000.0,1,3
KH-00088,CỬA HÀNG XE ĐẠP SÁN LẠP,2025,2,2025-02,1,31.0,37992643.0,3,10
KH-00088,CỬA HÀNG XE ĐẠP SÁN LẠP,2025,3,2025-03,3,77.0,87890000.0,3,21
KH-00088,CỬA HÀNG XE ĐẠP SÁN LẠP,2026,1,2026-01,1,49.0,72584440.0,3,8
KH-00088,CỬA HÀNG XE ĐẠP SÁN LẠP,2026,2,2026-02,2,86.0,130813575.0,2,11
KH-00089,HỘ KINH DOANH TOÀN THẮNG,2025,2,2025-02,1,115.0,138392643.0,3,18
KH-00090,CÔNG TY TNHH THƯƠNG MẠI TÂY BẮC,2025,2,2025-02,1,4.0,8518519.0,1,1
KH-00091,CÔNG TY TNHH BÌNH MINH,2025,2,2025-02,1,77.0,141519023.0,1,9
KH-00091,CÔNG TY TNHH BÌNH MINH,2025,3,2025-03,6,2214.0,2547090608.0,5,85
KH-00091,CÔNG TY TNHH BÌNH MINH,2026,1,2026-01,14,1035.0,1237280000.0,5,84
KH-00091,CÔNG TY TNHH BÌNH MINH,2026,2,2026-02,8,935.0,1052970000.0,4,92
KH-00092,CÔNG TY CỔ PHẦN THƯƠNG MẠI XUÂN MAI,2025,2,2025-02,1,12.0,14260000.0,1,5
KH-00092,CÔNG TY CỔ PHẦN THƯƠNG MẠI XUÂN MAI,2025,3,2025-03,2,28.0,37222643.0,2,9
KH-00093,CÔNG TY CỔ PHẦN PHÚC AN,2025,2,2025-02,1,30.0,33570000.0,3,16
KH-00093,CÔNG TY CỔ PHẦN PHÚC AN,2025,3,2025-03,3,72.0,78860000.0,4,33
KH-00094,HỘ KINH DOANH SÁN LẠP,2025,2,2025-02,1,20.0,23330000.0,2,10
KH-00094,HỘ KINH DOANH SÁN LẠP,2025,3,2025-03,1,16.0,18460000.0,2,9
KH-00095,CÔNG TY CỔ PHẦN THƯƠNG MẠI KHẢI HOÀN,2025,2,2025-02,1,30.0,34730000.0,3,18
KH-00096,CÔNG TY TNHH THƯƠNG MẠI SƠN HÀ,2025,2,2025-02,1,21.0,24340000.0,3,11
KH-00096,CÔNG TY TNHH THƯƠNG MẠI SƠN HÀ,2025,3,2025-03,1,21.0,27787000.0,2,15
KH-00097,CÔNG TY TNHH XUÂN MAI,2025,2,2025-02,3,110.0,132045605.0,4,39
KH-00097,CÔNG TY TNHH XUÂN MAI,2025,3,2025-03,5,57.0,67304508.0,5,33
KH-00098,HỘ KINH DOANH MẶT TRỜI,2025,2,2025-02,2,130.0,151780000.0,2,28
KH-00098,HỘ KINH DOANH MẶT TRỜI,2025,3,2025-03,1,130.0,150700000.0,2,13
KH-00099,CÔNG TY TNHH NGỌC ANH,2025,2,2025-02,1,39.0,43710000.0,4,24
KH-00100,CỬA HÀNG XE ĐẠP ĐẠI LỢI,2025,2,2025-02,2,31.0,38569522.0,3,12
KH-00100,CỬA HÀNG XE ĐẠP ĐẠI LỢI,2025,3,2025-03,1,52.0,48725580.0,2,14
KH-00101,CÔNG TY CỔ PHẦN THƯƠNG MẠI QUANG VINH,2025,2,2025-02,1,1.0,1180000.0,1,1
KH-00101,CÔNG TY CỔ PHẦN THƯƠNG MẠI QUANG VINH,2025,3,2025-03,2,28.0,34240000.0,3,11
KH-00102,CỬA HÀNG XE ĐẠP AN PHÁT,2025,2,2025-02,1,60.0,69700000.0,1,6
KH-00103,CÔNG TY CỔ PHẦN AN PHÁT,2025,2,2025-02,1,10.0,18680556.0,1,1
KH-00104,DOANH NGHIỆP TW THUỶ TIÊN,2025,2,2025-02,1,50.0,65335286.0,3,14
KH-00104,DOANH NGHIỆP TW THUỶ TIÊN,2025,3,2025-03,2,135.0,160880000.0,2,26
KH-00105,CỬA HÀNG XE ĐẠP PHÚC AN,2025,2,2025-02,1,30.0,34910000.0,2,11
KH-00106,CÔNG TY TNHH THƯƠNG MẠI TOÀN THẮNG,2025,2,2025-02,1,70.0,88360000.0,2,11
KH-00107,CÔNG TY TNHH LONG PHÚ,2025,2,2025-02,1,20.0,21760000.0,2,4
KH-00107,CÔNG TY TNHH LONG PHÚ,2025,3,2025-03,2,50.0,61070000.0,2,12
KH-00108,HỘ KINH DOANH LÊ ANH,2025,2,2025-02,1,30.0,35900000.0,3,14
KH-00109,CÔNG TY CỔ PHẦN VẠN LỢI,2025,2,2025-02,1,10.0,11900000.0,1,7
KH-00109,CÔNG TY CỔ PHẦN VẠN LỢI,2025,3,2025-03,2,58.0,68890000.0,3,14
KH-00110,CỬA HÀNG XE ĐẠP TÂY BẮC,2025,2,2025-02,1,17.0,19750000.0,3,13
KH-00110,CỬA HÀNG XE ĐẠP TÂY BẮC,2025,3,2025-03,1,32.0,38150000.0,3,20
KH-00111,DOANH NGHIỆP TW MẶT TRỜI,2025,2,2025-02,1,23.0,26040000.0,3,16
KH-00111,DOANH NGHIỆP TW MẶT TRỜI,2025,3,2025-03,1,36.0,46588500.0,3,21
KH-00112,HỘ KINH DOANH TÚ ANH,2025,2,2025-02,1,31.0,35180000.0,2,19
KH-00112,HỘ KINH DOANH TÚ ANH,2025,3,2025-03,1,22.0,26261481.0,2,13
KH-00113,DOANH NGHIỆP TW XÂY DỰNG,2025,2,2025-02,1,15.0,17790000.0,1,8
KH-00113,DOANH NGHIỆP TW XÂY DỰNG,2026,1,2026-01,1,15.0,23649439.0,1,6
KH-00114,CỬA HÀNG XE ĐẠP NGỌC ANH,2025,2,2025-02,1,16.0,22550000.0,3,5
KH-00115,CÔNG TY CỔ PHẦN YÊN BÌNH,2025,2,2025-02,1,30.0,32360000.0,3,23
KH-00115,CÔNG TY CỔ PHẦN YÊN BÌNH,2025,3,2025-03,1,20.0,19890000.0,3,15
KH-00116,HỘ KINH DOANH TOÀN THẮNG,2025,2,2025-02,1,50.0,57090000.0,2,14
KH-00117,HỘ KINH DOANH YÊN BÌNH,2025,2,2025-02,1,21.0,23960000.0,2,7
KH-00117,HỘ KINH DOANH YÊN BÌNH,2025,3,2025-03,1,21.0,24530000.0,2,8
KH-00118,HỘ KINH DOANH HÙNG CƯỜNG,2025,2,2025-02,1,3.0,7361111.0,1,1
KH-00119,DOANH NGHIỆP TW MẶT TRỜI,2025,2,2025-02,1,24.0,28372558.0,3,19
KH-00119,DOANH NGHIỆP TW MẶT TRỜI,2025,3,2025-03,1,21.0,25141039.0,4,16
KH-00120,CÔNG TY TNHH THANH BÌNH,2025,2,2025-02,1,31.0,30742643.0,4,13
KH-00120,CÔNG TY TNHH THANH BÌNH,2025,3,2025-03,1,36.0,47177500.0,4,18
KH-00121,CÔNG TY TNHH CHI THÀNH,2025,2,2025-02,1,19.0,25527929.0,4,17
KH-00122,CÔNG TY TNHH CHI THÀNH,2025,2,2025-02,1,30.0,28520000.0,3,16
KH-00123,CÔNG TY CỔ PHẦN THƯƠNG MẠI LONG PHÚ,2025,2,2025-02,1,20.0,17390000.0,2,8
KH-00124,CÔNG TY CỔ PHẦN THƯƠNG MẠI AN PHÁT,2025,2,2025-02,1,30.0,36220000.0,2,14
KH-00125,HỘ KINH DOANH BÌNH MINH,2025,2,2025-02,1,17.0,21860000.0,1,2
KH-00126,HỘ KINH DOANH HOÀ BÌNH,2025,2,2025-02,1,32.0,37970000.0,3,15
KH-00126,HỘ KINH DOANH HOÀ BÌNH,2025,3,2025-03,2,65.0,68200000.0,3,16
KH-00127,CỬA HÀNG XE ĐẠP TÂN TIẾN,2025,2,2025-02,1,40.0,48240000.0,1,6
KH-00128,HỘ KINH DOANH TÂY BẮC,2025,2,2025-02,1,40.0,46560000.0,2,12
KH-00129,CÔNG TY CỔ PHẦN LÊ ANH,2025,2,2025-02,1,51.0,60307929.0,4,22
KH-00130,CÔNG TY CỔ PHẦN THƯƠNG MẠI THUỶ TIÊN,2025,2,2025-02,1,30.0,36600000.0,1,9
KH-00130,CÔNG TY CỔ PHẦN THƯƠNG MẠI THUỶ TIÊN,2025,3,2025-03,4,130.0,154580000.0,3,41
KH-00131,CÔNG TY TNHH QUANG VINH,2025,2,2025-02,1,30.0,35090000.0,2,14
KH-00132,CÔNG TY TNHH THƯƠNG MẠI HOÀ BÌNH,2025,2,2025-02,1,61.0,73740000.0,2,14
KH-00132,CÔNG TY TNHH THƯƠNG MẠI HOÀ BÌNH,2025,3,2025-03,3,226.0,267910000.0,4,32
KH-00133,DOANH NGHIỆP TW YÊN BÌNH,2025,2,2025-02,3,53.0,52861481.0,2,12
KH-00133,DOANH NGHIỆP TW YÊN BÌNH,2025,3,2025-03,1,6.0,3000000.0,1,1
KH-00133,DOANH NGHIỆP TW YÊN BÌNH,2026,1,2026-01,2,48.0,81618593.0,3,13
KH-00133,DOANH NGHIỆP TW YÊN BÌNH,2026,2,2026-02,1,41.0,56226085.0,2,10
KH-00134,DOANH NGHIỆP TW PHÚ THỊNH,2025,2,2025-02,1,81.0,128609691.0,1,8
KH-00134,DOANH NGHIỆP TW PHÚ THỊNH,2025,3,2025-03,2,68.0,108069244.0,2,6
KH-00134,DOANH NGHIỆP TW PHÚ THỊNH,2026,1,2026-01,4,158.0,265356055.0,2,31
KH-00134,DOANH NGHIỆP TW PHÚ THỊNH,2026,2,2026-02,1,123.0,204911072.0,1,20
KH-00135,CỬA HÀNG XE ĐẠP XUÂN MAI,2025,2,2025-02,1,30.0,34180000.0,3,19
KH-00136,CÔNG TY CỔ PHẦN NGỌC ANH,2025,2,2025-02,1,38.0,42370000.0,4,25
KH-00137,CÔNG TY TNHH THƯƠNG MẠI QUANG VINH,2025,2,2025-02,1,29.0,36580000.0,3,11
KH-00138,CÔNG TY TNHH THƯƠNG MẠI VĨNH PHÁT,2025,2,2025-02,1,50.0,52850000.0,3,26
KH-00139,HỘ KINH DOANH YÊN BÌNH,2025,2,2025-02,1,50.0,73572860.0,3,34
KH-00139,HỘ KINH DOANH YÊN BÌNH,2025,3,2025-03,2,33.0,50725286.0,3,20
KH-00140,CÔNG TY TNHH XÂY DỰNG,2025,2,2025-02,1,29.0,40760000.0,3,15
KH-00140,CÔNG TY TNHH XÂY DỰNG,2025,3,2025-03,2,53.0,58150000.0,4,25
KH-00141,CÔNG TY CỔ PHẦN THƯƠNG MẠI TÂN TIẾN,2025,2,2025-02,1,120.0,108820000.0,3,40
KH-00142,CÔNG TY TNHH THƯƠNG MẠI CHI THÀNH,2025,2,2025-02,1,11.0,13450000.0,2,9
KH-00142,CÔNG TY TNHH THƯƠNG MẠI CHI THÀNH,2025,3,2025-03,3,43.0,53098500.0,5,20
KH-00143,DOANH NGHIỆP TW TÂY BẮC,2025,2,2025-02,1,20.0,29700000.0,2,12
KH-00144,CỬA HÀNG XE ĐẠP QUANG VINH,2025,2,2025-02,1,20.0,22418078.0,4,17
KH-00145,HỘ KINH DOANH PHÚ THỊNH,2025,2,2025-02,1,20.0,22940000.0,4,13
KH-00146,HỘ KINH DOANH LONG PHÚ,2025,2,2025-02,1,14.0,18640000.0,4,11
KH-00147,CÔNG TY TNHH PHÚ THỊNH,2025,2,2025-02,1,53.0,64955042.0,3,22
KH-00147,CÔNG TY TNHH PHÚ THỊNH,2025,3,2025-03,2,93.0,111443201.0,4,35
KH-00147,CÔNG TY TNHH PHÚ THỊNH,2026,2,2026-02,5,204.0,290326127.0,2,20
KH-00148,HỘ KINH DOANH THUỶ TIÊN,2025,2,2025-02,2,16.0,21422643.0,4,12
KH-00148,HỘ KINH DOANH THUỶ TIÊN,2025,3,2025-03,2,52.0,61360000.0,3,18
KH-00149,CỬA HÀNG XE ĐẠP TÚ ANH,2025,2,2025-02,1,23.0,35767929.0,5,11
KH-00149,CỬA HÀNG XE ĐẠP TÚ ANH,2025,3,2025-03,1,28.0,30520000.0,4,11
KH-00150,HỘ KINH DOANH SÁN LẠP,2025,2,2025-02,1,9.0,14582643.0,2,8
KH-00151,CÔNG TY TNHH LÊ ANH,2025,2,2025-02,1,36.0,42300000.0,3,23
KH-00151,CÔNG TY TNHH LÊ ANH,2025,3,2025-03,1,55.0,87961924.0,3,20
KH-00152,HỘ KINH DOANH TRÍ ĐỨC,2025,2,2025-02,1,35.0,38830000.0,3,14
KH-00152,HỘ KINH DOANH TRÍ ĐỨC,2025,3,2025-03,2,44.0,50215116.0,2,16
KH-00153,CÔNG TY CỔ PHẦN THƯƠNG MẠI PHÚ THỊNH,2025,2,2025-02,1,32.0,33900000.0,3,12
KH-00154,DOANH NGHIỆP TW VĨNH PHÁT,2025,2,2025-02,1,21.0,23640000.0,1,5
KH-00154,DOANH NGHIỆP TW VĨNH PHÁT,2025,3,2025-03,2,49.0,56360000.0,1,7
KH-00155,DOANH NGHIỆP TW HÙNG CƯỜNG,2025,2,2025-02,1,41.0,40062117.0,4,13
KH-00155,DOANH NGHIỆP TW HÙNG CƯỜNG,2025,3,2025-03,3,85.0,99947403.0,5,28
KH-00156,DOANH NGHIỆP TW VIỆT ANH,2025,2,2025-02,1,18.0,21250000.0,3,13
KH-00157,CÔNG TY TNHH THƯƠNG MẠI LONG PHÚ,2025,2,2025-02,1,2.0,7018519.0,2,2
KH-00157,CÔNG TY TNHH THƯƠNG MẠI LONG PHÚ,2026,1,2026-01,25,29.0,85935190.0,4,23
KH-00157,CÔNG TY TNHH THƯƠNG MẠI LONG PHÚ,2026,2,2026-02,26,54.0,159185190.0,4,27
KH-00158,CÔNG TY TNHH THƯƠNG MẠI VIỆT ANH,2025,2,2025-02,1,19.0,23040000.0,2,12
KH-00159,CÔNG TY TNHH THƯƠNG MẠI THANH BÌNH,2025,2,2025-02,1,2.0,4611111.0,1,1
KH-00159,CÔNG TY TNHH THƯƠNG MẠI THANH BÌNH,2025,3,2025-03,1,7.0,16138889.0,1,1
KH-00160,CÔNG TY TNHH THƯƠNG MẠI TRÍ ĐỨC,2025,2,2025-02,1,1.0,2768519.0,1,1
KH-00161,CÔNG TY TNHH THIÊN AN,2025,2,2025-02,1,13.0,21197215.0,4,13
KH-00161,CÔNG TY TNHH THIÊN AN,2025,3,2025-03,2,90.0,161648123.0,5,46
KH-00162,CÔNG TY CỔ PHẦN THƯƠNG MẠI CHI THÀNH,2025,2,2025-02,1,9.0,10510000.0,2,7
KH-00162,CÔNG TY CỔ PHẦN THƯƠNG MẠI CHI THÀNH,2025,3,2025-03,1,6.0,7370000.0,1,5
KH-00162,CÔNG TY CỔ PHẦN THƯƠNG MẠI CHI THÀNH,2026,2,2026-02,1,15.0,23001103.0,1,10
KH-00163,HỘ KINH DOANH XUÂN MAI,2025,2,2025-02,1,20.0,24015924.0,2,9
KH-00163,HỘ KINH DOANH XUÂN MAI,2025,3,2025-03,3,50.0,58679559.0,4,27
KH-00164,HỘ KINH DOANH XÂY DỰNG,2025,2,2025-02,1,21.0,25750000.0,3,8
KH-00164,HỘ KINH DOANH XÂY DỰNG,2025,3,2025-03,1,30.0,36000000.0,2,5
KH-00165,CÔNG TY CỔ PHẦN THƯƠNG MẠI TRƯỜNG THỊNH,2025,2,2025-02,1,8.0,10890000.0,3,7
KH-00166,HỘ KINH DOANH QUANG VINH,2025,2,2025-02,1,18.0,23312643.0,3,10
KH-00167,CÔNG TY CỔ PHẦN THƯƠNG MẠI LÊ ANH,2025,2,2025-02,1,19.0,24390000.0,3,10
KH-00167,CÔNG TY CỔ PHẦN THƯƠNG MẠI LÊ ANH,2025,3,2025-03,3,48.0,57830000.0,4,19
KH-00167,CÔNG TY CỔ PHẦN THƯƠNG MẠI LÊ ANH,2026,2,2026-02,1,36.0,60264618.0,3,17
KH-00168,DOANH NGHIỆP TW ĐẠI LỢI,2025,2,2025-02,1,36.0,32882117.0,3,13
KH-00168,DOANH NGHIỆP TW ĐẠI LỢI,2025,3,2025-03,2,35.0,38780000.0,3,12
KH-00168,DOANH NGHIỆP TW ĐẠI LỢI,2026,2,2026-02,1,54.0,83676273.0,4,24
KH-00169,CÔNG TY TNHH THƯƠNG MẠI VĨNH PHÁT,2025,2,2025-02,1,77.0,89420000.0,3,24
KH-00169,CÔNG TY TNHH THƯƠNG MẠI VĨNH PHÁT,2026,1,2026-01,2,84.0,146086634.0,1,23
KH-00169,CÔNG TY TNHH THƯƠNG MẠI VĨNH PHÁT,2026,2,2026-02,2,82.0,125702188.0,3,22
KH-00170,CỬA HÀNG XE ĐẠP TRƯỜNG THỊNH,2025,2,2025-02,1,36.0,41700000.0,2,24
KH-00171,CÔNG TY CỔ PHẦN QUANG VINH,2025,2,2025-02,1,10.0,24259259.0,1,1
KH-00172,CỬA HÀNG XE ĐẠP XÂY DỰNG,2025,2,2025-02,1,82.0,138944444.0,1,1
KH-00172,CỬA HÀNG XE ĐẠP XÂY DỰNG,2025,3,2025-03,1,76.0,128777777.0,1,1
KH-00172,CỬA HÀNG XE ĐẠP XÂY DỰNG,2026,2,2026-02,1,50.0,84722222.0,1,1
KH-00173,DOANH NGHIỆP TW PHÚ THỊNH,2025,3,2025-03,21,740.0,1582007777.0,5,30
KH-00174,CÔNG TY CỔ PHẦN THƯƠNG MẠI LÊ ANH,2025,3,2025-03,1,20.0,23300000.0,1,8
KH-00175,CÔNG TY CỔ PHẦN THƯƠNG MẠI TÂN TIẾN,2025,3,2025-03,1,1.0,7490741.0,1,1
KH-00176,CÔNG TY TNHH THUỶ TIÊN,2025,3,2025-03,1,1.0,1472222.0,1,1
KH-00177,CÔNG TY CỔ PHẦN TRƯỜNG THỊNH,2025,3,2025-03,1,3.0,7388889.0,1,2
KH-00178,CÔNG TY CỔ PHẦN QUANG VINH,2025,3,2025-03,1,1.0,2212963.0,1,1
KH-00179,CÔNG TY CỔ PHẦN TÂN TIẾN,2025,3,2025-03,1,2.0,4240741.0,2,2
KH-00180,CÔNG TY TNHH THƯƠNG MẠI VẠN LỢI,2025,3,2025-03,1,40.0,47210000.0,1,18
KH-00180,CÔNG TY TNHH THƯƠNG MẠI VẠN LỢI,2026,1,2026-01,2,60.0,99211644.0,1,18
KH-00180,CÔNG TY TNHH THƯƠNG MẠI VẠN LỢI,2026,2,2026-02,1,23.0,36253876.0,1,7
KH-00181,CÔNG TY TNHH LONG PHÚ,2025,3,2025-03,1,103.0,145317087.0,2,19
KH-00181,CÔNG TY TNHH LONG PHÚ,2026,1,2026-01,1,50.0,83015809.0,3,17
KH-00181,CÔNG TY TNHH LONG PHÚ,2026,2,2026-02,1,39.0,102683313.0,0,11
KH-00182,CÔNG TY CỔ PHẦN PHÚ THỊNH,2025,3,2025-03,1,10.0,13140000.0,3,5
KH-00183,DOANH NGHIỆP TW LONG PHÚ,2025,3,2025-03,1,17.0,20000000.0,2,13
KH-00184,DOANH NGHIỆP TW ĐẠI LỢI,2025,3,2025-03,2,21.0,24742962.0,5,13
KH-00185,CÔNG TY TNHH THƯƠNG MẠI VĨNH PHÁT,2025,3,2025-03,1,1.0,2546296.0,1,1
KH-00186,HỘ KINH DOANH XÂY DỰNG,2025,3,2025-03,4,35.0,67567129.0,1,4
KH-00187,HỘ KINH DOANH NGỌC ANH,2025,3,2025-03,1,1.0,2768519.0,1,1
KH-00188,DOANH NGHIỆP TW XÂY DỰNG,2025,3,2025-03,2,32.0,75574075.0,5,10
KH-00189,CÔNG TY CỔ PHẦN MẶT TRỜI,2025,3,2025-03,2,60.0,68267826.0,4,48
KH-00190,HỘ KINH DOANH XÂY DỰNG,2025,3,2025-03,3,47.0,54567000.0,4,21
KH-00191,CÔNG TY CỔ PHẦN THƯƠNG MẠI XUÂN MAI,2025,3,2025-03,1,1.0,2768519.0,1,1
KH-00192,HỘ KINH DOANH KHẢI HOÀN,2025,3,2025-03,3,42.0,47910000.0,4,28
KH-00193,CÔNG TY TNHH TÚ ANH,2025,3,2025-03,4,204.0,244765884.0,4,49
KH-00194,CỬA HÀNG XE ĐẠP SÁN LẠP,2025,3,2025-03,2,115.0,154826001.0,5,44
KH-00194,CỬA HÀNG XE ĐẠP SÁN LẠP,2026,2,2026-02,1,64.0,72601255.0,1,25
KH-00195,CỬA HÀNG XE ĐẠP BÌNH MINH,2025,3,2025-03,2,34.0,38790000.0,4,24
KH-00196,CÔNG TY CỔ PHẦN NAM TIẾN,2025,3,2025-03,3,46.0,51900000.0,2,21
KH-00197,CÔNG TY TNHH THƯƠNG MẠI MINH PHƯƠNG,2025,3,2025-03,2,127.0,143952962.0,4,34
KH-00198,CÔNG TY TNHH TRÍ ĐỨC,2025,3,2025-03,4,136.0,161705220.0,5,42
KH-00199,CỬA HÀNG XE ĐẠP TÚ ANH,2025,3,2025-03,2,57.0,64070000.0,3,31
KH-00200,CÔNG TY CỔ PHẦN TOÀN THẮNG,2025,3,2025-03,2,44.0,56517000.0,3,19
KH-00201,HỘ KINH DOANH XUÂN MAI,2025,3,2025-03,1,40.0,54234212.0,5,28
KH-00202,CÔNG TY CỔ PHẦN XUÂN MAI,2025,3,2025-03,2,50.0,57790000.0,3,17
KH-00203,CÔNG TY CỔ PHẦN THƯƠNG MẠI HOÀ BÌNH,2025,3,2025-03,1,1.0,2305556.0,1,1
KH-00204,CÔNG TY CỔ PHẦN ĐẠI DƯƠNG,2025,3,2025-03,1,10.0,24907407.0,1,2
KH-00205,CỬA HÀNG XE ĐẠP QUANG VINH,2025,3,2025-03,1,57.0,58740000.0,4,19
KH-00206,CÔNG TY TNHH THƯƠNG MẠI MẶT TRỜI,2025,3,2025-03,2,25.0,30030000.0,2,11
KH-00207,CỬA HÀNG XE ĐẠP VẠN LỢI,2025,3,2025-03,3,65.0,101357296.0,4,23
KH-00208,CỬA HÀNG XE ĐẠP TÂY BẮC,2025,3,2025-03,5,99.0,121615286.0,4,32
KH-00209,CÔNG TY TNHH THƯƠNG MẠI VIỆT ANH,2025,3,2025-03,2,46.0,52103683.0,4,23
KH-00210,DOANH NGHIỆP TW SÁN LẠP,2025,3,2025-03,1,33.0,31677734.0,4,23
KH-00211,CỬA HÀNG XE ĐẠP NAM TIẾN,2025,3,2025-03,1,28.0,31530000.0,2,12
KH-00212,CỬA HÀNG XE ĐẠP TÂY BẮC,2025,3,2025-03,4,84.0,99322643.0,5,36
KH-00213,CÔNG TY CỔ PHẦN HOÀ BÌNH,2025,3,2025-03,1,1.0,2305556.0,1,1
KH-00214,DOANH NGHIỆP TW QUANG VINH,2025,3,2025-03,2,70.0,81983500.0,3,17
KH-00215,DOANH NGHIỆP TW LÊ ANH,2025,3,2025-03,2,36.0,37160000.0,5,24
KH-00216,HỘ KINH DOANH NGỌC ANH,2025,3,2025-03,1,51.0,61070000.0,3,15
KH-00217,DOANH NGHIỆP TW ĐẠI DƯƠNG,2025,3,2025-03,3,166.0,193880000.0,2,29
KH-00217,DOANH NGHIỆP TW ĐẠI DƯƠNG,2026,1,2026-01,1,30.0,50647773.0,1,5
KH-00217,DOANH NGHIỆP TW ĐẠI DƯƠNG,2026,2,2026-02,4,119.0,183993846.0,3,20
KH-00218,CÔNG TY TNHH THƯƠNG MẠI BÌNH MINH,2025,3,2025-03,1,34.0,40060000.0,2,13
KH-00218,CÔNG TY TNHH THƯƠNG MẠI BÌNH MINH,2026,1,2026-01,1,18.0,30225917.0,2,8
KH-00219,CÔNG TY CỔ PHẦN THƯƠNG MẠI PHÚ THỊNH,2025,3,2025-03,2,57.0,73480000.0,5,19
KH-00219,CÔNG TY CỔ PHẦN THƯƠNG MẠI PHÚ THỊNH,2026,1,2026-01,2,78.0,130458306.0,2,20
KH-00219,CÔNG TY CỔ PHẦN THƯƠNG MẠI PHÚ THỊNH,2026,2,2026-02,1,22.0,35982213.0,2,7
KH-00220,CỬA HÀNG XE ĐẠP VIỆT ANH,2025,3,2025-03,2,57.0,74017929.0,5,23
KH-00221,CÔNG TY CỔ PHẦN VĨNH PHÁT,2025,3,2025-03,2,51.0,59460000.0,2,17
KH-00222,CÔNG TY CỔ PHẦN TÂN TIẾN,2025,3,2025-03,2,35.0,42161481.0,4,18
KH-00223,CÔNG TY CỔ PHẦN THƯƠNG MẠI AN PHÁT,2025,3,2025-03,1,32.0,33720000.0,3,14
KH-00224,DOANH NGHIỆP TW ĐÔNG NAM,2025,3,2025-03,1,30.0,36150000.0,2,12
KH-00225,CÔNG TY TNHH TÂY BẮC,2025,3,2025-03,2,70.0,84160000.0,3,27
KH-00226,CÔNG TY CỔ PHẦN VĨNH PHÁT,2025,3,2025-03,1,22.0,26040000.0,1,8
KH-00227,CÔNG TY TNHH THƯƠNG MẠI TRÍ ĐỨC,2025,3,2025-03,1,35.0,40920000.0,2,16
KH-00228,CÔNG TY CỔ PHẦN THƯƠNG MẠI XUÂN MAI,2025,3,2025-03,1,15.0,18000000.0,2,8
KH-00229,DOANH NGHIỆP TW TRÍ ĐỨC,2025,3,2025-03,1,30.0,33980000.0,2,11
KH-00230,DOANH NGHIỆP TW ĐẠI LỢI,2025,3,2025-03,1,18.0,20440000.0,2,11
KH-00231,CÔNG TY CỔ PHẦN THANH BÌNH,2025,3,2025-03,3,92.0,107772500.0,5,38
KH-00232,HỘ KINH DOANH HOÀ BÌNH,2025,3,2025-03,1,8.0,19000000.0,1,2
KH-00233,DOANH NGHIỆP TW CHI THÀNH,2025,3,2025-03,1,20.0,22840000.0,1,9
KH-00234,CÔNG TY TNHH KHẢI HOÀN,2025,3,2025-03,1,21.0,24220000.0,2,10
KH-00235,CÔNG TY CỔ PHẦN THƯƠNG MẠI CHI THÀNH,2025,3,2025-03,2,70.0,87420000.0,2,18
KH-00236,CỬA HÀNG XE ĐẠP ĐÔNG NAM,2025,3,2025-03,2,30.0,35880000.0,1,17
KH-00237,DOANH NGHIỆP TW LÊ ANH,2025,3,2025-03,2,64.0,59932962.0,5,19
KH-00238,CÔNG TY CỔ PHẦN THƯƠNG MẠI TRƯỜNG THỊNH,2025,3,2025-03,1,26.0,33546143.0,4,16
KH-00239,HỘ KINH DOANH THANH BÌNH,2025,3,2025-03,1,23.0,34357000.0,2,9
KH-00240,CÔNG TY CỔ PHẦN TRÍ ĐỨC,2025,3,2025-03,1,35.0,39050000.0,1,11
KH-00241,HỘ KINH DOANH PHÚ THỊNH,2025,3,2025-03,2,75.0,88600000.0,1,7
KH-00242,CÔNG TY CỔ PHẦN THƯƠNG MẠI HÙNG CƯỜNG,2025,3,2025-03,2,51.0,36320000.0,3,12
KH-00243,HỘ KINH DOANH VĨNH PHÁT,2025,3,2025-03,1,30.0,35150000.0,3,21
KH-00244,CÔNG TY CỔ PHẦN THƯƠNG MẠI AN PHÁT,2025,3,2025-03,1,30.0,33400000.0,3,11
KH-00245,CỬA HÀNG XE ĐẠP TÂN TIẾN,2025,3,2025-03,1,1.0,2120370.0,1,1
KH-00246,CỬA HÀNG XE ĐẠP TRƯỜNG THỊNH,2025,3,2025-03,2,30.0,38184000.0,4,23
KH-00247,HỘ KINH DOANH NGỌC ANH,2025,3,2025-03,1,108.0,126890000.0,3,19
KH-00248,CÔNG TY CỔ PHẦN THƯƠNG MẠI ĐẠI DƯƠNG,2025,3,2025-03,2,73.0,100482859.0,4,27
KH-00249,HỘ KINH DOANH PHÚC AN,2025,3,2025-03,1,30.0,37560000.0,2,11
KH-00250,DOANH NGHIỆP TW XUÂN MAI,2025,3,2025-03,4,87.0,95971481.0,5,38
KH-00251,HỘ KINH DOANH KHẢI HOÀN,2025,3,2025-03,3,109.0,119020000.0,3,24
KH-00252,CÔNG TY TNHH TÂY BẮC,2025,3,2025-03,1,44.0,59107574.0,4,25
KH-00253,CÔNG TY TNHH YÊN BÌNH,2025,3,2025-03,1,1.0,7490741.0,1,1
KH-00254,CỬA HÀNG XE ĐẠP ĐÔNG NAM,2025,3,2025-03,2,29.0,43942860.0,3,20
KH-00255,CÔNG TY TNHH PHÚ THỊNH,2025,3,2025-03,2,53.0,58060000.0,4,28
KH-00256,CÔNG TY TNHH XUÂN MAI,2025,3,2025-03,6,155.0,151660000.0,5,34
KH-00257,HỘ KINH DOANH PHÚC AN,2025,3,2025-03,2,36.0,39541481.0,3,13
KH-00258,CỬA HÀNG XE ĐẠP HOÀ BÌNH,2025,3,2025-03,2,36.0,39361481.0,3,13
KH-00259,DOANH NGHIỆP TW MINH PHƯƠNG,2025,3,2025-03,1,31.0,35050000.0,4,20
KH-00260,CỬA HÀNG XE ĐẠP XUÂN MAI,2025,3,2025-03,2,54.0,66020000.0,3,18
KH-00261,CÔNG TY TNHH THƯƠNG MẠI VẠN LỢI,2025,3,2025-03,1,42.0,49160000.0,2,20
KH-00262,CÔNG TY TNHH VIỆT ANH,2025,3,2025-03,2,54.0,64270000.0,1,16
KH-00263,DOANH NGHIỆP TW TRƯỜNG THỊNH,2025,3,2025-03,1,30.0,35790000.0,2,13
KH-00264,DOANH NGHIỆP TW NGỌC ANH,2025,3,2025-03,3,113.0,131871676.0,4,34
KH-00265,CÔNG TY TNHH THƯƠNG MẠI PHÚC AN,2025,3,2025-03,2,94.0,115376430.0,4,38
KH-00266,CỬA HÀNG XE ĐẠP TÂN TIẾN,2025,3,2025-03,1,70.0,83590000.0,2,31
KH-00267,CÔNG TY CỔ PHẦN HÙNG CƯỜNG,2025,3,2025-03,2,70.0,85460000.0,2,12
KH-00268,CÔNG TY CỔ PHẦN THƯƠNG MẠI TRƯỜNG THỊNH,2025,3,2025-03,1,50.0,58140000.0,2,17
KH-00269,HỘ KINH DOANH AN PHÁT,2025,3,2025-03,1,50.0,52678500.0,4,31
KH-00270,DOANH NGHIỆP TW TÚ ANH,2025,3,2025-03,1,50.0,57290000.0,2,19
KH-00271,CÔNG TY CỔ PHẦN THƯƠNG MẠI HÙNG CƯỜNG,2025,3,2025-03,1,18.0,20030000.0,3,15
KH-00272,CÔNG TY TNHH THƯƠNG MẠI VĨNH PHÁT,2025,3,2025-03,2,38.0,43920000.0,2,21
KH-00273,CÔNG TY TNHH THƯƠNG MẠI PHÚ THỊNH,2025,3,2025-03,1,40.0,44730000.0,3,17
KH-00274,CÔNG TY CỔ PHẦN THƯƠNG MẠI YÊN BÌNH,2025,3,2025-03,1,15.0,18170000.0,2,7
KH-00275,CÔNG TY CỔ PHẦN THƯƠNG MẠI QUANG VINH,2025,3,2025-03,1,30.0,35890000.0,3,18
KH-00276,CÔNG TY TNHH VẠN LỢI,2025,3,2025-03,2,58.0,68110000.0,2,27
KH-00277,CÔNG TY CỔ PHẦN THƯƠNG MẠI VĨNH PHÁT,2025,3,2025-03,2,200.0,232490000.0,2,31
KH-00278,CÔNG TY TNHH QUANG VINH,2025,3,2025-03,1,40.0,47790000.0,1,11
KH-00279,CỬA HÀNG XE ĐẠP CHI THÀNH,2025,3,2025-03,1,20.0,17170000.0,2,11
KH-00280,CÔNG TY TNHH THƯƠNG MẠI MINH PHƯƠNG,2025,3,2025-03,1,20.0,22480000.0,3,12
KH-00281,CỬA HÀNG XE ĐẠP PHÚC AN,2025,3,2025-03,1,32.0,42075286.0,4,17
KH-00282,CÔNG TY TNHH THƯƠNG MẠI LONG PHÚ,2025,3,2025-03,3,45.0,51690000.0,3,12
KH-00283,CỬA HÀNG XE ĐẠP TRƯỜNG THỊNH,2025,3,2025-03,2,46.0,54240000.0,1,19
KH-00284,HỘ KINH DOANH NGỌC ANH,2025,3,2025-03,1,30.0,35470000.0,2,13
KH-00284,HỘ KINH DOANH NGỌC ANH,2026,1,2026-01,1,14.0,22092772.0,1,8
KH-00285,CÔNG TY TNHH ĐÔNG NAM,2025,3,2025-03,2,43.0,55041000.0,4,17
KH-00286,DOANH NGHIỆP TW VIỆT ANH,2025,3,2025-03,1,1.0,2398148.0,1,1
KH-00287,CÔNG TY TNHH THƯƠNG MẠI THUỶ TIÊN,2025,3,2025-03,1,2.0,4611111.0,1,1
KH-00288,CÔNG TY TNHH THƯƠNG MẠI TOÀN THẮNG,2025,3,2025-03,3,46.0,53532962.0,2,29
KH-00288,CÔNG TY TNHH THƯƠNG MẠI TOÀN THẮNG,2026,2,2026-02,1,16.0,33679990.0,1,6
KH-00289,CÔNG TY CỔ PHẦN KHẢI HOÀN,2025,3,2025-03,3,54.0,64680000.0,3,18
KH-00290,CÔNG TY CỔ PHẦN THƯƠNG MẠI TÂY BẮC,2025,3,2025-03,1,11.0,14702643.0,3,6
KH-00291,CÔNG TY TNHH VĨNH PHÁT,2025,3,2025-03,1,20.0,24000000.0,1,3
KH-00292,CÔNG TY TNHH VIỆT ANH,2025,3,2025-03,1,30.0,28127001.0,3,26
KH-00293,CÔNG TY TNHH THƯƠNG MẠI TÚ ANH,2025,3,2025-03,1,10.0,20277778.0,1,2
KH-00294,HỘ KINH DOANH SÁN LẠP,2025,3,2025-03,1,1.0,2305556.0,1,1
KH-00295,DOANH NGHIỆP TW XÂY DỰNG,2025,3,2025-03,1,29.0,34400000.0,1,11
KH-00296,CÔNG TY TNHH THƯƠNG MẠI HOÀ BÌNH,2025,3,2025-03,1,20.0,23580000.0,1,11
KH-00297,CỬA HÀNG XE ĐẠP TÂY BẮC,2025,3,2025-03,1,17.0,20650000.0,1,5
KH-00298,CÔNG TY CỔ PHẦN THƯƠNG MẠI ĐÔNG NAM,2025,3,2025-03,2,71.0,96307574.0,4,31
KH-00299,CỬA HÀNG XE ĐẠP VIỆT ANH,2025,3,2025-03,1,21.0,24430000.0,3,15
KH-00300,CÔNG TY TNHH THƯƠNG MẠI QUANG VINH,2025,3,2025-03,1,15.0,17490000.0,1,9
KH-00301,CÔNG TY TNHH THƯƠNG MẠI THUỶ TIÊN,2025,3,2025-03,1,56.0,64940000.0,1,14
KH-00302,CÔNG TY TNHH XÂY DỰNG,2025,3,2025-03,1,30.0,36910000.0,4,15
KH-00303,CÔNG TY CỔ PHẦN BÌNH MINH,2025,3,2025-03,1,11.0,12980000.0,2,9
KH-00304,DOANH NGHIỆP TW TÚ ANH,2025,3,2025-03,1,15.0,17710000.0,1,10
KH-00305,CÔNG TY CỔ PHẦN TÂY BẮC,2025,3,2025-03,2,26.0,32170000.0,3,10
KH-00306,CÔNG TY TNHH HOÀ BÌNH,2025,3,2025-03,1,14.0,16430000.0,1,5
KH-00307,DOANH NGHIỆP TW THIÊN AN,2025,3,2025-03,1,20.0,29517574.0,4,10
KH-00308,CÔNG TY TNHH THIÊN AN,2025,3,2025-03,1,31.0,38840000.0,4,20
KH-00309,CÔNG TY CỔ PHẦN PHÚC AN,2025,3,2025-03,1,21.0,21610000.0,3,9
KH-00310,HỘ KINH DOANH VẠN LỢI,2025,3,2025-03,1,30.0,34770000.0,2,16
KH-00311,CÔNG TY TNHH THƯƠNG MẠI QUANG VINH,2025,3,2025-03,1,30.0,39960000.0,2,14
KH-00312,DOANH NGHIỆP TW HOÀ BÌNH,2025,3,2025-03,1,40.0,46750000.0,2,9
KH-00313,DOANH NGHIỆP TW BÌNH MINH,2025,3,2025-03,1,16.0,18730000.0,1,6
KH-00314,CÔNG TY TNHH THƯƠNG MẠI YÊN BÌNH,2025,3,2025-03,1,61.0,70640000.0,2,21
KH-00315,CÔNG TY CỔ PHẦN THƯƠNG MẠI THUỶ TIÊN,2025,3,2025-03,1,16.0,20889981.0,4,12
KH-00316,CÔNG TY CỔ PHẦN THƯƠNG MẠI THUỶ TIÊN,2025,3,2025-03,1,30.0,42392500.0,3,16
KH-00317,CỬA HÀNG XE ĐẠP THIÊN AN,2025,3,2025-03,1,15.0,17550000.0,2,7
KH-00318,HỘ KINH DOANH BÌNH MINH,2025,3,2025-03,1,26.0,30680000.0,1,3
KH-00319,CỬA HÀNG XE ĐẠP QUANG VINH,2025,3,2025-03,1,22.0,27978500.0,4,17
KH-00320,HỘ KINH DOANH PHÚC AN,2025,3,2025-03,1,15.0,18020000.0,2,15
KH-00321,CỬA HÀNG XE ĐẠP VIỆT ANH,2025,3,2025-03,1,19.0,22250000.0,2,6
KH-00322,CÔNG TY TNHH THƯƠNG MẠI THANH BÌNH,2025,3,2025-03,1,14.0,16380000.0,2,6
KH-00323,CÔNG TY CỔ PHẦN PHÚ THỊNH,2025,3,2025-03,1,9.0,10850000.0,1,5
KH-00324,CÔNG TY CỔ PHẦN ĐÔNG NAM,2025,3,2025-03,1,28.0,34180000.0,3,15
KH-00325,HỘ KINH DOANH THANH BÌNH,2025,3,2025-03,1,38.0,59956468.0,1,7
KH-00326,CỬA HÀNG XE ĐẠP VĨNH PHÁT,2025,3,2025-03,1,13.0,13870000.0,3,7
KH-00327,CÔNG TY TNHH MẶT TRỜI,2025,3,2025-03,1,47.0,55970000.0,1,14
KH-00328,CÔNG TY CỔ PHẦN PHÚC AN,2025,3,2025-03,1,30.0,37780000.0,3,21
KH-00329,HỘ KINH DOANH TRÍ ĐỨC,2025,3,2025-03,1,10.0,21666667.0,1,6
KH-00330,CÔNG TY TNHH THIÊN AN,2025,3,2025-03,1,56.0,61560000.0,4,29
KH-00331,HỘ KINH DOANH ĐẠI DƯƠNG,2025,3,2025-03,1,15.0,16960000.0,2,5
KH-00332,DOANH NGHIỆP TW TOÀN THẮNG,2025,3,2025-03,1,21.0,24510000.0,1,8
KH-00333,DOANH NGHIỆP TW ĐÔNG NAM,2025,3,2025-03,1,20.0,22970000.0,2,15
KH-00334,HỘ KINH DOANH YÊN BÌNH,2026,1,2026-01,2,170.0,244805554.0,2,4
KH-00335,CÔNG TY CỔ PHẦN THUỶ TIÊN,2026,1,2026-01,1,2.0,3870371.0,1,2
KH-00336,CÔNG TY CỔ PHẦN LONG PHÚ,2026,1,2026-01,2,2.0,4537038.0,1,1
KH-00337,DOANH NGHIỆP TW VĨNH PHÁT,2026,1,2026-01,1,1.0,9157407.0,0,1
KH-00338,CÔNG TY TNHH THƯƠNG MẠI ĐẠI LỢI,2026,1,2026-01,6,137.0,214308277.0,4,51
KH-00338,CÔNG TY TNHH THƯƠNG MẠI ĐẠI LỢI,2026,2,2026-02,8,252.0,381396546.0,4,69
KH-00339,CỬA HÀNG XE ĐẠP ĐẠI LỢI,2026,1,2026-01,1,20.0,39126658.0,1,15
KH-00339,CỬA HÀNG XE ĐẠP ĐẠI LỢI,2026,2,2026-02,1,22.0,30910732.0,2,14
KH-00340,CÔNG TY TNHH THANH BÌNH,2026,1,2026-01,3,48.0,74108412.0,2,16
KH-00341,CỬA HÀNG XE ĐẠP VIỆT ANH,2026,1,2026-01,3,363.0,595172742.0,3,36
KH-00341,CỬA HÀNG XE ĐẠP VIỆT ANH,2026,2,2026-02,2,274.0,424742680.0,2,31
KH-00342,HỘ KINH DOANH VĨNH PHÁT,2026,1,2026-01,1,35.0,62091380.0,2,18
KH-00342,HỘ KINH DOANH VĨNH PHÁT,2026,2,2026-02,4,192.0,305978076.0,3,52
KH-00343,CÔNG TY CỔ PHẦN THƯƠNG MẠI THUỶ TIÊN,2026,1,2026-01,1,64.0,103598860.0,1,23
KH-00343,CÔNG TY CỔ PHẦN THƯƠNG MẠI THUỶ TIÊN,2026,2,2026-02,1,32.0,53609983.0,1,11
KH-00344,CÔNG TY TNHH PHÚC AN,2026,1,2026-01,1,17.0,50565548.0,0,7
KH-00345,DOANH NGHIỆP TW PHÚ THỊNH,2026,1,2026-01,1,5.0,14872220.0,0,2
KH-00346,DOANH NGHIỆP TW TRƯỜNG THỊNH,2026,1,2026-01,1,16.0,33596659.0,1,7
KH-00346,DOANH NGHIỆP TW TRƯỜNG THỊNH,2026,2,2026-02,2,36.0,43601279.0,3,18
KH-00347,CÔNG TY TNHH THƯƠNG MẠI VẠN LỢI,2026,1,2026-01,2,41.0,66909429.0,2,17
KH-00347,CÔNG TY TNHH THƯƠNG MẠI VẠN LỢI,2026,2,2026-02,1,27.0,40347030.0,2,12
KH-00348,CÔNG TY TNHH THƯƠNG MẠI YÊN BÌNH,2026,1,2026-01,1,18.0,26299442.0,4,9
KH-00348,CÔNG TY TNHH THƯƠNG MẠI YÊN BÌNH,2026,2,2026-02,2,27.0,43011660.0,1,10
KH-00349,HỘ KINH DOANH TRƯỜNG THỊNH,2026,1,2026-01,2,62.0,112408309.0,3,30
KH-00349,HỘ KINH DOANH TRƯỜNG THỊNH,2026,2,2026-02,3,155.0,257830121.0,3,50
KH-00350,CÔNG TY TNHH BÌNH MINH,2026,1,2026-01,2,91.0,152039412.0,1,14
KH-00350,CÔNG TY TNHH BÌNH MINH,2026,2,2026-02,1,18.0,28124438.0,2,10
KH-00351,CÔNG TY TNHH AN PHÁT,2026,1,2026-01,1,25.0,39405545.0,2,14
KH-00352,CỬA HÀNG XE ĐẠP LONG PHÚ,2026,1,2026-01,1,54.0,88007574.0,1,12
KH-00353,CỬA HÀNG XE ĐẠP THANH BÌNH,2026,1,2026-01,2,40.0,64050171.0,3,22
KH-00353,CỬA HÀNG XE ĐẠP THANH BÌNH,2026,2,2026-02,2,33.0,56002212.0,2,14
KH-00354,CÔNG TY TNHH THƯƠNG MẠI NAM TIẾN,2026,1,2026-01,1,45.0,77331372.0,3,30
KH-00355,DOANH NGHIỆP TW PHÚC AN,2026,1,2026-01,2,32.0,48138872.0,2,6
KH-00355,DOANH NGHIỆP TW PHÚC AN,2026,2,2026-02,1,13.0,19481665.0,2,4
KH-00356,CÔNG TY TNHH THƯƠNG MẠI QUANG VINH,2026,1,2026-01,2,60.0,96440808.0,3,21
KH-00357,CÔNG TY TNHH THƯƠNG MẠI THANH BÌNH,2026,1,2026-01,1,28.0,41074343.0,2,13
KH-00357,CÔNG TY TNHH THƯƠNG MẠI THANH BÌNH,2026,2,2026-02,2,52.0,75982195.0,2,23
KH-00358,CÔNG TY TNHH SƠN HÀ,2026,1,2026-01,1,24.0,34670823.0,2,16
KH-00358,CÔNG TY TNHH SƠN HÀ,2026,2,2026-02,1,7.0,10756664.0,1,5
KH-00359,CÔNG TY CỔ PHẦN VẠN LỢI,2026,1,2026-01,5,117.0,205310881.0,4,52
KH-00359,CÔNG TY CỔ PHẦN VẠN LỢI,2026,2,2026-02,3,91.0,137917646.0,4,45
KH-00360,CÔNG TY TNHH THƯƠNG MẠI LONG PHÚ,2026,1,2026-01,2,129.0,191129200.0,4,39
KH-00361,CÔNG TY CỔ PHẦN THƯƠNG MẠI TÂY BẮC,2026,1,2026-01,1,2.0,4537038.0,1,1
KH-00361,CÔNG TY CỔ PHẦN THƯƠNG MẠI TÂY BẮC,2026,2,2026-02,1,1.0,3518519.0,0,1
KH-00362,HỘ KINH DOANH MẶT TRỜI,2026,1,2026-01,1,1.0,2027778.0,1,1
KH-00363,HỘ KINH DOANH ĐẠI LỢI,2026,1,2026-01,3,64.0,109147287.0,4,24
KH-00364,DOANH NGHIỆP TW XUÂN MAI,2026,1,2026-01,2,80.0,138735527.0,2,27
KH-00364,DOANH NGHIỆP TW XUÂN MAI,2026,2,2026-02,2,137.0,229125140.0,2,38
KH-00365,CÔNG TY CỔ PHẦN THƯƠNG MẠI TRÍ ĐỨC,2026,1,2026-01,1,17.0,23108230.0,3,12
KH-00365,CÔNG TY CỔ PHẦN THƯƠNG MẠI TRÍ ĐỨC,2026,2,2026-02,1,18.0,28913139.0,3,12
KH-00366,HỘ KINH DOANH THIÊN AN,2026,1,2026-01,4,199.0,331259832.0,3,32
KH-00366,HỘ KINH DOANH THIÊN AN,2026,2,2026-02,2,176.0,282253380.0,2,20
KH-00367,CÔNG TY CỔ PHẦN ĐÔNG NAM,2026,1,2026-01,1,37.0,68896093.0,2,11
KH-00368,HỘ KINH DOANH HOÀ BÌNH,2026,1,2026-01,1,32.0,54000819.0,3,16
KH-00369,CÔNG TY TNHH VẠN LỢI,2026,1,2026-01,2,37.0,50840259.0,3,16
KH-00369,CÔNG TY TNHH VẠN LỢI,2026,2,2026-02,1,21.0,30937768.0,3,13
KH-00370,CÔNG TY CỔ PHẦN THƯƠNG MẠI PHÚ THỊNH,2026,1,2026-01,1,13.0,28205550.0,2,10
KH-00371,CÔNG TY TNHH THƯƠNG MẠI LONG PHÚ,2026,1,2026-01,2,27.0,43649066.0,2,13
KH-00371,CÔNG TY TNHH THƯƠNG MẠI LONG PHÚ,2026,2,2026-02,1,13.0,20252774.0,1,6
KH-00372,CÔNG TY CỔ PHẦN THƯƠNG MẠI MẶT TRỜI,2026,1,2026-01,1,130.0,220754936.0,1,20
KH-00372,CÔNG TY CỔ PHẦN THƯƠNG MẠI MẶT TRỜI,2026,2,2026-02,3,240.0,384633812.0,1,25
KH-00373,DOANH NGHIỆP TW THIÊN AN,2026,1,2026-01,2,29.0,47111094.0,2,4
KH-00374,CÔNG TY CỔ PHẦN XÂY DỰNG,2026,1,2026-01,3,88.0,128455521.0,4,21
KH-00374,CÔNG TY CỔ PHẦN XÂY DỰNG,2026,2,2026-02,2,102.0,145213927.0,3,33
KH-00375,CÔNG TY TNHH ĐẠI DƯƠNG,2026,1,2026-01,1,5.0,10716664.0,1,4
KH-00376,CÔNG TY TNHH THƯƠNG MẠI AN PHÁT,2026,1,2026-01,1,11.0,17373698.0,2,10
KH-00376,CÔNG TY TNHH THƯƠNG MẠI AN PHÁT,2026,2,2026-02,1,14.0,20743326.0,2,9
KH-00377,DOANH NGHIỆP TW PHÚ THỊNH,2026,1,2026-01,2,73.0,126285337.0,4,33
KH-00377,DOANH NGHIỆP TW PHÚ THỊNH,2026,2,2026-02,1,47.0,76427574.0,3,34
KH-00378,CỬA HÀNG XE ĐẠP VĨNH PHÁT,2026,1,2026-01,2,21.0,34553883.0,1,9
KH-00379,CÔNG TY TNHH MINH PHƯƠNG,2026,1,2026-01,3,414.0,648760002.0,2,22
KH-00379,CÔNG TY TNHH MINH PHƯƠNG,2026,2,2026-02,1,65.0,77455335.0,1,10
KH-00380,DOANH NGHIỆP TW HÙNG CƯỜNG,2026,1,2026-01,1,20.0,32087028.0,1,13
KH-00380,DOANH NGHIỆP TW HÙNG CƯỜNG,2026,2,2026-02,4,96.0,139192088.0,4,38
KH-00381,DOANH NGHIỆP TW TÚ ANH,2026,1,2026-01,1,20.0,31915547.0,1,11
KH-00381,DOANH NGHIỆP TW TÚ ANH,2026,2,2026-02,2,27.0,40151656.0,3,14
KH-00382,CÔNG TY TNHH LÊ ANH,2026,1,2026-01,3,55.0,93499980.0,1,16
KH-00382,CÔNG TY TNHH LÊ ANH,2026,2,2026-02,1,23.0,36706104.0,1,8
KH-00383,HỘ KINH DOANH VẠN LỢI,2026,1,2026-01,2,52.0,85199976.0,1,16
KH-00383,HỘ KINH DOANH VẠN LỢI,2026,2,2026-02,1,46.0,73937759.0,1,12
KH-00384,CỬA HÀNG XE ĐẠP PHÚC AN,2026,1,2026-01,1,22.0,33226102.0,2,13
KH-00384,CỬA HÀNG XE ĐẠP PHÚC AN,2026,2,2026-02,1,15.0,24718326.0,1,9
KH-00385,CÔNG TY CỔ PHẦN THƯƠNG MẠI THIÊN AN,2026,1,2026-01,2,51.0,99911078.0,1,9
KH-00385,CÔNG TY CỔ PHẦN THƯƠNG MẠI THIÊN AN,2026,2,2026-02,2,64.0,100461092.0,3,10
KH-00386,CÔNG TY TNHH THƯƠNG MẠI KHẢI HOÀN,2026,1,2026-01,2,73.0,118080708.0,4,26
KH-00386,CÔNG TY TNHH THƯƠNG MẠI KHẢI HOÀN,2026,2,2026-02,2,113.0,180566997.0,2,31
KH-00387,CÔNG TY CỔ PHẦN THANH BÌNH,2026,1,2026-01,1,104.0,160507270.0,3,62
KH-00387,CÔNG TY CỔ PHẦN THANH BÌNH,2026,2,2026-02,1,124.0,176865506.0,3,55
KH-00388,CÔNG TY CỔ PHẦN MẶT TRỜI,2026,1,2026-01,1,1.0,2768519.0,1,1
KH-00389,CÔNG TY CỔ PHẦN TRƯỜNG THỊNH,2026,1,2026-01,1,14.0,23752770.0,3,11
KH-00389,CÔNG TY CỔ PHẦN TRƯỜNG THỊNH,2026,2,2026-02,1,21.0,32316938.0,2,9
KH-00390,HỘ KINH DOANH ĐẠI LỢI,2026,1,2026-01,1,31.0,48513228.0,3,21
KH-00390,HỘ KINH DOANH ĐẠI LỢI,2026,2,2026-02,1,45.0,75352759.0,3,29
KH-00391,CÔNG TY TNHH THƯƠNG MẠI NAM TIẾN,2026,1,2026-01,1,15.0,27965179.0,3,12
KH-00392,HỘ KINH DOANH SƠN HÀ,2026,1,2026-01,1,17.0,27092767.0,1,8
KH-00392,HỘ KINH DOANH SƠN HÀ,2026,2,2026-02,1,19.0,29300550.0,2,7
KH-00393,CÔNG TY TNHH THƯƠNG MẠI SƠN HÀ,2026,1,2026-01,2,60.0,101101636.0,2,40
KH-00394,CÔNG TY TNHH THƯƠNG MẠI NAM TIẾN,2026,1,2026-01,1,45.0,71822204.0,1,17
KH-00395,HỘ KINH DOANH TÂY BẮC,2026,1,2026-01,1,28.0,49801286.0,2,14
KH-00395,HỘ KINH DOANH TÂY BẮC,2026,2,2026-02,1,14.0,17259990.0,2,7
KH-00396,CÔNG TY CỔ PHẦN VIỆT ANH,2026,1,2026-01,1,57.0,93184508.0,3,16
KH-00396,CÔNG TY CỔ PHẦN VIỆT ANH,2026,2,2026-02,1,25.0,25858314.0,2,6
KH-00397,CÔNG TY CỔ PHẦN THUỶ TIÊN,2026,1,2026-01,1,18.0,23213788.0,3,11
KH-00397,CÔNG TY CỔ PHẦN THUỶ TIÊN,2026,2,2026-02,3,51.0,64512932.0,3,22
KH-00398,CÔNG TY TNHH PHÚC AN,2026,1,2026-01,1,20.0,35105550.0,1,5
KH-00399,CÔNG TY TNHH ĐẠI LỢI,2026,1,2026-01,1,2.0,4611112.0,1,2
KH-00400,CÔNG TY TNHH XÂY DỰNG,2026,1,2026-01,1,1.0,4527778.0,0,1
KH-00401,HỘ KINH DOANH THUỶ TIÊN,2026,1,2026-01,1,12.0,22144902.0,4,10
KH-00402,CÔNG TY CỔ PHẦN ĐẠI LỢI,2026,1,2026-01,4,116.0,193503281.0,3,40
KH-00402,CÔNG TY CỔ PHẦN ĐẠI LỢI,2026,2,2026-02,2,146.0,176247601.0,3,25
KH-00403,CÔNG TY CỔ PHẦN THƯƠNG MẠI LONG PHÚ,2026,1,2026-01,1,43.0,64112490.0,2,13
KH-00403,CÔNG TY CỔ PHẦN THƯƠNG MẠI LONG PHÚ,2026,2,2026-02,1,31.0,48290546.0,2,9
KH-00404,HỘ KINH DOANH PHÚ THỊNH,2026,1,2026-01,2,38.0,61145546.0,3,4
KH-00404,HỘ KINH DOANH PHÚ THỊNH,2026,2,2026-02,3,91.0,150023860.0,2,13
KH-00405,CÔNG TY CỔ PHẦN THƯƠNG MẠI QUANG VINH,2026,1,2026-01,1,56.0,100248865.0,3,20
KH-00406,CÔNG TY CỔ PHẦN THƯƠNG MẠI LONG PHÚ,2026,1,2026-01,1,50.0,82642778.0,2,21
KH-00407,DOANH NGHIỆP TW LONG PHÚ,2026,1,2026-01,2,36.0,61850722.0,4,15
KH-00407,DOANH NGHIỆP TW LONG PHÚ,2026,2,2026-02,1,12.0,28545921.0,2,12
KH-00408,CÔNG TY CỔ PHẦN MINH PHƯƠNG,2026,1,2026-01,1,18.0,39362212.0,1,4
KH-00408,CÔNG TY CỔ PHẦN MINH PHƯƠNG,2026,2,2026-02,2,46.0,90022025.0,3,13
KH-00409,CÔNG TY CỔ PHẦN THƯƠNG MẠI BÌNH MINH,2026,1,2026-01,1,10.0,18133330.0,1,3
KH-00410,CỬA HÀNG XE ĐẠP NAM TIẾN,2026,1,2026-01,2,91.0,142988859.0,2,10
KH-00411,CỬA HÀNG XE ĐẠP MẶT TRỜI,2026,1,2026-01,1,1.0,2361111.0,1,1
KH-00412,CÔNG TY TNHH TRÍ ĐỨC,2026,1,2026-01,1,3.0,6805556.0,1,2
KH-00413,CÔNG TY CỔ PHẦN CHI THÀNH,2026,1,2026-01,1,19.0,29907408.0,1,1
KH-00414,HỘ KINH DOANH ĐẠI LỢI,2026,1,2026-01,3,69.0,114034969.0,2,17
KH-00414,HỘ KINH DOANH ĐẠI LỢI,2026,2,2026-02,1,45.0,65963408.0,2,24
KH-00415,DOANH NGHIỆP TW KHẢI HOÀN,2026,1,2026-01,2,56.0,108396647.0,2,16
KH-00415,DOANH NGHIỆP TW KHẢI HOÀN,2026,2,2026-02,3,191.0,299934539.0,3,47
KH-00416,DOANH NGHIỆP TW HOÀ BÌNH,2026,1,2026-01,1,14.0,32353328.0,1,10
KH-00417,CÔNG TY CỔ PHẦN THƯƠNG MẠI VIỆT ANH,2026,1,2026-01,1,19.0,29619436.0,2,11
KH-00417,CÔNG TY CỔ PHẦN THƯƠNG MẠI VIỆT ANH,2026,2,2026-02,1,29.0,46146104.0,2,15
KH-00418,CÔNG TY CỔ PHẦN PHÚ THỊNH,2026,1,2026-01,1,3.0,7361112.0,1,2
KH-00419,DOANH NGHIỆP TW ĐẠI DƯƠNG,2026,1,2026-01,2,59.0,98137754.0,3,23
KH-00419,DOANH NGHIỆP TW ĐẠI DƯƠNG,2026,2,2026-02,1,30.0,48703319.0,3,14
KH-00420,CÔNG TY CỔ PHẦN QUANG VINH,2026,1,2026-01,2,50.0,80290918.0,3,21
KH-00420,CÔNG TY CỔ PHẦN QUANG VINH,2026,2,2026-02,1,23.0,36624618.0,3,10
KH-00421,DOANH NGHIỆP TW YÊN BÌNH,2026,1,2026-01,1,40.0,75644986.0,3,25
KH-00422,CÔNG TY CỔ PHẦN THƯƠNG MẠI SƠN HÀ,2026,1,2026-01,1,12.0,15861474.0,1,5
KH-00423,DOANH NGHIỆP TW THIÊN AN,2026,1,2026-01,3,63.0,112084976.0,3,16
KH-00423,DOANH NGHIỆP TW THIÊN AN,2026,2,2026-02,2,80.0,136383665.0,2,11
KH-00424,CÔNG TY TNHH TRÍ ĐỨC,2026,1,2026-01,1,20.0,57611102.0,0,11
KH-00424,CÔNG TY TNHH TRÍ ĐỨC,2026,2,2026-02,1,10.0,19876663.0,2,6
KH-00425,CỬA HÀNG XE ĐẠP MINH PHƯƠNG,2026,1,2026-01,1,49.0,78216095.0,4,29
KH-00425,CỬA HÀNG XE ĐẠP MINH PHƯƠNG,2026,2,2026-02,1,23.0,42792765.0,1,9
KH-00426,CÔNG TY CỔ PHẦN THƯƠNG MẠI THIÊN AN,2026,1,2026-01,1,19.0,31055551.0,1,7
KH-00426,CÔNG TY CỔ PHẦN THƯƠNG MẠI THIÊN AN,2026,2,2026-02,2,119.0,195965160.0,2,22
KH-00427,CÔNG TY CỔ PHẦN THƯƠNG MẠI TÚ ANH,2026,1,2026-01,1,50.0,110648148.0,1,1
KH-00428,CỬA HÀNG XE ĐẠP NAM TIẾN,2026,1,2026-01,1,68.0,119609411.0,4,16
KH-00428,CỬA HÀNG XE ĐẠP NAM TIẾN,2026,2,2026-02,1,18.0,35747486.0,1,7
KH-00429,CỬA HÀNG XE ĐẠP XUÂN MAI,2026,1,2026-01,1,26.0,38662392.0,4,23
KH-00430,CÔNG TY CỔ PHẦN BÌNH MINH,2026,1,2026-01,2,29.0,44446658.0,2,13
KH-00431,CÔNG TY CỔ PHẦN THƯƠNG MẠI KHẢI HOÀN,2026,1,2026-01,1,11.0,17887217.0,2,4
KH-00432,CÔNG TY TNHH THƯƠNG MẠI THUỶ TIÊN,2026,1,2026-01,1,27.0,41172304.0,3,18
KH-00432,CÔNG TY TNHH THƯƠNG MẠI THUỶ TIÊN,2026,2,2026-02,1,16.0,18677211.0,3,10
KH-00433,CÔNG TY CỔ PHẦN THƯƠNG MẠI TRƯỜNG THỊNH,2026,1,2026-01,1,30.0,49297210.0,1,21
KH-00434,HỘ KINH DOANH TRƯỜNG THỊNH,2026,1,2026-01,1,20.0,32716104.0,2,15
KH-00434,HỘ KINH DOANH TRƯỜNG THỊNH,2026,2,2026-02,1,15.0,20544251.0,3,11
KH-00435,DOANH NGHIỆP TW NGỌC ANH,2026,1,2026-01,2,22.0,34497214.0,2,14
KH-00435,DOANH NGHIỆP TW NGỌC ANH,2026,2,2026-02,1,9.0,13042404.0,4,6
KH-00436,CÔNG TY TNHH XÂY DỰNG,2026,1,2026-01,1,40.0,58825538.0,2,14
KH-00436,CÔNG TY TNHH XÂY DỰNG,2026,2,2026-02,1,16.0,23712491.0,2,6
KH-00437,DOANH NGHIỆP TW HÙNG CƯỜNG,2026,1,2026-01,1,10.0,16189996.0,1,7
KH-00437,DOANH NGHIỆP TW HÙNG CƯỜNG,2026,2,2026-02,1,15.0,23752773.0,2,14
KH-00438,CỬA HÀNG XE ĐẠP ĐẠI LỢI,2026,1,2026-01,1,25.0,44257772.0,2,8
KH-00438,CỬA HÀNG XE ĐẠP ĐẠI LỢI,2026,2,2026-02,1,10.0,15305550.0,1,1
KH-00439,DOANH NGHIỆP TW THUỶ TIÊN,2026,1,2026-01,1,22.0,37204436.0,3,11
KH-00440,CÔNG TY TNHH THƯƠNG MẠI ĐÔNG NAM,2026,1,2026-01,1,2.0,3088888.0,1,1
KH-00440,CÔNG TY TNHH THƯƠNG MẠI ĐÔNG NAM,2026,2,2026-02,2,21.0,34017491.0,3,19
KH-00441,CỬA HÀNG XE ĐẠP NGỌC ANH,2026,1,2026-01,2,44.0,66861268.0,2,12
KH-00441,CỬA HÀNG XE ĐẠP NGỌC ANH,2026,2,2026-02,1,35.0,54400554.0,2,8
KH-00442,CÔNG TY TNHH HOÀ BÌNH,2026,1,2026-01,2,31.0,50945544.0,1,7
KH-00443,CÔNG TY TNHH HÙNG CƯỜNG,2026,1,2026-01,1,10.0,23242219.0,1,5
KH-00444,CÔNG TY TNHH THƯƠNG MẠI SÁN LẠP,2026,1,2026-01,1,30.0,56593877.0,3,22
KH-00444,CÔNG TY TNHH THƯƠNG MẠI SÁN LẠP,2026,2,2026-02,1,44.0,69403870.0,2,22
KH-00445,CÔNG TY CỔ PHẦN TÂN TIẾN,2026,1,2026-01,1,17.0,20933330.0,2,5
KH-00446,CÔNG TY TNHH THƯƠNG MẠI MINH PHƯƠNG,2026,1,2026-01,1,21.0,22567396.0,1,11
KH-00447,CÔNG TY TNHH THƯƠNG MẠI KHẢI HOÀN,2026,1,2026-01,1,15.0,28011846.0,1,13
KH-00447,CÔNG TY TNHH THƯƠNG MẠI KHẢI HOÀN,2026,2,2026-02,2,46.0,72664798.0,3,24
KH-00448,CÔNG TY TNHH THUỶ TIÊN,2026,1,2026-01,1,12.0,15771104.0,2,5
KH-00449,CÔNG TY CỔ PHẦN THUỶ TIÊN,2026,1,2026-01,1,11.0,16652772.0,2,4
KH-00450,HỘ KINH DOANH QUANG VINH,2026,1,2026-01,1,27.0,35684616.0,3,11
KH-00451,CÔNG TY CỔ PHẦN THƯƠNG MẠI TRƯỜNG THỊNH,2026,1,2026-01,1,17.0,28180365.0,2,8
KH-00452,CÔNG TY CỔ PHẦN THƯƠNG MẠI BÌNH MINH,2026,1,2026-01,1,32.0,50632220.0,2,6
KH-00452,CÔNG TY CỔ PHẦN THƯƠNG MẠI BÌNH MINH,2026,2,2026-02,1,20.0,30611100.0,1,1
KH-00453,CÔNG TY TNHH YÊN BÌNH,2026,1,2026-01,2,65.0,103187758.0,1,23
KH-00453,CÔNG TY TNHH YÊN BÌNH,2026,2,2026-02,2,78.0,123807751.0,1,16
KH-00454,HỘ KINH DOANH LONG PHÚ,2026,1,2026-01,1,20.0,42573326.0,2,14
KH-00455,CÔNG TY TNHH THƯƠNG MẠI ĐẠI LỢI,2026,1,2026-01,1,49.0,82253317.0,2,18
KH-00456,CÔNG TY TNHH THƯƠNG MẠI AN PHÁT,2026,1,2026-01,1,45.0,63827764.0,2,12
KH-00457,CÔNG TY TNHH THƯƠNG MẠI VIỆT ANH,2026,1,2026-01,1,12.0,18777768.0,1,8
KH-00457,CÔNG TY TNHH THƯƠNG MẠI VIỆT ANH,2026,2,2026-02,1,42.0,62920168.0,2,20
KH-00458,HỘ KINH DOANH VẠN LỢI,2026,1,2026-01,2,70.0,117002752.0,1,21
KH-00458,HỘ KINH DOANH VẠN LỢI,2026,2,2026-02,1,42.0,65442108.0,3,19
KH-00459,CÔNG TY CỔ PHẦN TOÀN THẮNG,2026,1,2026-01,2,31.0,51079989.0,3,12
KH-00460,DOANH NGHIỆP TW THUỶ TIÊN,2026,1,2026-01,1,10.0,16361110.0,0,2
KH-00461,CÔNG TY TNHH THUỶ TIÊN,2026,1,2026-01,1,10.0,22685185.0,1,1
KH-00461,CÔNG TY TNHH THUỶ TIÊN,2026,2,2026-02,1,30.0,68055555.0,1,2
KH-00462,HỘ KINH DOANH TRƯỜNG THỊNH,2026,1,2026-01,2,2.0,4981482.0,1,2
KH-00463,CÔNG TY TNHH THƯƠNG MẠI YÊN BÌNH,2026,1,2026-01,3,124.0,210773294.0,2,28
KH-00463,CÔNG TY TNHH THƯƠNG MẠI YÊN BÌNH,2026,2,2026-02,2,129.0,209816625.0,2,28
KH-00464,CÔNG TY TNHH THƯƠNG MẠI KHẢI HOÀN,2026,1,2026-01,1,15.0,25797586.0,3,13
KH-00465,CÔNG TY CỔ PHẦN KHẢI HOÀN,2026,1,2026-01,1,22.0,34894436.0,2,11
KH-00466,HỘ KINH DOANH HÙNG CƯỜNG,2026,1,2026-01,1,32.0,56339800.0,3,23
KH-00466,HỘ KINH DOANH HÙNG CƯỜNG,2026,2,2026-02,1,45.0,68568961.0,2,15
KH-00467,DOANH NGHIỆP TW TÂY BẮC,2026,1,2026-01,1,21.0,46177214.0,1,16
KH-00467,DOANH NGHIỆP TW TÂY BẮC,2026,2,2026-02,1,10.0,16894441.0,1,8
KH-00468,CÔNG TY CỔ PHẦN KHẢI HOÀN,2026,1,2026-01,1,19.0,28953046.0,2,10
KH-00469,CỬA HÀNG XE ĐẠP HOÀ BÌNH,2026,1,2026-01,1,33.0,52729062.0,3,13
KH-00469,CỬA HÀNG XE ĐẠP HOÀ BÌNH,2026,2,2026-02,1,40.0,72564430.0,3,26
KH-00470,CÔNG TY CỔ PHẦN VĨNH PHÁT,2026,1,2026-01,1,16.0,25285547.0,1,7
KH-00471,CÔNG TY CỔ PHẦN TRÍ ĐỨC,2026,1,2026-01,1,40.0,55482205.0,3,17
KH-00472,CÔNG TY CỔ PHẦN TRÍ ĐỨC,2026,1,2026-01,2,30.0,50409246.0,4,23
KH-00473,CÔNG TY TNHH TRÍ ĐỨC,2026,1,2026-01,1,13.0,20212216.0,1,4
KH-00474,HỘ KINH DOANH MẶT TRỜI,2026,1,2026-01,1,24.0,39804429.0,1,10
KH-00475,CỬA HÀNG XE ĐẠP THIÊN AN,2026,1,2026-01,1,9.0,18287774.0,2,4
KH-00475,CỬA HÀNG XE ĐẠP THIÊN AN,2026,2,2026-02,1,35.0,54253693.0,3,17
KH-00476,CÔNG TY CỔ PHẦN THƯƠNG MẠI MẶT TRỜI,2026,1,2026-01,1,25.0,37425540.0,3,8
KH-00476,CÔNG TY CỔ PHẦN THƯƠNG MẠI MẶT TRỜI,2026,2,2026-02,2,55.0,80971830.0,3,17
KH-00477,CỬA HÀNG XE ĐẠP ĐẠI LỢI,2026,1,2026-01,1,38.0,69020445.0,2,13
KH-00477,CỬA HÀNG XE ĐẠP ĐẠI LỢI,2026,2,2026-02,1,41.0,57237490.0,3,15
KH-00478,CÔNG TY TNHH BÌNH MINH,2026,1,2026-01,1,1.0,4527778.0,0,1
KH-00479,DOANH NGHIỆP TW NGỌC ANH,2026,1,2026-01,1,1.0,3333333.0,0,1
KH-00480,DOANH NGHIỆP TW ĐẠI DƯƠNG,2026,1,2026-01,1,10.0,22314816.0,1,4
KH-00481,CÔNG TY CỔ PHẦN HOÀ BÌNH,2026,1,2026-01,1,19.0,31275548.0,1,7
KH-00481,CÔNG TY CỔ PHẦN HOÀ BÌNH,2026,2,2026-02,1,23.0,39058879.0,2,15
KH-00482,CỬA HÀNG XE ĐẠP KHẢI HOÀN,2026,1,2026-01,1,23.0,44872212.0,1,16
KH-00483,HỘ KINH DOANH VẠN LỢI,2026,1,2026-01,1,52.0,83684423.0,2,24
KH-00483,HỘ KINH DOANH VẠN LỢI,2026,2,2026-02,1,19.0,29599993.0,0,6
KH-00484,CÔNG TY CỔ PHẦN THƯƠNG MẠI HOÀ BÌNH,2026,1,2026-01,1,40.0,61862577.0,3,17
KH-00484,CÔNG TY CỔ PHẦN THƯƠNG MẠI HOÀ BÌNH,2026,2,2026-02,1,41.0,66327206.0,2,17
KH-00485,CÔNG TY CỔ PHẦN SÁN LẠP,2026,1,2026-01,1,18.0,31401105.0,2,11
KH-00485,CÔNG TY CỔ PHẦN SÁN LẠP,2026,2,2026-02,1,30.0,46452952.0,1,18
KH-00486,CÔNG TY TNHH VẠN LỢI,2026,1,2026-01,1,36.0,69087021.0,2,12
KH-00486,CÔNG TY TNHH VẠN LỢI,2026,2,2026-02,1,23.0,37097210.0,1,7
KH-00487,DOANH NGHIỆP TW TRƯỜNG THỊNH,2026,1,2026-01,2,84.0,146087010.0,3,32
KH-00487,DOANH NGHIỆP TW TRƯỜNG THỊNH,2026,2,2026-02,1,27.0,42278324.0,2,14
KH-00488,CÔNG TY TNHH TRƯỜNG THỊNH,2026,1,2026-01,3,88.0,118259982.0,4,30
KH-00488,CÔNG TY TNHH TRƯỜNG THỊNH,2026,2,2026-02,2,52.0,84917580.0,2,28
KH-00489,CÔNG TY CỔ PHẦN ĐÔNG NAM,2026,1,2026-01,1,15.0,24511106.0,1,10
KH-00489,CÔNG TY CỔ PHẦN ĐÔNG NAM,2026,2,2026-02,2,46.0,75661092.0,1,19
KH-00490,CÔNG TY TNHH TÂN TIẾN,2026,1,2026-01,1,10.0,19349256.0,2,4
KH-00491,CÔNG TY TNHH PHÚC AN,2026,1,2026-01,2,178.0,283026601.0,2,26
KH-00492,HỘ KINH DOANH ĐÔNG NAM,2026,1,2026-01,1,20.0,31976657.0,1,12
KH-00492,HỘ KINH DOANH ĐÔNG NAM,2026,2,2026-02,1,35.0,51509990.0,2,18
KH-00493,CÔNG TY CỔ PHẦN THƯƠNG MẠI QUANG VINH,2026,1,2026-01,1,11.0,14104439.0,2,4
KH-00493,CÔNG TY CỔ PHẦN THƯƠNG MẠI QUANG VINH,2026,2,2026-02,1,13.0,19286104.0,4,9
KH-00494,HỘ KINH DOANH AN PHÁT,2026,1,2026-01,1,21.0,34963325.0,1,9
KH-00495,CÔNG TY CỔ PHẦN THƯƠNG MẠI HOÀ BÌNH,2026,1,2026-01,1,10.0,19709997.0,1,6
KH-00495,CÔNG TY CỔ PHẦN THƯƠNG MẠI HOÀ BÌNH,2026,2,2026-02,2,55.0,94111089.0,2,18
KH-00496,CÔNG TY CỔ PHẦN TOÀN THẮNG,2026,1,2026-01,1,15.0,26576661.0,1,3
KH-00496,CÔNG TY CỔ PHẦN TOÀN THẮNG,2026,2,2026-02,1,20.0,34858325.0,1,7
KH-00497,CÔNG TY TNHH THƯƠNG MẠI QUANG VINH,2026,1,2026-01,2,37.0,55916096.0,2,12
KH-00497,CÔNG TY TNHH THƯƠNG MẠI QUANG VINH,2026,2,2026-02,1,31.0,49677763.0,1,7
KH-00498,CỬA HÀNG XE ĐẠP MINH PHƯƠNG,2026,1,2026-01,1,15.0,23802030.0,3,10
KH-00498,CỬA HÀNG XE ĐẠP MINH PHƯƠNG,2026,2,2026-02,1,10.0,16356664.0,1,5
KH-00499,CÔNG TY CỔ PHẦN THƯƠNG MẠI TÚ ANH,2026,1,2026-01,1,51.0,96427756.0,2,45
KH-00500,CÔNG TY CỔ PHẦN THƯƠNG MẠI VĨNH PHÁT,2026,1,2026-01,1,5.0,12458333.0,1,1
KH-00501,CÔNG TY CỔ PHẦN VĨNH PHÁT,2026,1,2026-01,1,13.0,24826106.0,1,5
KH-00501,CÔNG TY CỔ PHẦN VĨNH PHÁT,2026,2,2026-02,1,8.0,11407217.0,1,5
KH-00502,CỬA HÀNG XE ĐẠP BÌNH MINH,2026,1,2026-01,2,20.0,32740456.0,3,13
KH-00502,CỬA HÀNG XE ĐẠP BÌNH MINH,2026,2,2026-02,1,10.0,16020459.0,2,7
KH-00503,DOANH NGHIỆP TW PHÚ THỊNH,2026,1,2026-01,1,37.0,57315550.0,2,8
KH-00503,DOANH NGHIỆP TW PHÚ THỊNH,2026,2,2026-02,1,21.0,32459438.0,2,6
KH-00504,CÔNG TY CỔ PHẦN THƯƠNG MẠI TÂY BẮC,2026,1,2026-01,1,15.0,22818328.0,3,10
KH-00505,CÔNG TY CỔ PHẦN TÚ ANH,2026,1,2026-01,1,35.0,64177024.0,3,20
KH-00505,CÔNG TY CỔ PHẦN TÚ ANH,2026,2,2026-02,2,39.0,66688870.0,2,20
KH-00506,CÔNG TY TNHH THANH BÌNH,2026,1,2026-01,1,39.0,61166093.0,4,21
KH-00506,CÔNG TY TNHH THANH BÌNH,2026,2,2026-02,1,11.0,16663884.0,2,6
KH-00507,CỬA HÀNG XE ĐẠP BÌNH MINH,2026,1,2026-01,1,22.0,35994437.0,1,11
KH-00508,CÔNG TY CỔ PHẦN VĨNH PHÁT,2026,1,2026-01,2,22.0,33244157.0,2,12
KH-00509,CÔNG TY TNHH THƯƠNG MẠI BÌNH MINH,2026,1,2026-01,1,29.0,42307765.0,2,15
KH-00509,CÔNG TY TNHH THƯƠNG MẠI BÌNH MINH,2026,2,2026-02,1,20.0,31820826.0,2,16
KH-00510,CỬA HÀNG XE ĐẠP NGỌC ANH,2026,1,2026-01,1,11.0,17587774.0,1,8
KH-00510,CỬA HÀNG XE ĐẠP NGỌC ANH,2026,2,2026-02,1,13.0,21388330.0,1,4
KH-00511,CÔNG TY TNHH BÌNH MINH,2026,1,2026-01,1,11.0,14207958.0,1,7
KH-00512,CÔNG TY TNHH ĐẠI DƯƠNG,2026,1,2026-01,1,15.0,22188882.0,2,12
KH-00512,CÔNG TY TNHH ĐẠI DƯƠNG,2026,2,2026-02,1,10.0,25388885.0,1,6
KH-00513,CÔNG TY CỔ PHẦN THƯƠNG MẠI ĐÔNG NAM,2026,1,2026-01,2,54.0,87652760.0,3,24
KH-00513,CÔNG TY CỔ PHẦN THƯƠNG MẠI ĐÔNG NAM,2026,2,2026-02,1,9.0,10529163.0,1,3
KH-00514,CỬA HÀNG XE ĐẠP HÙNG CƯỜNG,2026,1,2026-01,1,17.0,29769439.0,1,17
KH-00514,CỬA HÀNG XE ĐẠP HÙNG CƯỜNG,2026,2,2026-02,1,33.0,48467115.0,3,26
KH-00515,CÔNG TY CỔ PHẦN THƯƠNG MẠI SƠN HÀ,2026,1,2026-01,1,22.0,34973416.0,3,7
KH-00516,CÔNG TY TNHH SÁN LẠP,2026,1,2026-01,1,20.0,31988880.0,1,6
KH-00517,CỬA HÀNG XE ĐẠP PHÚ THỊNH,2026,1,2026-01,1,45.0,62083320.0,2,8
KH-00518,CÔNG TY TNHH THƯƠNG MẠI VĨNH PHÁT,2026,1,2026-01,1,21.0,33148327.0,2,14
KH-00518,CÔNG TY TNHH THƯƠNG MẠI VĨNH PHÁT,2026,2,2026-02,1,21.0,25692030.0,2,9
KH-00519,CÔNG TY CỔ PHẦN XUÂN MAI,2026,1,2026-01,1,21.0,33472214.0,1,9
KH-00519,CÔNG TY CỔ PHẦN XUÂN MAI,2026,2,2026-02,2,75.0,121990541.0,1,20
KH-00520,CÔNG TY TNHH TÂY BẮC,2026,1,2026-01,1,46.0,71704244.0,2,15
KH-00521,CỬA HÀNG XE ĐẠP KHẢI HOÀN,2026,1,2026-01,1,30.0,48686099.0,2,21
KH-00521,CỬA HÀNG XE ĐẠP KHẢI HOÀN,2026,2,2026-02,1,27.0,46109988.0,1,18
KH-00522,CÔNG TY TNHH HÙNG CƯỜNG,2026,1,2026-01,1,10.0,15749995.0,1,2
KH-00523,HỘ KINH DOANH KHẢI HOÀN,2026,1,2026-01,1,15.0,24352217.0,2,7
KH-00524,CÔNG TY CỔ PHẦN THƯƠNG MẠI TRÍ ĐỨC,2026,1,2026-01,1,15.0,27199995.0,1,4
KH-00525,CỬA HÀNG XE ĐẠP SÁN LẠP,2026,1,2026-01,1,25.0,44550175.0,1,11
KH-00526,CÔNG TY CỔ PHẦN NAM TIẾN,2026,1,2026-01,1,20.0,31530549.0,2,11
KH-00527,CÔNG TY CỔ PHẦN THƯƠNG MẠI HOÀ BÌNH,2026,1,2026-01,1,19.0,28256474.0,2,11
KH-00527,CÔNG TY CỔ PHẦN THƯƠNG MẠI HOÀ BÌNH,2026,2,2026-02,1,15.0,24583881.0,1,13
KH-00528,CÔNG TY CỔ PHẦN VẠN LỢI,2026,1,2026-01,1,15.0,24083328.0,1,6
KH-00529,CÔNG TY CỔ PHẦN THƯƠNG MẠI THIÊN AN,2026,1,2026-01,1,75.0,120795166.0,2,27
KH-00530,DOANH NGHIỆP TW TÂY BẮC,2026,1,2026-01,1,13.0,21605551.0,1,7
KH-00531,CÔNG TY TNHH THƯƠNG MẠI VẠN LỢI,2026,1,2026-01,1,21.0,37169437.0,1,12
KH-00531,CÔNG TY TNHH THƯƠNG MẠI VẠN LỢI,2026,2,2026-02,1,10.0,18079996.0,3,6
KH-00532,CÔNG TY TNHH THƯƠNG MẠI MẶT TRỜI,2026,1,2026-01,1,15.0,31324993.0,1,7
KH-00533,CÔNG TY TNHH YÊN BÌNH,2026,1,2026-01,1,17.0,29689996.0,1,6
KH-00534,DOANH NGHIỆP TW AN PHÁT,2026,1,2026-01,1,11.0,19952588.0,2,11
KH-00535,CỬA HÀNG XE ĐẠP QUANG VINH,2026,1,2026-01,1,10.0,14576478.0,2,9
KH-00535,CỬA HÀNG XE ĐẠP QUANG VINH,2026,2,2026-02,1,10.0,12614622.0,2,9
KH-00536,CỬA HÀNG XE ĐẠP LONG PHÚ,2026,1,2026-01,1,82.0,135639972.0,2,29
KH-00537,CÔNG TY CỔ PHẦN ĐÔNG NAM,2026,1,2026-01,1,15.0,20135548.0,1,6
KH-00538,HỘ KINH DOANH PHÚC AN,2026,1,2026-01,1,39.0,68250264.0,2,25
KH-00539,CỬA HÀNG XE ĐẠP CHI THÀNH,2026,1,2026-01,1,10.0,17192218.0,1,8
KH-00540,CÔNG TY TNHH NGỌC ANH,2026,1,2026-01,1,1.0,2768519.0,1,1
KH-00541,HỘ KINH DOANH SÁN LẠP,2026,1,2026-01,1,1.0,2361111.0,1,1
KH-00542,CÔNG TY TNHH THƯƠNG MẠI NAM TIẾN,2026,1,2026-01,1,1.0,2361111.0,1,1
KH-00543,CÔNG TY CỔ PHẦN SƠN HÀ,2026,1,2026-01,1,16.0,27082216.0,3,14
KH-00543,CÔNG TY CỔ PHẦN SƠN HÀ,2026,2,2026-02,1,15.0,25347770.0,2,13
KH-00544,DOANH NGHIỆP TW VIỆT ANH,2026,1,2026-01,1,17.0,26793141.0,2,11
KH-00545,CÔNG TY CỔ PHẦN AN PHÁT,2026,1,2026-01,2,24.0,40305546.0,3,16
KH-00545,CÔNG TY CỔ PHẦN AN PHÁT,2026,2,2026-02,1,20.0,39087218.0,3,9
KH-00546,CÔNG TY CỔ PHẦN SÁN LẠP,2026,1,2026-01,1,23.0,40747215.0,1,15
KH-00547,DOANH NGHIỆP TW THANH BÌNH,2026,1,2026-01,1,13.0,20756106.0,1,7
KH-00547,DOANH NGHIỆP TW THANH BÌNH,2026,2,2026-02,1,11.0,17471666.0,1,6
KH-00548,CÔNG TY TNHH KHẢI HOÀN,2026,1,2026-01,1,14.0,22080551.0,1,2
KH-00549,CỬA HÀNG XE ĐẠP TÚ ANH,2026,1,2026-01,1,15.0,24975551.0,2,9
KH-00550,CÔNG TY TNHH ĐÔNG NAM,2026,1,2026-01,1,6.0,7799812.0,1,3
KH-00551,CÔNG TY CỔ PHẦN THƯƠNG MẠI SÁN LẠP,2026,1,2026-01,1,8.0,19988329.0,2,5
KH-00551,CÔNG TY CỔ PHẦN THƯƠNG MẠI SÁN LẠP,2026,2,2026-02,1,46.0,86966648.0,2,20
KH-00552,CỬA HÀNG XE ĐẠP YÊN BÌNH,2026,1,2026-01,1,16.0,21451568.0,2,7
KH-00553,CÔNG TY CỔ PHẦN SƠN HÀ,2026,1,2026-01,2,55.0,97271000.0,3,24
KH-00553,CÔNG TY CỔ PHẦN SƠN HÀ,2026,2,2026-02,5,171.0,281201401.0,4,43
KH-00554,CÔNG TY CỔ PHẦN THƯƠNG MẠI SÁN LẠP,2026,1,2026-01,1,18.0,29284994.0,1,15
KH-00555,CỬA HÀNG XE ĐẠP TRƯỜNG THỊNH,2026,1,2026-01,1,15.0,21375919.0,2,9
KH-00556,DOANH NGHIỆP TW THIÊN AN,2026,1,2026-01,2,15.0,23997772.0,2,6
KH-00556,DOANH NGHIỆP TW THIÊN AN,2026,2,2026-02,3,52.0,69327379.0,4,21
KH-00557,CÔNG TY TNHH THƯƠNG MẠI MINH PHƯƠNG,2026,1,2026-01,1,40.0,68628317.0,2,9
KH-00557,CÔNG TY TNHH THƯƠNG MẠI MINH PHƯƠNG,2026,2,2026-02,3,45.0,78276002.0,3,18
KH-00558,CÔNG TY CỔ PHẦN THƯƠNG MẠI SƠN HÀ,2026,1,2026-01,5,73.0,127875525.0,2,32
KH-00559,CÔNG TY TNHH THƯƠNG MẠI TÂY BẮC,2026,1,2026-01,1,21.0,43414990.0,2,10
KH-00560,CÔNG TY CỔ PHẦN THƯƠNG MẠI NGỌC ANH,2026,1,2026-01,1,36.0,63440545.0,1,12
KH-00561,CÔNG TY TNHH THƯƠNG MẠI VĨNH PHÁT,2026,1,2026-01,1,29.0,47910731.0,2,23
KH-00562,CÔNG TY CỔ PHẦN THƯƠNG MẠI NAM TIẾN,2026,1,2026-01,1,31.0,60958882.0,2,15
KH-00562,CÔNG TY CỔ PHẦN THƯƠNG MẠI NAM TIẾN,2026,2,2026-02,1,20.0,32629620.0,1,6
KH-00563,HỘ KINH DOANH YÊN BÌNH,2026,1,2026-01,1,17.0,28828328.0,2,10
KH-00564,CỬA HÀNG XE ĐẠP SÁN LẠP,2026,1,2026-01,2,58.0,114370533.0,3,26
KH-00564,CỬA HÀNG XE ĐẠP SÁN LẠP,2026,2,2026-02,1,10.0,17994440.0,1,2
KH-00565,CÔNG TY CỔ PHẦN THƯƠNG MẠI KHẢI HOÀN,2026,1,2026-01,1,64.0,98196457.0,2,28
KH-00566,DOANH NGHIỆP TW PHÚ THỊNH,2026,1,2026-01,1,25.0,44172215.0,1,8
KH-00567,CÔNG TY CỔ PHẦN THƯƠNG MẠI SƠN HÀ,2026,1,2026-01,1,16.0,24564438.0,2,9
KH-00568,DOANH NGHIỆP TW NGỌC ANH,2026,1,2026-01,1,26.0,44781656.0,2,8
KH-00568,DOANH NGHIỆP TW NGỌC ANH,2026,2,2026-02,1,46.0,68603868.0,3,17
KH-00569,CÔNG TY TNHH VẠN LỢI,2026,1,2026-01,1,19.0,29326009.0,2,12
KH-00569,CÔNG TY TNHH VẠN LỢI,2026,2,2026-02,1,14.0,16196656.0,2,7
KH-00570,HỘ KINH DOANH TOÀN THẮNG,2026,1,2026-01,2,18.0,26052117.0,3,8
KH-00570,HỘ KINH DOANH TOÀN THẮNG,2026,2,2026-02,1,12.0,19833328.0,1,4
KH-00571,CỬA HÀNG XE ĐẠP THUỶ TIÊN,2026,1,2026-01,1,14.0,23174064.0,3,3
KH-00571,CỬA HÀNG XE ĐẠP THUỶ TIÊN,2026,2,2026-02,1,26.0,37596465.0,2,7
KH-00572,CÔNG TY CỔ PHẦN THƯƠNG MẠI VIỆT ANH,2026,1,2026-01,1,21.0,36044992.0,2,13
KH-00573,DOANH NGHIỆP TW THANH BÌNH,2026,1,2026-01,1,15.0,26717216.0,2,10
KH-00574,CỬA HÀNG XE ĐẠP LONG PHÚ,2026,1,2026-01,1,5.0,34270830.0,0,1
KH-00575,CÔNG TY CỔ PHẦN THƯƠNG MẠI NAM TIẾN,2026,1,2026-01,1,35.0,57141645.0,1,7
KH-00576,DOANH NGHIỆP TW THIÊN AN,2026,1,2026-01,1,16.0,21478325.0,2,6
KH-00577,CÔNG TY CỔ PHẦN THƯƠNG MẠI ĐẠI DƯƠNG,2026,1,2026-01,1,38.0,66969336.0,3,26
KH-00578,DOANH NGHIỆP TW NGỌC ANH,2026,1,2026-01,1,7.0,9833330.0,1,4
KH-00578,DOANH NGHIỆP TW NGỌC ANH,2026,2,2026-02,1,16.0,22569442.0,2,6
KH-00579,CÔNG TY TNHH THƯƠNG MẠI XÂY DỰNG,2026,1,2026-01,1,5.0,34270830.0,0,1
KH-00580,CÔNG TY CỔ PHẦN THƯƠNG MẠI LONG PHÚ,2026,1,2026-01,1,15.0,24779998.0,1,10
KH-00581,DOANH NGHIỆP TW SƠN HÀ,2026,1,2026-01,1,14.0,29371102.0,1,7
KH-00582,HỘ KINH DOANH LONG PHÚ,2026,1,2026-01,1,18.0,29156661.0,2,6
KH-00583,CÔNG TY TNHH THƯƠNG MẠI THANH BÌNH,2026,1,2026-01,1,11.0,16494903.0,2,9
KH-00584,CÔNG TY TNHH CHI THÀNH,2026,1,2026-01,1,39.0,65415539.0,3,33
KH-00584,CÔNG TY TNHH CHI THÀNH,2026,2,2026-02,3,86.0,122534403.0,3,17
KH-00585,CÔNG TY TNHH TÂY BẮC,2026,1,2026-01,1,30.0,44041190.0,2,10
KH-00586,CÔNG TY CỔ PHẦN THƯƠNG MẠI MINH PHƯƠNG,2026,1,2026-01,1,83.0,152828578.0,4,82
KH-00587,DOANH NGHIỆP TW AN PHÁT,2026,1,2026-01,1,10.0,17595552.0,1,4
KH-00588,CÔNG TY CỔ PHẦN TÂY BẮC,2026,1,2026-01,1,17.0,29433330.0,1,7
KH-00588,CÔNG TY CỔ PHẦN TÂY BẮC,2026,2,2026-02,1,16.0,23865548.0,1,7
KH-00589,DOANH NGHIỆP TW KHẢI HOÀN,2026,2,2026-02,1,7.0,16527777.0,1,1
KH-00590,CÔNG TY TNHH TOÀN THẮNG,2026,2,2026-02,1,1.0,2268519.0,1,1
KH-00591,CÔNG TY TNHH THƯƠNG MẠI KHẢI HOÀN,2026,2,2026-02,1,1.0,9157407.0,0,1
KH-00592,CỬA HÀNG XE ĐẠP SÁN LẠP,2026,2,2026-02,1,6.0,14944444.0,1,1
KH-00593,CÔNG TY CỔ PHẦN NGỌC ANH,2026,2,2026-02,2,2.0,5185186.0,1,1
KH-00594,DOANH NGHIỆP TW LONG PHÚ,2026,2,2026-02,2,141.0,171441583.0,3,24
KH-00595,CÔNG TY CỔ PHẦN THƯƠNG MẠI YÊN BÌNH,2026,2,2026-02,1,25.0,34527950.0,3,11
KH-00596,DOANH NGHIỆP TW THUỶ TIÊN,2026,2,2026-02,1,16.0,27434438.0,1,12
KH-00597,CÔNG TY TNHH THƯƠNG MẠI PHÚ THỊNH,2026,2,2026-02,1,36.0,54138131.0,3,22
KH-00598,DOANH NGHIỆP TW SƠN HÀ,2026,2,2026-02,1,20.0,31998692.0,3,12
KH-00599,CÔNG TY CỔ PHẦN XÂY DỰNG,2026,2,2026-02,1,15.0,24137774.0,1,7
KH-00600,CỬA HÀNG XE ĐẠP TOÀN THẮNG,2026,2,2026-02,1,15.0,24913880.0,1,6
KH-00601,HỘ KINH DOANH PHÚ THỊNH,2026,2,2026-02,1,12.0,18164071.0,2,9
KH-00602,CÔNG TY TNHH THƯƠNG MẠI THIÊN AN,2026,2,2026-02,1,22.0,33720915.0,3,17
KH-00603,CÔNG TY CỔ PHẦN QUANG VINH,2026,2,2026-02,1,25.0,40402775.0,1,2
KH-00604,CÔNG TY CỔ PHẦN THƯƠNG MẠI PHÚC AN,2026,2,2026-02,1,15.0,25219441.0,1,12
KH-00605,CÔNG TY CỔ PHẦN VĨNH PHÁT,2026,2,2026-02,12,127.0,197154205.0,4,34
KH-00606,CỬA HÀNG XE ĐẠP BÌNH MINH,2026,2,2026-02,1,10.0,22931385.0,1,8
KH-00607,CÔNG TY TNHH TÚ ANH,2026,2,2026-02,3,46.0,69146654.0,2,15
KH-00608,CÔNG TY TNHH THƯƠNG MẠI TÚ ANH,2026,2,2026-02,2,39.0,70911654.0,2,20
KH-00609,DOANH NGHIỆP TW NGỌC ANH,2026,2,2026-02,2,35.0,47958781.0,3,16
KH-00610,DOANH NGHIỆP TW HÙNG CƯỜNG,2026,2,2026-02,1,15.0,24388144.0,2,11
KH-00611,CÔNG TY TNHH VIỆT ANH,2026,2,2026-02,1,16.0,26627771.0,1,10
KH-00612,DOANH NGHIỆP TW XÂY DỰNG,2026,2,2026-02,1,35.0,52107022.0,3,23
KH-00613,DOANH NGHIỆP TW HÙNG CƯỜNG,2026,2,2026-02,1,12.0,16197214.0,1,3
KH-00614,CỬA HÀNG XE ĐẠP NAM TIẾN,2026,2,2026-02,1,30.0,48134990.0,3,23
KH-00615,CÔNG TY CỔ PHẦN THƯƠNG MẠI QUANG VINH,2026,2,2026-02,1,25.0,45789063.0,3,19
KH-00616,CÔNG TY CỔ PHẦN TRÍ ĐỨC,2026,2,2026-02,1,1.0,2768519.0,1,1
KH-00617,CÔNG TY CỔ PHẦN ĐẠI LỢI,2026,2,2026-02,1,6.0,10000000.0,0,1
KH-00618,HỘ KINH DOANH ĐÔNG NAM,2026,2,2026-02,1,15.0,26313330.0,1,7
KH-00619,CỬA HÀNG XE ĐẠP VĨNH PHÁT,2026,2,2026-02,1,1.0,3231481.0,1,1
KH-00620,CỬA HÀNG XE ĐẠP ĐẠI DƯƠNG,2026,2,2026-02,1,2.0,19236110.0,0,2
KH-00621,CÔNG TY TNHH SƠN HÀ,2026,2,2026-02,1,40.0,59162297.0,2,15
KH-00622,CÔNG TY CỔ PHẦN XUÂN MAI,2026,2,2026-02,1,12.0,22282679.0,2,11
