customer_code,customer_name,province_name,region,segment,tong_dt,so_don,recency,rank_dt,cumul_dt,cumul_pct,pareto_group
KH-00091,CÔNG TY TNHH BÌNH MINH,Hà Nội,Miền Bắc,Champions,4978859631.0,29,2,1,4978859631.0,7.74,Top 50%
KH-00019,CÔNG TY CỔ PHẦN THƯƠNG MẠI LÊ ANH,TP. Hồ Chí Minh,Miền Nam,Champions,3621901755.0,57,5,2,8600761386.0,13.37,Top 50%
KH-00173,DOANH NGHIỆP TW PHÚ THỊNH,Hà Nội,Miền Bắc,Nguy cơ rời bỏ,1582007777.0,21,341,3,10182769163.0,15.83,Top 50%
KH-00030,CỬA HÀNG XE ĐẠP BÌNH MINH,Bắc Giang,Miền Bắc,Loyal,1366346297.0,2,31,4,11549115460.0,17.95,Top 50%
KH-00006,CÔNG TY TNHH CHI THÀNH,TP. Hồ Chí Minh,Miền Nam,Champions,1093917568.0,67,1,5,12643033028.0,19.65,Top 50%
KH-00341,CỬA HÀNG XE ĐẠP VIỆT ANH,Ninh Bình,Miền Bắc,Champions,1019915422.0,5,16,6,13662948450.0,21.24,Top 50%
KH-00023,CÔNG TY TNHH THANH BÌNH,Hà Nội,Miền Bắc,Loyal,792315737.0,6,22,7,14455264187.0,22.47,Top 50%
KH-00076,CỬA HÀNG XE ĐẠP ĐẠI LỢI,Bắc Giang,Miền Bắc,Champions,774919261.0,7,19,8,15230183448.0,23.68,Top 50%
KH-00379,CÔNG TY TNHH MINH PHƯƠNG,Thái Nguyên,Miền Bắc,Champions,726215337.0,4,19,9,15956398785.0,24.8,Top 50%
KH-00134,DOANH NGHIỆP TW PHÚ THỊNH,Quảng Nam,Miền Trung,Champions,706946062.0,8,4,10,16663344847.0,25.9,Top 50%
KH-00366,HỘ KINH DOANH THIÊN AN,Nghệ An,Miền Trung,Champions,613513212.0,6,17,11,17276858059.0,26.86,Top 50%
KH-00007,CÔNG TY TNHH THƯƠNG MẠI ĐẠI LỢI,Lê Hoàn - Thị trấn Thọ Xuân - Huyện Thọ Xuân - Thanh Hoá,Miền Bắc,Loyal,606456878.0,7,32,12,17883314937.0,27.8,Top 50%
KH-00372,CÔNG TY CỔ PHẦN THƯƠNG MẠI MẶT TRỜI,Thanh Hóa,Miền Trung,Champions,605388748.0,4,2,13,18488703685.0,28.74,Top 50%
KH-00024,CÔNG TY TNHH MINH PHƯƠNG,Ninh Bình,Miền Bắc,Champions,597440112.0,11,3,14,19086143797.0,29.67,Top 50%
KH-00338,CÔNG TY TNHH THƯƠNG MẠI ĐẠI LỢI,Hà Nội,Miền Bắc,Champions,595704823.0,14,2,15,19681848620.0,30.6,Top 50%
KH-00057,CÔNG TY CỔ PHẦN THƯƠNG MẠI TOÀN THẮNG,Nam Định,Miền Bắc,Nguy cơ rời bỏ,563575152.0,5,337,16,20245423772.0,31.47,Top 50%
KH-00065,CÔNG TY CỔ PHẦN QUANG VINH,Hà Nội,Miền Bắc,Nguy cơ rời bỏ,550630000.0,8,341,17,20796053772.0,32.33,Top 50%
KH-00147,CÔNG TY TNHH PHÚ THỊNH,Hà Nội,Miền Bắc,Champions,466724370.0,8,5,18,21262778142.0,33.05,Top 50%
KH-00217,DOANH NGHIỆP TW ĐẠI DƯƠNG,Thái Bình,Miền Bắc,Champions,428521619.0,8,5,19,21691299761.0,33.72,Top 50%
KH-00463,CÔNG TY TNHH THƯƠNG MẠI YÊN BÌNH,Hà Nội,Miền Bắc,Champions,420589919.0,5,16,20,22111889680.0,34.37,Top 50%
KH-00415,DOANH NGHIỆP TW KHẢI HOÀN,Thanh Hóa,Miền Trung,Champions,408331186.0,5,3,21,22520220866.0,35.01,Top 50%
KH-00553,CÔNG TY CỔ PHẦN SƠN HÀ,Hà Nội,Miền Bắc,Champions,378472401.0,7,2,22,22898693267.0,35.6,Top 50%
KH-00349,HỘ KINH DOANH TRƯỜNG THỊNH,Hà Nội,Miền Bắc,Champions,370238430.0,5,3,23,23268931697.0,36.17,Top 50%
KH-00402,CÔNG TY CỔ PHẦN ĐẠI LỢI,Hà Nội,Miền Bắc,Champions,369750882.0,6,5,24,23638682579.0,36.75,Top 50%
KH-00342,HỘ KINH DOANH VĨNH PHÁT,Hà Nội,Miền Bắc,Champions,368069456.0,5,3,25,24006752035.0,37.32,Top 50%
KH-00364,DOANH NGHIỆP TW XUÂN MAI,TP Hải Phòng,Miền Bắc,Champions,367860667.0,4,2,26,24374612702.0,37.89,Top 50%
KH-00075,CÔNG TY CỔ PHẦN ĐÔNG NAM,Hà Nội,Miền Bắc,Có tiềm năng,367627614.0,7,34,27,24742240316.0,38.46,Top 50%
KH-00064,CÔNG TY TNHH SƠN HÀ,Khu 6 – TT Gia Lộc – Huyện Gia Lộc – Hải Dương,Miền Bắc,Nguy cơ rời bỏ,363062500.0,6,338,28,25105302816.0,39.03,Top 50%
KH-00169,CÔNG TY TNHH THƯƠNG MẠI VĨNH PHÁT,Ninh Bình,Miền Bắc,Champions,361208822.0,5,16,29,25466511638.0,39.59,Top 50%
KH-00172,CỬA HÀNG XE ĐẠP XÂY DỰNG,Đường Trang Quan - Xã An Đồng - Huyện An Dương - Hải Phòng.,Miền Bắc,Champions,352444443.0,3,1,30,25818956081.0,40.14,Top 50%
KH-00359,CÔNG TY CỔ PHẦN VẠN LỢI,Hà Nội,Miền Bắc,Champions,343228527.0,8,2,31,26162184608.0,40.67,Top 50%
KH-00132,CÔNG TY TNHH THƯƠNG MẠI HOÀ BÌNH,Nghệ An,Miền Trung,Nguy cơ rời bỏ,341650000.0,4,338,32,26503834608.0,41.2,Top 50%
KH-00387,CÔNG TY CỔ PHẦN THANH BÌNH,Bắc Ninh,Miền Bắc,Champions,337372776.0,2,19,33,26841207384.0,41.73,Top 50%
KH-00181,CÔNG TY TNHH LONG PHÚ,Thừa Thiên Huế,Miền Trung,Loyal,331016209.0,3,20,34,27172223593.0,42.24,Top 50%
KH-00088,CỬA HÀNG XE ĐẠP SÁN LẠP,Nghệ An,Miền Trung,Champions,329280658.0,7,3,35,27501504251.0,42.75,Top 50%
KH-00010,CỬA HÀNG XE ĐẠP QUANG VINH,Thái Nguyên,Miền Bắc,Loyal,320339548.0,7,22,36,27821843799.0,43.25,Top 50%
KH-00098,HỘ KINH DOANH MẶT TRỜI,Nghệ An,Miền Trung,Không thể mất,302480000.0,3,348,37,28124323799.0,43.72,Top 50%
KH-00078,HỘ KINH DOANH VĨNH PHÁT,Hà Nội,Miền Bắc,Loyal,301886045.0,17,29,38,28426209844.0,44.19,Top 50%
KH-00386,CÔNG TY TNHH THƯƠNG MẠI KHẢI HOÀN,Hà Nam,Miền Bắc,Champions,298647705.0,4,16,39,28724857549.0,44.65,Top 50%
KH-00040,CÔNG TY TNHH VẠN LỢI,Vinh,Miền Bắc,Nguy cơ rời bỏ,293400000.0,3,337,40,29018257549.0,45.11,Top 50%
KH-00046,CÔNG TY CỔ PHẦN THƯƠNG MẠI MẶT TRỜI,Đồng Hới,Miền Bắc,Champions,292164832.0,3,17,41,29310422381.0,45.56,Top 50%
KH-00491,CÔNG TY TNHH PHÚC AN,Vinh,Miền Bắc,Loyal,283026601.0,2,32,42,29593448982.0,46.0,Top 50%
KH-00374,CÔNG TY CỔ PHẦN XÂY DỰNG,Hưng Yên,Miền Bắc,Champions,273669448.0,5,2,43,29867118430.0,46.43,Top 50%
KH-00018,CÔNG TY TNHH THƯƠNG MẠI PHÚ THỊNH,Hà Nội,Miền Bắc,Champions,270234859.0,6,17,44,30137353289.0,46.85,Top 50%
KH-00157,CÔNG TY TNHH THƯƠNG MẠI LONG PHÚ,Hà Nội,Miền Bắc,Champions,252138899.0,52,1,45,30389492188.0,47.24,Top 50%
KH-00423,DOANH NGHIỆP TW THIÊN AN,Bắc Giang,Miền Bắc,Champions,248468641.0,5,2,46,30637960829.0,47.63,Top 50%
KH-00334,HỘ KINH DOANH YÊN BÌNH,Hà Nội,Miền Bắc,Có tiềm năng,244805554.0,2,54,47,30882766383.0,48.01,Top 50%
KH-00193,CÔNG TY TNHH TÚ ANH,Đường Nguyễn Trải - P Ba Đình TP Thanh Hoá,Miền Bắc,Có tiềm năng,244765884.0,4,335,48,31127532267.0,48.39,Top 50%
KH-00219,CÔNG TY CỔ PHẦN THƯƠNG MẠI PHÚ THỊNH,Ninh Bình,Miền Bắc,Loyal,239920519.0,5,23,49,31367452786.0,48.76,Top 50%
KH-00277,CÔNG TY CỔ PHẦN THƯƠNG MẠI VĨNH PHÁT,Vinh,Miền Bắc,Nguy cơ rời bỏ,232490000.0,2,341,50,31599942786.0,49.12,Top 50%
KH-00194,CỬA HÀNG XE ĐẠP SÁN LẠP,Hà Nội,Miền Bắc,Champions,227427256.0,3,17,51,31827370042.0,49.48,Top 50%
KH-00426,CÔNG TY CỔ PHẦN THƯƠNG MẠI THIÊN AN,Thái Nguyên,Miền Bắc,Champions,227020711.0,3,2,52,32054390753.0,49.83,Top 50%
KH-00453,CÔNG TY TNHH YÊN BÌNH,Ninh Bình,Miền Bắc,Champions,226995509.0,4,3,53,32281386262.0,50.18,50-80%
KH-00104,DOANH NGHIỆP TW THUỶ TIÊN,Thanh Hóa,Miền Trung,Nguy cơ rời bỏ,226215286.0,3,341,54,32507601548.0,50.53,50-80%
KH-00027,HỘ KINH DOANH ĐẠI DƯƠNG,Hà Nội,Miền Bắc,Loyal,222053507.0,10,25,55,32729655055.0,50.88,50-80%
KH-00039,CÔNG TY CỔ PHẦN ĐÔNG NAM,Phú Quốc,Miền Bắc,Trung bình,214953705.0,2,40,56,32944608760.0,51.21,50-80%
KH-00067,DOANH NGHIỆP TW NGỌC ANH,Hà Nội,Miền Bắc,Có tiềm năng,213946302.0,9,335,57,33158555062.0,51.55,50-80%
KH-00079,CÔNG TY TNHH ĐÔNG NAM,Bắc Giang,Miền Bắc,Champions,212673064.0,6,18,58,33371228126.0,51.88,50-80%
KH-00404,HỘ KINH DOANH PHÚ THỊNH,Thanh Hóa,Miền Trung,Champions,211169406.0,5,2,59,33582397532.0,52.2,50-80%
KH-00488,CÔNG TY TNHH TRƯỜNG THỊNH,Ninh Bình,Miền Bắc,Champions,203177562.0,5,2,60,33785575094.0,52.52,50-80%
KH-00377,DOANH NGHIỆP TW PHÚ THỊNH,Hà Nội,Miền Bắc,Champions,202712911.0,3,17,61,33988288005.0,52.84,50-80%
KH-00042,HỘ KINH DOANH MẶT TRỜI,Hà Nội,Miền Bắc,Champions,200660317.0,8,17,62,34188948322.0,53.15,50-80%
KH-00385,CÔNG TY CỔ PHẦN THƯƠNG MẠI THIÊN AN,Hải Dương,Miền Bắc,Champions,200372170.0,4,2,63,34389320492.0,53.46,50-80%
KH-00097,CÔNG TY TNHH XUÂN MAI,Hà Nội,Miền Bắc,Có tiềm năng,199350113.0,8,335,64,34588670605.0,53.77,50-80%
KH-00605,CÔNG TY CỔ PHẦN VĨNH PHÁT,TP Hải Phòng,Miền Bắc,Champions,197154205.0,12,5,65,34785824810.0,54.08,50-80%
KH-00133,DOANH NGHIỆP TW YÊN BÌNH,Thanh Hoá,Miền Trung,Champions,193706159.0,7,2,66,34979530969.0,54.38,50-80%
KH-00130,CÔNG TY CỔ PHẦN THƯƠNG MẠI THUỶ TIÊN,Thanh Hoá,Miền Trung,Có tiềm năng,191180000.0,5,335,67,35170710969.0,54.67,50-80%
KH-00360,CÔNG TY TNHH THƯƠNG MẠI LONG PHÚ,Thanh Hóa,Miền Trung,Có tiềm năng,191129200.0,2,36,68,35361840169.0,54.97,50-80%
KH-00487,DOANH NGHIỆP TW TRƯỜNG THỊNH,Bắc Ninh,Miền Bắc,Champions,188365334.0,3,16,69,35550205503.0,55.26,50-80%
KH-00584,CÔNG TY TNHH CHI THÀNH,Hà Nội,Miền Bắc,Champions,187949942.0,4,2,70,35738155445.0,55.56,50-80%
KH-00022,CÔNG TY CỔ PHẦN VIỆT ANH,Hà Nội,Miền Bắc,Loyal,187130528.0,17,32,71,35925285973.0,55.85,50-80%
KH-00161,CÔNG TY TNHH THIÊN AN,Hà Nội,Miền Bắc,Nguy cơ rời bỏ,182845338.0,3,339,72,36108131311.0,56.13,50-80%
KH-00180,CÔNG TY TNHH THƯƠNG MẠI VẠN LỢI,Thanh Hoá,Miền Trung,Champions,182675520.0,4,3,73,36290806831.0,56.42,50-80%
KH-00458,HỘ KINH DOANH VẠN LỢI,Hà Tĩnh,Miền Trung,Champions,182444860.0,3,5,74,36473251691.0,56.7,50-80%
KH-00350,CÔNG TY TNHH BÌNH MINH,Hà Nội,Miền Bắc,Champions,180163850.0,3,16,75,36653415541.0,56.98,50-80%
KH-00414,HỘ KINH DOANH ĐẠI LỢI,Hà Nội,Miền Bắc,Champions,179998377.0,4,17,76,36833413918.0,57.26,50-80%
KH-00594,DOANH NGHIỆP TW LONG PHÚ,Nghệ An,Miền Trung,Loyal,171441583.0,2,25,77,37004855501.0,57.53,50-80%
KH-00380,DOANH NGHIỆP TW HÙNG CƯỜNG,Ninh Bình,Miền Bắc,Champions,171279116.0,5,3,78,37176134617.0,57.79,50-80%
KH-00198,CÔNG TY TNHH TRÍ ĐỨC,Hà Nội,Miền Bắc,Nguy cơ rời bỏ,161705220.0,4,341,79,37337839837.0,58.04,50-80%
KH-00383,HỘ KINH DOANH VẠN LỢI,Ninh Bình,Miền Bắc,Champions,159137735.0,3,17,80,37496977572.0,58.29,50-80%
KH-00014,HỘ KINH DOANH LONG PHÚ,Bắc Ninh,Miền Bắc,Có tiềm năng,158743324.0,4,41,81,37655720896.0,58.54,50-80%
KH-00343,CÔNG TY CỔ PHẦN THƯƠNG MẠI THUỶ TIÊN,Thanh Hóa,Miền Trung,Champions,157208843.0,2,16,82,37812929739.0,58.78,50-80%
KH-00519,CÔNG TY CỔ PHẦN XUÂN MAI,Hưng Yên,Miền Bắc,Champions,155462755.0,3,2,83,37968392494.0,59.02,50-80%
KH-00428,CỬA HÀNG XE ĐẠP NAM TIẾN,Quảng Ninh,Miền Bắc,Champions,155356897.0,2,5,84,38123749391.0,59.26,50-80%
KH-00168,DOANH NGHIỆP TW ĐẠI LỢI,Hà Nội,Miền Bắc,Loyal,155338390.0,4,25,85,38279087781.0,59.51,50-80%
KH-00586,CÔNG TY CỔ PHẦN THƯƠNG MẠI MINH PHƯƠNG,Phú Thọ,Miền Bắc,Loyal,152828578.0,1,29,86,38431916359.0,59.74,50-80%
KH-00256,CÔNG TY TNHH XUÂN MAI,Hà Nội,Miền Bắc,Có tiềm năng,151660000.0,6,335,87,38583576359.0,59.98,50-80%
KH-00557,CÔNG TY TNHH THƯƠNG MẠI MINH PHƯƠNG,Hà Nội,Miền Bắc,Champions,146904319.0,4,2,88,38730480678.0,60.21,50-80%
KH-00419,DOANH NGHIỆP TW ĐẠI DƯƠNG,Hà Nội,Miền Bắc,Loyal,146841073.0,3,25,89,38877321751.0,60.44,50-80%
KH-00197,CÔNG TY TNHH THƯƠNG MẠI MINH PHƯƠNG,Hà Nội,Miền Bắc,Nguy cơ rời bỏ,143952962.0,2,345,90,39021274713.0,60.66,50-80%
KH-00410,CỬA HÀNG XE ĐẠP NAM TIẾN,Nghệ An,Miền Trung,Có tiềm năng,142988859.0,2,36,91,39164263572.0,60.88,50-80%
KH-00167,CÔNG TY CỔ PHẦN THƯƠNG MẠI LÊ ANH,Hà Nội,Miền Bắc,Champions,142484618.0,5,16,92,39306748190.0,61.1,50-80%
KH-00083,CÔNG TY CỔ PHẦN THƯƠNG MẠI THANH BÌNH,Hưng Yên,Miền Bắc,Ngủ đông,141400000.0,2,347,93,39448148190.0,61.32,50-80%
KH-00155,DOANH NGHIỆP TW HÙNG CƯỜNG,Hà Nội,Miền Bắc,Nguy cơ rời bỏ,140009520.0,4,338,94,39588157710.0,61.54,50-80%
KH-00089,HỘ KINH DOANH TOÀN THẮNG,Nghệ A,Miền Bắc,Đã mất,138392643.0,1,380,95,39726550353.0,61.76,50-80%
KH-00536,CỬA HÀNG XE ĐẠP LONG PHÚ,Hà Nội,Miền Bắc,Loyal,135639972.0,1,32,96,39862190325.0,61.97,50-80%
KH-00564,CỬA HÀNG XE ĐẠP SÁN LẠP,Thái Bình,Miền Bắc,Loyal,132364973.0,3,24,97,39994555298.0,62.17,50-80%
KH-00264,DOANH NGHIỆP TW NGỌC ANH,Thanh Hoá,Miền Trung,Nguy cơ rời bỏ,131871676.0,3,341,98,40126426974.0,62.38,50-80%
KH-00505,CÔNG TY CỔ PHẦN TÚ ANH,Nghệ An,Miền Trung,Champions,130865894.0,3,2,99,40257292868.0,62.58,50-80%
KH-00151,CÔNG TY TNHH LÊ ANH,Hà Tĩnh,Miền Trung,Ngủ đông,130261924.0,2,346,100,40387554792.0,62.78,50-80%
KH-00382,CÔNG TY TNHH LÊ ANH,Ninh Bình,Miền Bắc,Champions,130206084.0,4,5,101,40517760876.0,62.99,50-80%
KH-00408,CÔNG TY CỔ PHẦN MINH PHƯƠNG,Thanh Hóa,Miền Trung,Loyal,129384237.0,3,23,102,40647145113.0,63.19,50-80%
KH-00484,CÔNG TY CỔ PHẦN THƯƠNG MẠI HOÀ BÌNH,Bắc Ninh,Miền Bắc,Champions,128189783.0,2,3,103,40775334896.0,63.39,50-80%
KH-00558,CÔNG TY CỔ PHẦN THƯƠNG MẠI SƠN HÀ,Hà Nội,Miền Bắc,Loyal,127875525.0,5,29,104,40903210421.0,63.59,50-80%
KH-00247,HỘ KINH DOANH NGỌC ANH,Hưng Yên,Miền Bắc,Trung bình,126890000.0,1,344,105,41030100421.0,63.78,50-80%
KH-00477,CỬA HÀNG XE ĐẠP ĐẠI LỢI,Hà Nội,Miền Bắc,Champions,126257935.0,2,3,106,41156358356.0,63.98,50-80%
KH-00444,CÔNG TY TNHH THƯƠNG MẠI SÁN LẠP,Hà Nội,Miền Bắc,Champions,125997747.0,2,2,107,41282356103.0,64.17,50-80%
KH-00469,CỬA HÀNG XE ĐẠP HOÀ BÌNH,Nghệ An,Miền Trung,Champions,125293492.0,2,2,108,41407649595.0,64.37,50-80%
KH-00049,CÔNG TY CỔ PHẦN THUỶ TIÊN,Bắc Ninh,Miền Bắc,Champions,125206740.0,5,3,109,41532856335.0,64.56,50-80%
KH-00466,HỘ KINH DOANH HÙNG CƯỜNG,Quảng Ninh,Miền Bắc,Champions,124908761.0,2,5,110,41657765096.0,64.76,50-80%
KH-00020,DOANH NGHIỆP TW TRƯỜNG THỊNH,Hà Nội,Miền Bắc,Đã mất,124583332.0,1,414,111,41782348428.0,64.95,50-80%
KH-00139,HỘ KINH DOANH YÊN BÌNH,Hà Nội,Miền Bắc,Có tiềm năng,124298146.0,3,335,112,41906646574.0,65.15,50-80%
KH-00390,HỘ KINH DOANH ĐẠI LỢI,Hà Nội,Miền Bắc,Champions,123865987.0,2,16,113,42030512561.0,65.34,50-80%
KH-00208,CỬA HÀNG XE ĐẠP TÂY BẮC,Hà Nội,Miền Bắc,Nguy cơ rời bỏ,121615286.0,5,341,114,42152127847.0,65.53,50-80%
KH-00441,CỬA HÀNG XE ĐẠP NGỌC ANH,Hà Tĩnh,Miền Trung,Champions,121261822.0,3,2,115,42273389669.0,65.72,50-80%
KH-00425,CỬA HÀNG XE ĐẠP MINH PHƯƠNG,Thanh Hóa,Miền Trung,Loyal,121008860.0,2,24,116,42394398529.0,65.9,50-80%
KH-00529,CÔNG TY CỔ PHẦN THƯƠNG MẠI THIÊN AN,Nghệ An,Miền Trung,Trung bình,120795166.0,1,32,117,42515193695.0,66.09,50-80%
KH-00353,CỬA HÀNG XE ĐẠP THANH BÌNH,Hà Nội,Miền Bắc,Champions,120052383.0,4,3,118,42635246078.0,66.28,50-80%
KH-00062,CÔNG TY CỔ PHẦN YÊN BÌNH,Lạng Sơn,Miền Bắc,Trung bình,119540000.0,2,335,119,42754786078.0,66.46,50-80%
KH-00396,CÔNG TY CỔ PHẦN VIỆT ANH,Bắc Ninh,Miền Bắc,Champions,119042822.0,2,16,120,42873828900.0,66.65,50-80%
KH-00251,HỘ KINH DOANH KHẢI HOÀN,Hưng Yên,Miền Bắc,Nguy cơ rời bỏ,119020000.0,3,338,121,42992848900.0,66.83,50-80%
KH-00476,CÔNG TY CỔ PHẦN THƯƠNG MẠI MẶT TRỜI,Hưng Yên,Miền Bắc,Champions,118397370.0,3,5,122,43111246270.0,67.02,50-80%
KH-00357,CÔNG TY TNHH THƯƠNG MẠI THANH BÌNH,Sầm Sơn,Miền Bắc,Champions,117056538.0,3,3,123,43228302808.0,67.2,50-80%
KH-00420,CÔNG TY CỔ PHẦN QUANG VINH,Đà Nẵng,Miền Trung,Loyal,116915536.0,3,20,124,43345218344.0,67.38,50-80%
KH-00265,CÔNG TY TNHH THƯƠNG MẠI PHÚC AN,phố số 6 - Thị trấn Diêm Điền - Huyện Thái Thụy - Thái Bình.,Miền Bắc,Nguy cơ rời bỏ,115376430.0,2,341,125,43460594774.0,67.56,50-80%
KH-00495,CÔNG TY CỔ PHẦN THƯƠNG MẠI HOÀ BÌNH,Hà Nội,Miền Bắc,Champions,113821086.0,3,2,126,43574415860.0,67.74,50-80%
KH-00568,DOANH NGHIỆP TW NGỌC ANH,TP Hải Phòng,Miền Bắc,Champions,113385524.0,2,5,127,43687801384.0,67.91,50-80%
KH-00483,HỘ KINH DOANH VẠN LỢI,Bắc Ninh,Miền Bắc,Champions,113284416.0,2,2,128,43801085800.0,68.09,50-80%
KH-00093,CÔNG TY CỔ PHẦN PHÚC AN,Hà Nội,Miền Bắc,Nguy cơ rời bỏ,112430000.0,4,341,129,43913515800.0,68.26,50-80%
KH-00403,CÔNG TY CỔ PHẦN THƯƠNG MẠI LONG PHÚ,Thanh Hóa,Miền Trung,Champions,112403036.0,2,3,130,44025918836.0,68.44,50-80%
KH-00427,CÔNG TY CỔ PHẦN THƯƠNG MẠI TÚ ANH,Hà Nội,Miền Bắc,Trung bình,110648148.0,1,36,131,44136566984.0,68.61,50-80%
KH-00086,CÔNG TY TNHH NGỌC ANH,Hà Nội,Miền Bắc,Nguy cơ rời bỏ,110019361.0,3,342,132,44246586345.0,68.78,50-80%
KH-00363,HỘ KINH DOANH ĐẠI LỢI,Hải Phòng,Miền Bắc,Loyal,109147287.0,3,32,133,44355733632.0,68.95,50-80%
KH-00141,CÔNG TY CỔ PHẦN THƯƠNG MẠI TÂN TIẾN,Hải Phòng,Miền Bắc,Đã mất,108820000.0,1,372,134,44464553632.0,69.12,50-80%
KH-00231,CÔNG TY CỔ PHẦN THANH BÌNH,Hưng Yên,Miền Bắc,Nguy cơ rời bỏ,107772500.0,3,339,135,44572326132.0,69.29,50-80%
KH-00347,CÔNG TY TNHH THƯƠNG MẠI VẠN LỢI,Vĩnh Phúc,Miền Bắc,Champions,107256459.0,3,3,136,44679582591.0,69.46,50-80%
KH-00551,CÔNG TY CỔ PHẦN THƯƠNG MẠI SÁN LẠP,Phú Thọ,Miền Bắc,Loyal,106954977.0,2,25,137,44786537568.0,69.62,50-80%
KH-00038,DOANH NGHIỆP TW TÂN TIẾN,Thái Nguyên,Miền Bắc,Ngủ đông,106679035.0,2,373,138,44893216603.0,69.79,50-80%
KH-00486,CÔNG TY TNHH VẠN LỢI,Bắc Ninh,Miền Bắc,Champions,106184231.0,2,17,139,44999400834.0,69.95,50-80%
KH-00126,HỘ KINH DOANH HOÀ BÌNH,Thanh Hoá,Miền Trung,Nguy cơ rời bỏ,106170000.0,3,342,140,45105570834.0,70.12,50-80%
KH-00497,CÔNG TY TNHH THƯƠNG MẠI QUANG VINH,Hưng Yên,Miền Bắc,Champions,105593859.0,3,19,141,45211164693.0,70.28,50-80%
KH-00207,CỬA HÀNG XE ĐẠP VẠN LỢI,Bắc Giang,Miền Bắc,Nguy cơ rời bỏ,101357296.0,3,337,142,45312521989.0,70.44,50-80%
KH-00393,CÔNG TY TNHH THƯƠNG MẠI SƠN HÀ,Thanh Hóa,Miền Trung,Loyal,101101636.0,2,32,143,45413623625.0,70.6,50-80%
KH-00447,CÔNG TY TNHH THƯƠNG MẠI KHẢI HOÀN,Hà Nội,Miền Bắc,Champions,100676644.0,3,3,144,45514300269.0,70.75,50-80%
KH-00248,CÔNG TY CỔ PHẦN THƯƠNG MẠI ĐẠI DƯƠNG,Nghệ An,Miền Trung,Nguy cơ rời bỏ,100482859.0,2,338,145,45614783128.0,70.91,50-80%
KH-00405,CÔNG TY CỔ PHẦN THƯƠNG MẠI QUANG VINH,Thanh Hóa,Miền Trung,Trung bình,100248865.0,1,38,146,45715031993.0,71.07,50-80%
KH-00489,CÔNG TY CỔ PHẦN ĐÔNG NAM,Phủ Lý,Miền Bắc,Champions,100172198.0,3,2,147,45815204191.0,71.22,50-80%
KH-00212,CỬA HÀNG XE ĐẠP TÂY BẮC,Hà Nội,Miền Bắc,Nguy cơ rời bỏ,99322643.0,4,344,148,45914526834.0,71.38,50-80%
KH-00140,CÔNG TY TNHH XÂY DỰNG,Hải Dương,Miền Bắc,Nguy cơ rời bỏ,98910000.0,3,345,149,46013436834.0,71.53,50-80%
KH-00565,CÔNG TY CỔ PHẦN THƯƠNG MẠI KHẢI HOÀN,Hải Phòng,Miền Bắc,Loyal,98196457.0,1,30,150,46111633291.0,71.68,50-80%
KH-00513,CÔNG TY CỔ PHẦN THƯƠNG MẠI ĐÔNG NAM,Hà Nội,Miền Bắc,Champions,98181923.0,3,19,151,46209815214.0,71.83,50-80%
KH-00356,CÔNG TY TNHH THƯƠNG MẠI QUANG VINH,Thanh Hóa,Miền Trung,Loyal,96440808.0,2,32,152,46306256022.0,71.98,50-80%
KH-00499,CÔNG TY CỔ PHẦN THƯƠNG MẠI TÚ ANH,Hưng Yên,Miền Bắc,Trung bình,96427756.0,1,33,153,46402683778.0,72.13,50-80%
KH-00298,CÔNG TY CỔ PHẦN THƯƠNG MẠI ĐÔNG NAM,Hà Nội,Miền Bắc,Nguy cơ rời bỏ,96307574.0,2,338,154,46498991352.0,72.28,50-80%
KH-00250,DOANH NGHIỆP TW XUÂN MAI,Hà Nội,Miền Bắc,Có tiềm năng,95971481.0,4,335,155,46594962833.0,72.43,50-80%
KH-00521,CỬA HÀNG XE ĐẠP KHẢI HOÀN,Ninh Bình,Miền Bắc,Champions,94796087.0,2,17,156,46689758920.0,72.58,50-80%
KH-00016,DOANH NGHIỆP TW VIỆT ANH,Quảng Trị,Miền Trung,Nguy cơ rời bỏ,93910000.0,4,340,157,46783668920.0,72.73,50-80%
KH-00562,CÔNG TY CỔ PHẦN THƯƠNG MẠI NAM TIẾN,Hà Nội,Miền Bắc,Loyal,93588502.0,2,25,158,46877257422.0,72.87,50-80%
KH-00556,DOANH NGHIỆP TW THIÊN AN,Hà Nội,Miền Bắc,Champions,93325151.0,5,2,159,46970582573.0,73.02,50-80%
KH-00461,CÔNG TY TNHH THUỶ TIÊN,Hải Dương,Miền Bắc,Loyal,90740740.0,2,23,160,47061323313.0,73.16,50-80%
KH-00407,DOANH NGHIỆP TW LONG PHÚ,Đà Nẵng,Miền Trung,Champions,90396643.0,3,19,161,47151719956.0,73.3,50-80%
KH-00503,DOANH NGHIỆP TW PHÚ THỊNH,Hà Nội,Miền Bắc,Champions,89774988.0,2,3,162,47241494944.0,73.44,50-80%
KH-00152,HỘ KINH DOANH TRÍ ĐỨC,Nghệ An,Miền Trung,Có tiềm năng,89045116.0,3,335,163,47330540060.0,73.58,50-80%
KH-00009,CỬA HÀNG XE ĐẠP THIÊN AN,Hà Nội,Miền Bắc,Loyal,88888888.0,2,20,164,47419428948.0,73.71,50-80%
KH-00241,HỘ KINH DOANH PHÚ THỊNH,Thái Nguyên,Miền Bắc,Nguy cơ rời bỏ,88600000.0,2,341,165,47508028948.0,73.85,50-80%
KH-00106,CÔNG TY TNHH THƯƠNG MẠI TOÀN THẮNG,Thanh Hóa,Miền Trung,Đã mất,88360000.0,1,375,166,47596388948.0,73.99,50-80%
KH-00352,CỬA HÀNG XE ĐẠP LONG PHÚ,Quảng Ninh,Miền Bắc,Trung bình,88007574.0,1,48,167,47684396522.0,74.13,50-80%
KH-00397,CÔNG TY CỔ PHẦN THUỶ TIÊN,Lào Cai,Miền Bắc,Champions,87726720.0,4,5,168,47772123242.0,74.26,50-80%
KH-00235,CÔNG TY CỔ PHẦN THƯƠNG MẠI CHI THÀNH,Nam Định,Miền Bắc,Nguy cơ rời bỏ,87420000.0,2,345,169,47859543242.0,74.4,50-80%
KH-00100,CỬA HÀNG XE ĐẠP ĐẠI LỢI,Hà Nội,Miền Bắc,Nguy cơ rời bỏ,87295102.0,3,344,170,47946838344.0,74.53,50-80%
KH-00288,CÔNG TY TNHH THƯƠNG MẠI TOÀN THẮNG,Nghệ An,Miền Trung,Loyal,87212952.0,4,24,171,48034051296.0,74.67,50-80%
KH-00021,HỘ KINH DOANH XÂY DỰNG,Hà Nội,Miền Bắc,Đã mất,87037037.0,1,414,172,48121088333.0,74.81,50-80%
KH-00267,CÔNG TY CỔ PHẦN HÙNG CƯỜNG,Nam Định,Miền Bắc,Nguy cơ rời bỏ,85460000.0,2,341,173,48206548333.0,74.94,50-80%
KH-00225,CÔNG TY TNHH TÂY BẮC,Hà Nam,Miền Bắc,Nguy cơ rời bỏ,84160000.0,2,338,174,48290708333.0,75.07,50-80%
KH-00266,CỬA HÀNG XE ĐẠP TÂN TIẾN,Nam Định,Miền Bắc,Trung bình,83590000.0,1,342,175,48374298333.0,75.2,50-80%
KH-00492,HỘ KINH DOANH ĐÔNG NAM,Thanh Hóa,Miền Trung,Loyal,83486647.0,2,25,176,48457784980.0,75.33,50-80%
KH-00107,CÔNG TY TNHH LONG PHÚ,Bắc Ninh,Miền Bắc,Nguy cơ rời bỏ,82830000.0,3,338,177,48540614980.0,75.46,50-80%
KH-00148,HỘ KINH DOANH THUỶ TIÊN,Hải Dươn,Miền Bắc,Nguy cơ rời bỏ,82782643.0,4,339,178,48623397623.0,75.59,50-80%
KH-00163,HỘ KINH DOANH XUÂN MAI,Hà Nội,Miền Bắc,Có tiềm năng,82695483.0,4,335,179,48706093106.0,75.72,50-80%
KH-00406,CÔNG TY CỔ PHẦN THƯƠNG MẠI LONG PHÚ,Hưng Yên,Miền Bắc,Trung bình,82642778.0,1,38,180,48788735884.0,75.84,50-80%
KH-00436,CÔNG TY TNHH XÂY DỰNG,Hưng Yên,Miền Bắc,Champions,82538029.0,2,19,181,48871273913.0,75.97,50-80%
KH-00455,CÔNG TY TNHH THƯƠNG MẠI ĐẠI LỢI,Hà Tĩnh,Miền Trung,Trung bình,82253317.0,1,36,182,48953527230.0,76.1,50-80%
KH-00214,DOANH NGHIỆP TW QUANG VINH,Hải Dương,Miền Bắc,Nguy cơ rời bỏ,81983500.0,2,341,183,49035510730.0,76.23,50-80%
KH-00369,CÔNG TY TNHH VẠN LỢI,Hà Nội,Miền Bắc,Champions,81778027.0,3,17,184,49117288757.0,76.35,50-80%
KH-00457,CÔNG TY TNHH THƯƠNG MẠI VIỆT ANH,Thanh Hóa,Miền Trung,Champions,81697936.0,2,16,185,49198986693.0,76.48,50-80%
KH-00452,CÔNG TY CỔ PHẦN THƯƠNG MẠI BÌNH MINH,Thanh Hóa,Miền Trung,Loyal,81243320.0,2,20,186,49280230013.0,76.61,50-80%
KH-00109,CÔNG TY CỔ PHẦN VẠN LỢI,Hà Nội,Miền Bắc,Có tiềm năng,80790000.0,3,335,187,49361020013.0,76.73,50-80%
KH-00154,DOANH NGHIỆP TW VĨNH PHÁT,Hà Tĩnh,Miền Trung,Có tiềm năng,80000000.0,3,335,188,49441020013.0,76.86,50-80%
KH-00545,CÔNG TY CỔ PHẦN AN PHÁT,Phú Thọ,Miền Bắc,Champions,79392764.0,3,5,189,49520412777.0,76.98,50-80%
KH-00514,CỬA HÀNG XE ĐẠP HÙNG CƯỜNG,Hà Nội,Miền Bắc,Champions,78236554.0,2,2,190,49598649331.0,77.1,50-80%
KH-00015,DOANH NGHIỆP TW MINH PHƯƠNG,Phú Thọ,Miền Bắc,Nguy cơ rời bỏ,77930000.0,3,341,191,49676579331.0,77.22,50-80%
KH-00120,CÔNG TY TNHH THANH BÌNH,Hà Nội,Miền Bắc,Nguy cơ rời bỏ,77920143.0,2,341,192,49754499474.0,77.34,50-80%
KH-00485,CÔNG TY CỔ PHẦN SÁN LẠP,Hà Nội,Miền Bắc,Champions,77854057.0,2,17,193,49832353531.0,77.47,50-80%
KH-00506,CÔNG TY TNHH THANH BÌNH,Hà Nội,Miền Bắc,Loyal,77829977.0,2,25,194,49910183508.0,77.59,50-80%
KH-00424,CÔNG TY TNHH TRÍ ĐỨC,Hà Nội,Miền Bắc,Champions,77487765.0,2,3,195,49987671273.0,77.71,50-80%
KH-00354,CÔNG TY TNHH THƯƠNG MẠI NAM TIẾN,Thái Nguyên,Miền Bắc,Trung bình,77331372.0,1,47,196,50065002645.0,77.83,50-80%
KH-00346,DOANH NGHIỆP TW TRƯỜNG THỊNH,Phú Thọ,Miền Bắc,Champions,77197938.0,3,16,197,50142200583.0,77.95,50-80%
KH-00044,CÔNG TY TNHH THƯƠNG MẠI NGỌC ANH,Tam Kỳ,Miền Bắc,Trung bình,77025542.0,2,48,198,50219226125.0,78.07,50-80%
KH-00417,CÔNG TY CỔ PHẦN THƯƠNG MẠI VIỆT ANH,Quảng Ninh,Miền Bắc,Champions,75765540.0,2,16,199,50294991665.0,78.19,50-80%
KH-00421,DOANH NGHIỆP TW YÊN BÌNH,Hòa Bình,Miền Bắc,Trung bình,75644986.0,1,37,200,50370636651.0,78.3,50-80%
KH-00188,DOANH NGHIỆP TW XÂY DỰNG,Thanh Hóa,Miền Trung,Ngủ đông,75574075.0,2,348,201,50446210726.0,78.42,50-80%
KH-00509,CÔNG TY TNHH THƯƠNG MẠI BÌNH MINH,Bắc Ninh,Miền Bắc,Champions,74128591.0,2,17,202,50520339317.0,78.54,50-80%
KH-00340,CÔNG TY TNHH THANH BÌNH,Hà Nội,Miền Bắc,Có tiềm năng,74108412.0,3,34,203,50594447729.0,78.65,50-80%
KH-00220,CỬA HÀNG XE ĐẠP VIỆT ANH,Nam Định,Miền Bắc,Nguy cơ rời bỏ,74017929.0,2,342,204,50668465658.0,78.77,50-80%
KH-00111,DOANH NGHIỆP TW MẶT TRỜI,Hà Nội,Miền Bắc,Nguy cơ rời bỏ,72628500.0,2,339,205,50741094158.0,78.88,50-80%
KH-00475,CỬA HÀNG XE ĐẠP THIÊN AN,Hưng Yên,Miền Bắc,Loyal,72541467.0,2,24,206,50813635625.0,78.99,50-80%
KH-00381,DOANH NGHIỆP TW TÚ ANH,Ninh Bình,Miền Bắc,Champions,72067203.0,3,3,207,50885702828.0,79.1,50-80%
KH-00394,CÔNG TY TNHH THƯƠNG MẠI NAM TIẾN,Thanh Hóa,Miền Trung,Trung bình,71822204.0,1,41,208,50957525032.0,79.22,50-80%
KH-00520,CÔNG TY TNHH TÂY BẮC,Ninh Bình,Miền Bắc,Trung bình,71704244.0,1,32,209,51029229276.0,79.33,50-80%
KH-00608,CÔNG TY TNHH THƯƠNG MẠI TÚ ANH,Quảng Trị,Miền Trung,Loyal,70911654.0,2,24,210,51100140930.0,79.44,50-80%
KH-00314,CÔNG TY TNHH THƯƠNG MẠI YÊN BÌNH,Hải Phòng,Miền Bắc,Ngủ đông,70640000.0,1,338,211,51170780930.0,79.55,50-80%
KH-00481,CÔNG TY CỔ PHẦN HOÀ BÌNH,Hà Nội,Miền Bắc,Loyal,70334427.0,2,24,212,51241115357.0,79.66,50-80%
KH-00218,CÔNG TY TNHH THƯƠNG MẠI BÌNH MINH,Hải Dương,Miền Bắc,Trung bình,70285917.0,2,33,213,51311401274.0,79.77,50-80%
KH-00339,CỬA HÀNG XE ĐẠP ĐẠI LỢI,Hà Nội,Miền Bắc,Champions,70037390.0,2,17,214,51381438664.0,79.87,50-80%
KH-00102,CỬA HÀNG XE ĐẠP AN PHÁT,Bắc Ninh,Miền Bắc,Đã mất,69700000.0,1,377,215,51451138664.0,79.98,50-80%
KH-00348,CÔNG TY TNHH THƯƠNG MẠI YÊN BÌNH,Thanh Hóa,Miền Trung,Champions,69311102.0,3,3,216,51520449766.0,80.09,80-95%
KH-00607,CÔNG TY TNHH TÚ ANH,Nghệ An,Miền Trung,Champions,69146654.0,3,17,217,51589596420.0,80.2,80-95%
KH-00367,CÔNG TY CỔ PHẦN ĐÔNG NAM,Thanh Hóa,Miền Trung,Trung bình,68896093.0,1,44,218,51658492513.0,80.3,80-95%
KH-00189,CÔNG TY CỔ PHẦN MẶT TRỜI,Hà Nội,Miền Bắc,Ngủ đông,68267826.0,2,346,219,51726760339.0,80.41,80-95%
KH-00538,HỘ KINH DOANH PHÚC AN,Cao Bằng,Miền Bắc,Loyal,68250264.0,1,32,220,51795010603.0,80.52,80-95%
KH-00276,CÔNG TY TNHH VẠN LỢI,Hà Nội,Miền Bắc,Có tiềm năng,68110000.0,2,335,221,51863120603.0,80.62,80-95%
KH-00355,DOANH NGHIỆP TW PHÚC AN,Thanh Hóa,Miền Trung,Loyal,67620537.0,3,24,222,51930741140.0,80.73,80-95%
KH-00186,HỘ KINH DOANH XÂY DỰNG,Vĩnh Phúc,Miền Bắc,Có tiềm năng,67567129.0,4,335,223,51998308269.0,80.83,80-95%
KH-00395,HỘ KINH DOANH TÂY BẮC,Bắc Ninh,Miền Bắc,Loyal,67061276.0,2,20,224,52065369545.0,80.94,80-95%
KH-00577,CÔNG TY CỔ PHẦN THƯƠNG MẠI ĐẠI DƯƠNG,Hưng Yên,Miền Bắc,Loyal,66969336.0,1,29,225,52132338881.0,81.04,80-95%
KH-00142,CÔNG TY TNHH THƯƠNG MẠI CHI THÀNH,Hà Nội,Miền Bắc,Có tiềm năng,66548500.0,4,335,226,52198887381.0,81.14,80-95%
KH-00149,CỬA HÀNG XE ĐẠP TÚ ANH,Hải Dương,Miền Bắc,Nguy cơ rời bỏ,66287929.0,2,345,227,52265175310.0,81.25,80-95%
KH-00260,CỬA HÀNG XE ĐẠP XUÂN MAI,Hà Nội,Miền Bắc,Nguy cơ rời bỏ,66020000.0,2,342,228,52331195310.0,81.35,80-95%
KH-00301,CÔNG TY TNHH THƯƠNG MẠI THUỶ TIÊN,Hải Phòng,Miền Bắc,Ngủ đông,64940000.0,1,338,229,52396135310.0,81.45,80-95%
KH-00289,CÔNG TY CỔ PHẦN KHẢI HOÀN,Hưng Yên,Miền Bắc,Nguy cơ rời bỏ,64680000.0,3,337,230,52460815310.0,81.55,80-95%
KH-00262,CÔNG TY TNHH VIỆT ANH,Hà Nội,Miền Bắc,Nguy cơ rời bỏ,64270000.0,2,339,231,52525085310.0,81.65,80-95%
KH-00199,CỬA HÀNG XE ĐẠP TÚ ANH,Thanh Hoá,Miền Trung,Nguy cơ rời bỏ,64070000.0,2,342,232,52589155310.0,81.75,80-95%
KH-00371,CÔNG TY TNHH THƯƠNG MẠI LONG PHÚ,Bắc Ninh,Miền Bắc,Loyal,63901840.0,3,20,233,52653057150.0,81.85,80-95%
KH-00456,CÔNG TY TNHH THƯƠNG MẠI AN PHÁT,Hà Tĩnh,Miền Trung,Trung bình,63827764.0,1,36,234,52716884914.0,81.95,80-95%
KH-00560,CÔNG TY CỔ PHẦN THƯƠNG MẠI NGỌC ANH,Hải Phòng,Miền Bắc,Loyal,63440545.0,1,30,235,52780325459.0,82.05,80-95%
KH-00035,CỬA HÀNG XE ĐẠP TÂY BẮC,Đà Nẵng,Miền Trung,Nguy cơ rời bỏ,63200000.0,4,338,236,52843525459.0,82.15,80-95%
KH-00467,DOANH NGHIỆP TW TÂY BẮC,Quảng Trị,Miền Trung,Champions,63071655.0,2,16,237,52906597114.0,82.24,80-95%
KH-00073,CỬA HÀNG XE ĐẠP KHẢI HOÀN,Thanh Hoá,Miền Trung,Trung bình,62612500.0,2,335,238,52969209614.0,82.34,80-95%
KH-00517,CỬA HÀNG XE ĐẠP PHÚ THỊNH,Hưng Yên,Miền Bắc,Trung bình,62083320.0,1,32,239,53031292934.0,82.44,80-95%
KH-00164,HỘ KINH DOANH XÂY DỰNG,Thân Nhân Trung - TT Bích Động - Việt Yên - Bắc Giang,Miền Bắc,Nguy cơ rời bỏ,61750000.0,2,345,240,53093042934.0,82.53,80-95%
KH-00330,CÔNG TY TNHH THIÊN AN,Hà Giang,Miền Bắc,Trung bình,61560000.0,1,335,241,53154602934.0,82.63,80-95%
KH-00112,HỘ KINH DOANH TÚ ANH,Khu 2- thị trấn Kim Tân- Thạch Thành - Thanh Hóa,Miền Bắc,Ngủ đông,61441481.0,2,347,242,53216044415.0,82.73,80-95%
KH-00496,CÔNG TY CỔ PHẦN TOÀN THẮNG,Hà Nội,Miền Bắc,Champions,61434986.0,2,16,243,53277479401.0,82.82,80-95%
KH-00216,HỘ KINH DOANH NGỌC ANH,Hà Nam,Miền Bắc,Đã mất,61070000.0,1,346,244,53338549401.0,82.92,80-95%
KH-00571,CỬA HÀNG XE ĐẠP THUỶ TIÊN,Tuyên Quang,Miền Bắc,Champions,60770529.0,2,16,245,53399319930.0,83.01,80-95%
KH-00129,CÔNG TY CỔ PHẦN LÊ ANH,Tĩnh Thanh Hoá,Miền Bắc,Đã mất,60307929.0,1,374,246,53459627859.0,83.1,80-95%
KH-00080,HỘ KINH DOANH VĨNH PHÁT,Hà Nội,Miền Bắc,Đã mất,60020000.0,1,380,247,53519647859.0,83.2,80-95%
KH-00325,HỘ KINH DOANH THANH BÌNH,Hạ Long,Miền Bắc,Trung bình,59956468.0,1,335,248,53579604327.0,83.29,80-95%
KH-00237,DOANH NGHIỆP TW LÊ ANH,Tuyên Quang,Miền Bắc,Nguy cơ rời bỏ,59932962.0,2,344,249,53639537289.0,83.38,80-95%
KH-00432,CÔNG TY TNHH THƯƠNG MẠI THUỶ TIÊN,Hà Nội,Miền Bắc,Champions,59849515.0,2,17,250,53699386804.0,83.48,80-95%
KH-00438,CỬA HÀNG XE ĐẠP ĐẠI LỢI,Hưng Yên,Miền Bắc,Loyal,59563322.0,2,24,251,53758950126.0,83.57,80-95%
KH-00221,CÔNG TY CỔ PHẦN VĨNH PHÁT,Hưng Yên,Miền Bắc,Nguy cơ rời bỏ,59460000.0,2,339,252,53818410126.0,83.66,80-95%
KH-00621,CÔNG TY TNHH SƠN HÀ,Hưng Yên,Miền Bắc,Loyal,59162297.0,1,22,253,53877572423.0,83.75,80-95%
KH-00252,CÔNG TY TNHH TÂY BẮC,Hà Nội,Miền Bắc,Trung bình,59107574.0,1,344,254,53936679997.0,83.85,80-95%
KH-00518,CÔNG TY TNHH THƯƠNG MẠI VĨNH PHÁT,Hưng Yên,Miền Bắc,Champions,58840357.0,2,5,255,53995520354.0,83.94,80-95%
KH-00205,CỬA HÀNG XE ĐẠP QUANG VINH,Hạ Long,Miền Bắc,Đã mất,58740000.0,1,346,256,54054260354.0,84.03,80-95%
KH-00268,CÔNG TY CỔ PHẦN THƯƠNG MẠI TRƯỜNG THỊNH,Hà Nội,Miền Bắc,Trung bình,58140000.0,1,341,257,54112400354.0,84.12,80-95%
KH-00255,CÔNG TY TNHH PHÚ THỊNH,Hải Dương,Miền Bắc,Nguy cơ rời bỏ,58060000.0,2,339,258,54170460354.0,84.21,80-95%
KH-00384,CỬA HÀNG XE ĐẠP PHÚC AN,TP Hải Phòng,Miền Bắc,Loyal,57944428.0,2,25,259,54228404782.0,84.3,80-95%
KH-00110,CỬA HÀNG XE ĐẠP TÂY BẮC,Hà Nội,Miền Bắc,Nguy cơ rời bỏ,57900000.0,2,342,260,54286304782.0,84.39,80-95%
KH-00202,CÔNG TY CỔ PHẦN XUÂN MAI,Hà Nội,Miền Bắc,Nguy cơ rời bỏ,57790000.0,2,345,261,54344094782.0,84.48,80-95%
KH-00284,HỘ KINH DOANH NGỌC ANH,Hưng Yên,Miền Bắc,Có tiềm năng,57562772.0,2,36,262,54401657554.0,84.57,80-95%
KH-00270,DOANH NGHIỆP TW TÚ ANH,Phú Thọ,Miền Bắc,Trung bình,57290000.0,1,341,263,54458947554.0,84.66,80-95%
KH-00575,CÔNG TY CỔ PHẦN THƯƠNG MẠI NAM TIẾN,Quảng Ninh,Miền Bắc,Loyal,57141645.0,1,29,264,54516089199.0,84.75,80-95%
KH-00116,HỘ KINH DOANH TOÀN THẮNG,Hưng Yên,Miền Bắc,Đã mất,57090000.0,1,375,265,54573179199.0,84.84,80-95%
KH-00200,CÔNG TY CỔ PHẦN TOÀN THẮNG,Hà Nội,Miền Bắc,Nguy cơ rời bỏ,56517000.0,2,339,266,54629696199.0,84.92,80-95%
KH-00392,HỘ KINH DOANH SƠN HÀ,Hà Tĩnh,Miền Trung,Champions,56393317.0,2,5,267,54686089516.0,85.01,80-95%
KH-00389,CÔNG TY CỔ PHẦN TRƯỜNG THỊNH,Thanh Hoá,Miền Trung,Champions,56069708.0,2,3,268,54742159224.0,85.1,80-95%
KH-00327,CÔNG TY TNHH MẶT TRỜI,Vĩnh Phúc,Miền Bắc,Trung bình,55970000.0,1,335,269,54798129224.0,85.19,80-95%
KH-00471,CÔNG TY CỔ PHẦN TRÍ ĐỨC,Hà Tĩnh,Miền Trung,Trung bình,55482205.0,1,34,270,54853611429.0,85.27,80-95%
KH-00531,CÔNG TY TNHH THƯƠNG MẠI VẠN LỢI,Hà Nội,Miền Bắc,Loyal,55249433.0,2,24,271,54908860862.0,85.36,80-95%
KH-00285,CÔNG TY TNHH ĐÔNG NAM,Hà Nội,Miền Bắc,Nguy cơ rời bỏ,55041000.0,2,340,272,54963901862.0,85.44,80-95%
KH-00190,HỘ KINH DOANH XÂY DỰNG,Hà Nội,Miền Bắc,Không thể mất,54567000.0,3,346,273,55018468862.0,85.53,80-95%
KH-00283,CỬA HÀNG XE ĐẠP TRƯỜNG THỊNH,Hưng Yên,Miền Bắc,Nguy cơ rời bỏ,54240000.0,2,339,274,55072708862.0,85.61,80-95%
KH-00201,HỘ KINH DOANH XUÂN MAI,Hải Dương,Miền Bắc,Đã mất,54234212.0,1,347,275,55126943074.0,85.7,80-95%
KH-00597,CÔNG TY TNHH THƯƠNG MẠI PHÚ THỊNH,TP Hải Phòng,Miền Bắc,Loyal,54138131.0,1,25,276,55181081205.0,85.78,80-95%
KH-00368,HỘ KINH DOANH HOÀ BÌNH,Hà Nội,Miền Bắc,Trung bình,54000819.0,1,44,277,55235082024.0,85.86,80-95%
KH-00119,DOANH NGHIỆP TW MẶT TRỜI,Hà Nội,Miền Bắc,Nguy cơ rời bỏ,53513597.0,2,341,278,55288595621.0,85.95,80-95%
KH-00588,CÔNG TY CỔ PHẦN TÂY BẮC,Hà Nội,Miền Bắc,Champions,53298878.0,2,17,279,55341894499.0,86.03,80-95%
KH-00434,HỘ KINH DOANH TRƯỜNG THỊNH,Hà Nội,Miền Bắc,Champions,53260355.0,2,19,280,55395154854.0,86.11,80-95%
KH-00138,CÔNG TY TNHH THƯƠNG MẠI VĨNH PHÁT,Thái Bình,Miền Bắc,Đã mất,52850000.0,1,372,281,55448004854.0,86.2,80-95%
KH-00527,CÔNG TY CỔ PHẦN THƯƠNG MẠI HOÀ BÌNH,Hà Nội,Miền Bắc,Champions,52840355.0,2,2,282,55500845209.0,86.28,80-95%
KH-00269,HỘ KINH DOANH AN PHÁT,Phú Thọ,Miền Bắc,Trung bình,52678500.0,1,341,283,55553523709.0,86.36,80-95%
KH-00543,CÔNG TY CỔ PHẦN SƠN HÀ,Hà Nội,Miền Bắc,Champions,52429986.0,2,5,284,55605953695.0,86.44,80-95%
KH-00115,CÔNG TY CỔ PHẦN YÊN BÌNH,Thanh Hóa,Miền Trung,Trung bình,52250000.0,2,335,285,55658203695.0,86.52,80-95%
KH-00096,CÔNG TY TNHH THƯƠNG MẠI SƠN HÀ,Hà Nội,Miền Bắc,Ngủ đông,52127000.0,2,348,286,55710330695.0,86.6,80-95%
KH-00612,DOANH NGHIỆP TW XÂY DỰNG,TP Hải Phòng,Miền Bắc,Loyal,52107022.0,1,24,287,55762437717.0,86.68,80-95%
KH-00209,CÔNG TY TNHH THƯƠNG MẠI VIỆT ANH,TP Hải Phòng,Miền Bắc,Nguy cơ rời bỏ,52103683.0,2,338,288,55814541400.0,86.77,80-95%
KH-00365,CÔNG TY CỔ PHẦN THƯƠNG MẠI TRÍ ĐỨC,Hà Nội,Miền Bắc,Champions,52021369.0,2,5,289,55866562769.0,86.85,80-95%
KH-00196,CÔNG TY CỔ PHẦN NAM TIẾN,Bắc Ninh,Miền Bắc,Nguy cơ rời bỏ,51900000.0,3,339,290,55918462769.0,86.93,80-95%
KH-00063,HỘ KINH DOANH VẠN LỢI,Bắc Giang,Miền Bắc,Nguy cơ rời bỏ,51715148.0,2,338,291,55970177917.0,87.01,80-95%
KH-00282,CÔNG TY TNHH THƯƠNG MẠI LONG PHÚ,Hà Nội,Miền Bắc,Nguy cơ rời bỏ,51690000.0,3,338,292,56021867917.0,87.09,80-95%
KH-00092,CÔNG TY CỔ PHẦN THƯƠNG MẠI XUÂN MAI,Hà Nội,Miền Bắc,Có tiềm năng,51482643.0,3,335,293,56073350560.0,87.17,80-95%
KH-00459,CÔNG TY CỔ PHẦN TOÀN THẮNG,Hà Nội,Miền Bắc,Loyal,51079989.0,2,29,294,56124430549.0,87.25,80-95%
KH-00028,DOANH NGHIỆP TW PHÚ THỊNH,Phú Thọ,Miền Bắc,Nguy cơ rời bỏ,51050000.0,2,338,295,56175480549.0,87.33,80-95%
KH-00442,CÔNG TY TNHH HOÀ BÌNH,Phú Thọ,Miền Bắc,Loyal,50945544.0,2,32,296,56226426093.0,87.41,80-95%
KH-00344,CÔNG TY TNHH PHÚC AN,Phú Thọ,Miền Bắc,Trung bình,50565548.0,1,48,297,56276991641.0,87.48,80-95%
KH-00472,CÔNG TY CỔ PHẦN TRÍ ĐỨC,Hà Nội,Miền Bắc,Loyal,50409246.0,2,32,298,56327400887.0,87.56,80-95%
KH-00433,CÔNG TY CỔ PHẦN THƯƠNG MẠI TRƯỜNG THỊNH,Hà Nội,Miền Bắc,Trung bình,49297210.0,1,36,299,56376698097.0,87.64,80-95%
KH-00261,CÔNG TY TNHH THƯƠNG MẠI VẠN LỢI,Hà Nội,Miền Bắc,Trung bình,49160000.0,1,342,300,56425858097.0,87.72,80-95%
KH-00502,CỬA HÀNG XE ĐẠP BÌNH MINH,Hà Nội,Miền Bắc,Champions,48760915.0,3,3,301,56474619012.0,87.79,80-95%
KH-00059,CÔNG TY TNHH TRÍ ĐỨC,Hải Dương,Miền Bắc,Đã mất,48680000.0,1,384,302,56523299012.0,87.87,80-95%
KH-00117,HỘ KINH DOANH YÊN BÌNH,Hưng yên,Miền Bắc,Trung bình,48490000.0,2,335,303,56571789012.0,87.94,80-95%
KH-00127,CỬA HÀNG XE ĐẠP TÂN TIẾN,Hà Nam,Miền Bắc,Đã mất,48240000.0,1,374,304,56620029012.0,88.02,80-95%
KH-00614,CỬA HÀNG XE ĐẠP NAM TIẾN,Quảng Ninh,Miền Bắc,Loyal,48134990.0,1,24,305,56668164002.0,88.09,80-95%
KH-00068,CÔNG TY CỔ PHẦN SÁN LẠP,Vĩnh Phúc,Miền Bắc,Không thể mất,48010000.0,3,348,306,56716174002.0,88.17,80-95%
KH-00609,DOANH NGHIỆP TW NGỌC ANH,Hưng Yên,Miền Bắc,Champions,47958781.0,2,17,307,56764132783.0,88.24,80-95%
KH-00561,CÔNG TY TNHH THƯƠNG MẠI VĨNH PHÁT,Bắc Ninh,Miền Bắc,Loyal,47910731.0,1,30,308,56812043514.0,88.32,80-95%
KH-00192,HỘ KINH DOANH KHẢI HOÀN,Hà Nội,Miền Bắc,Có tiềm năng,47910000.0,3,335,309,56859953514.0,88.39,80-95%
KH-00278,CÔNG TY TNHH QUANG VINH,Hà Nội,Miền Bắc,Ngủ đông,47790000.0,1,341,310,56907743514.0,88.46,80-95%
KH-00512,CÔNG TY TNHH ĐẠI DƯƠNG,Phú Thọ,Miền Bắc,Champions,47577767.0,2,3,311,56955321281.0,88.54,80-95%
KH-00435,DOANH NGHIỆP TW NGỌC ANH,Hà Nội,Miền Bắc,Champions,47539618.0,3,16,312,57002860899.0,88.61,80-95%
KH-00373,DOANH NGHIỆP TW THIÊN AN,Hưng Yên,Miền Bắc,Có tiềm năng,47111094.0,2,44,313,57049971993.0,88.69,80-95%
KH-00085,CÔNG TY CỔ PHẦN THƯƠNG MẠI NGỌC ANH,Hà Nội,Miền Bắc,Nguy cơ rời bỏ,46780000.0,2,339,314,57096751993.0,88.76,80-95%
KH-00312,DOANH NGHIỆP TW HOÀ BÌNH,Quảng Ninh,Miền Bắc,Ngủ đông,46750000.0,1,338,315,57143501993.0,88.83,80-95%
KH-00128,HỘ KINH DOANH TÂY BẮC,Thanh Hóa,Miền Trung,Đã mất,46560000.0,1,374,316,57190061993.0,88.9,80-95%
KH-00036,CÔNG TY TNHH THƯƠNG MẠI PHÚC AN,Hà Nội,Miền Bắc,Không thể mất,46324073.0,3,387,317,57236386066.0,88.98,80-95%
KH-00570,HỘ KINH DOANH TOÀN THẮNG,Hải Phòng,Miền Bắc,Loyal,45885445.0,3,25,318,57282271511.0,89.05,80-95%
KH-00615,CÔNG TY CỔ PHẦN THƯƠNG MẠI QUANG VINH,Hải Phòng,Miền Bắc,Loyal,45789063.0,1,24,319,57328060574.0,89.12,80-95%
KH-00569,CÔNG TY TNHH VẠN LỢI,TP Huế,Miền Bắc,Champions,45522665.0,2,16,320,57373583239.0,89.19,80-95%
KH-00358,CÔNG TY TNHH SƠN HÀ,Thanh Hóa,Miền Trung,Champions,45427487.0,2,3,321,57419010726.0,89.26,80-95%
KH-00081,CÔNG TY TNHH THƯƠNG MẠI KHẢI HOÀN,Hưng Yên,Miền Bắc,Đã mất,45220000.0,1,380,322,57464230726.0,89.33,80-95%
KH-00482,CỬA HÀNG XE ĐẠP KHẢI HOÀN,Hà Nội,Miền Bắc,Trung bình,44872212.0,1,33,323,57509102938.0,89.4,80-95%
KH-00273,CÔNG TY TNHH THƯƠNG MẠI PHÚ THỊNH,Vĩnh Phúc,Miền Bắc,Ngủ đông,44730000.0,1,341,324,57553832938.0,89.47,80-95%
KH-00525,CỬA HÀNG XE ĐẠP SÁN LẠP,Hưng Yên,Miền Bắc,Trung bình,44550175.0,1,32,325,57598383113.0,89.54,80-95%
KH-00430,CÔNG TY CỔ PHẦN BÌNH MINH,Hà Nội,Miền Bắc,Có tiềm năng,44446658.0,2,34,326,57642829771.0,89.61,80-95%
KH-00566,DOANH NGHIỆP TW PHÚ THỊNH,Hải Phòng,Miền Bắc,Loyal,44172215.0,1,30,327,57687001986.0,89.68,80-95%
KH-00585,CÔNG TY TNHH TÂY BẮC,Tuyên Quang,Miền Bắc,Loyal,44041190.0,1,29,328,57731043176.0,89.74,80-95%
KH-00254,CỬA HÀNG XE ĐẠP ĐÔNG NAM,Hà Nam,Miền Bắc,Nguy cơ rời bỏ,43942860.0,2,341,329,57774986036.0,89.81,80-95%
KH-00272,CÔNG TY TNHH THƯƠNG MẠI VĨNH PHÁT,Vĩnh Phúc,Miền Bắc,Có tiềm năng,43920000.0,2,335,330,57818906036.0,89.88,80-95%
KH-00099,CÔNG TY TNHH NGỌC ANH,Hà Nội,Miền Bắc,Đã mất,43710000.0,1,377,331,57862616036.0,89.95,80-95%
KH-00082,CÔNG TY TNHH THƯƠNG MẠI PHÚC AN,Vĩnh Phúc,Miền Bắc,Đã mất,43600000.0,1,380,332,57906216036.0,90.02,80-95%
KH-00559,CÔNG TY TNHH THƯƠNG MẠI TÂY BẮC,Thanh Hóa,Miền Trung,Loyal,43414990.0,1,30,333,57949631026.0,90.08,80-95%
KH-00454,HỘ KINH DOANH LONG PHÚ,Phú Thọ,Miền Bắc,Trung bình,42573326.0,1,36,334,57992204352.0,90.15,80-95%
KH-00316,CÔNG TY CỔ PHẦN THƯƠNG MẠI THUỶ TIÊN,Hà Nội,Miền Bắc,Ngủ đông,42392500.0,1,338,335,58034596852.0,90.22,80-95%
KH-00136,CÔNG TY CỔ PHẦN NGỌC ANH,Tây Bình Cách - Xã Đông Xá - Huyện Đông Hưng - Thái Bình.,Miền Bắc,Đã mất,42370000.0,1,372,336,58076966852.0,90.28,80-95%
KH-00222,CÔNG TY CỔ PHẦN TÂN TIẾN,Hà Nội,Miền Bắc,Trung bình,42161481.0,2,335,337,58119128333.0,90.35,80-95%
KH-00281,CỬA HÀNG XE ĐẠP PHÚC AN,Thanh Hoá,Miền Trung,Ngủ đông,42075286.0,1,341,338,58161203619.0,90.41,80-95%
KH-00094,HỘ KINH DOANH SÁN LẠP,Phú Thọ,Miền Bắc,Trung bình,41790000.0,2,335,339,58202993619.0,90.48,80-95%
KH-00170,CỬA HÀNG XE ĐẠP TRƯỜNG THỊNH,Ninh Bình,Miền Bắc,Đã mất,41700000.0,1,368,340,58244693619.0,90.54,80-95%
KH-00113,DOANH NGHIỆP TW XÂY DỰNG,Thanh Hoá,Miền Trung,Trung bình,41439439.0,2,36,341,58286133058.0,90.61,80-95%
KH-00227,CÔNG TY TNHH THƯƠNG MẠI TRÍ ĐỨC,Bắc Ninh,Miền Bắc,Trung bình,40920000.0,1,345,342,58327053058.0,90.67,80-95%
KH-00162,CÔNG TY CỔ PHẦN THƯƠNG MẠI CHI THÀNH,Hà Nội,Miền Bắc,Champions,40881103.0,3,17,343,58367934161.0,90.73,80-95%
KH-00546,CÔNG TY CỔ PHẦN SÁN LẠP,Quảng Trị,Miền Trung,Loyal,40747215.0,1,31,344,58408681376.0,90.8,80-95%
KH-00603,CÔNG TY CỔ PHẦN QUANG VINH,Đà Nẵng,Miền Trung,Loyal,40402775.0,1,25,345,58449084151.0,90.86,80-95%
KH-00498,CỬA HÀNG XE ĐẠP MINH PHƯƠNG,Hưng Yên,Miền Bắc,Champions,40158694.0,2,17,346,58489242845.0,90.92,80-95%
KH-00311,CÔNG TY TNHH THƯƠNG MẠI QUANG VINH,Quảng Ninh,Miền Bắc,Ngủ đông,39960000.0,1,338,347,58529202845.0,90.99,80-95%
KH-00437,DOANH NGHIỆP TW HÙNG CƯỜNG,Hưng Yên,Miền Bắc,Champions,39942769.0,2,2,348,58569145614.0,91.05,80-95%
KH-00474,HỘ KINH DOANH MẶT TRỜI,Hưng Yên,Miền Bắc,Trung bình,39804429.0,1,34,349,58608950043.0,91.11,80-95%
KH-00257,HỘ KINH DOANH PHÚC AN,Hà Nội,Miền Bắc,Nguy cơ rời bỏ,39541481.0,2,338,350,58648491524.0,91.17,80-95%
KH-00351,CÔNG TY TNHH AN PHÁT,Bắc Ninh,Miền Bắc,Trung bình,39405545.0,1,48,351,58687897069.0,91.23,80-95%
KH-00258,CỬA HÀNG XE ĐẠP HOÀ BÌNH,Hà Nội,Miền Bắc,Nguy cơ rời bỏ,39361481.0,2,338,352,58727258550.0,91.29,80-95%
KH-00240,CÔNG TY CỔ PHẦN TRÍ ĐỨC,Sơn La,Miền Bắc,Trung bình,39050000.0,1,345,353,58766308550.0,91.35,80-95%
KH-00074,CÔNG TY TNHH THƯƠNG MẠI HOÀ BÌNH,Hòa Bình,Miền Bắc,Có tiềm năng,39028607.0,3,33,354,58805337157.0,91.41,80-95%
KH-00510,CỬA HÀNG XE ĐẠP NGỌC ANH,Bắc Ninh,Miền Bắc,Champions,38976104.0,2,17,355,58844313261.0,91.48,80-95%
KH-00308,CÔNG TY TNHH THIÊN AN,Cường Tráng - An Thịnh - Lương Tài - Bắc Ninh,Miền Bắc,Ngủ đông,38840000.0,1,338,356,58883153261.0,91.54,80-95%
KH-00195,CỬA HÀNG XE ĐẠP BÌNH MINH,Hà Nội,Miền Bắc,Nguy cơ rời bỏ,38790000.0,2,341,357,58921943261.0,91.6,80-95%
KH-00429,CỬA HÀNG XE ĐẠP XUÂN MAI,Quảng Ninh,Miền Bắc,Trung bình,38662392.0,1,36,358,58960605653.0,91.66,80-95%
KH-00547,DOANH NGHIỆP TW THANH BÌNH,Quảng Ngãi,Miền Trung,Champions,38227772.0,2,16,359,58998833425.0,91.72,80-95%
KH-00246,CỬA HÀNG XE ĐẠP TRƯỜNG THỊNH,Hà Nội,Miền Bắc,Nguy cơ rời bỏ,38184000.0,2,341,360,59037017425.0,91.77,80-95%
KH-00376,CÔNG TY TNHH THƯƠNG MẠI AN PHÁT,Hà Nội,Miền Bắc,Champions,38117024.0,2,16,361,59075134449.0,91.83,80-95%
KH-00328,CÔNG TY CỔ PHẦN PHÚC AN,Vĩnh Phúc,Miền Bắc,Trung bình,37780000.0,1,335,362,59112914449.0,91.89,80-95%
KH-00249,HỘ KINH DOANH PHÚC AN,Thanh Hóa,Miền Trung,Trung bình,37560000.0,1,344,363,59150474449.0,91.95,80-95%
KH-00439,DOANH NGHIỆP TW THUỶ TIÊN,Nghệ An,Miền Trung,Trung bình,37204436.0,1,36,364,59187678885.0,92.01,80-95%
KH-00215,DOANH NGHIỆP TW LÊ ANH,Hà Tĩnh,Miền Trung,Trung bình,37160000.0,2,335,365,59224838885.0,92.07,80-95%
KH-00440,CÔNG TY TNHH THƯƠNG MẠI ĐÔNG NAM,Hà Nội,Miền Bắc,Champions,37106379.0,3,3,366,59261945264.0,92.12,80-95%
KH-00302,CÔNG TY TNHH XÂY DỰNG,Hà Giang,Miền Bắc,Ngủ đông,36910000.0,1,338,367,59298855264.0,92.18,80-95%
KH-00137,CÔNG TY TNHH THƯƠNG MẠI QUANG VINH,Hà Nam,Miền Bắc,Đã mất,36580000.0,1,372,368,59335435264.0,92.24,80-95%
KH-00242,CÔNG TY CỔ PHẦN THƯƠNG MẠI HÙNG CƯỜNG,Bắc Kạn,Miền Bắc,Nguy cơ rời bỏ,36320000.0,2,341,369,59371755264.0,92.3,80-95%
KH-00501,CÔNG TY CỔ PHẦN VĨNH PHÁT,Thanh Hóa,Miền Trung,Loyal,36233323.0,2,22,370,59407988587.0,92.35,80-95%
KH-00124,CÔNG TY CỔ PHẦN THƯƠNG MẠI AN PHÁT,Thanh Hoá,Miền Trung,Đã mất,36220000.0,1,374,371,59444208587.0,92.41,80-95%
KH-00047,CÔNG TY CỔ PHẦN THƯƠNG MẠI TÚ ANH,Vĩnh Phúc,Miền Bắc,Đã mất,36180000.0,1,390,372,59480388587.0,92.46,80-95%
KH-00224,DOANH NGHIỆP TW ĐÔNG NAM,Ninh Bình,Miền Bắc,Trung bình,36150000.0,1,345,373,59516538587.0,92.52,80-95%
KH-00572,CÔNG TY CỔ PHẦN THƯƠNG MẠI VIỆT ANH,Quảng Ninh,Miền Bắc,Loyal,36044992.0,1,29,374,59552583579.0,92.58,80-95%
KH-00507,CỬA HÀNG XE ĐẠP BÌNH MINH,Phú Thọ,Miền Bắc,Trung bình,35994437.0,1,32,375,59588578016.0,92.63,80-95%
KH-00108,HỘ KINH DOANH LÊ ANH,Hà Nội,Miền Bắc,Đã mất,35900000.0,1,375,376,59624478016.0,92.69,80-95%
KH-00275,CÔNG TY CỔ PHẦN THƯƠNG MẠI QUANG VINH,Thái Nguyên,Miền Bắc,Ngủ đông,35890000.0,1,341,377,59660368016.0,92.74,80-95%
KH-00236,CỬA HÀNG XE ĐẠP ĐÔNG NAM,Hà Nội,Miền Bắc,Nguy cơ rời bỏ,35880000.0,2,344,378,59696248016.0,92.8,80-95%
KH-00263,DOANH NGHIỆP TW TRƯỜNG THỊNH,Thanh Hoá,Miền Trung,Trung bình,35790000.0,1,342,379,59732038016.0,92.86,80-95%
KH-00450,HỘ KINH DOANH QUANG VINH,Thanh Hoá,Miền Trung,Trung bình,35684616.0,1,36,380,59767722632.0,92.91,80-95%
KH-00101,CÔNG TY CỔ PHẦN THƯƠNG MẠI QUANG VINH,Hà Nội,Miền Bắc,Nguy cơ rời bỏ,35420000.0,3,342,381,59803142632.0,92.97,80-95%
KH-00243,HỘ KINH DOANH VĨNH PHÁT,Hà Nam,Miền Bắc,Trung bình,35150000.0,1,345,382,59838292632.0,93.02,80-95%
KH-00398,CÔNG TY TNHH PHÚC AN,TP Đà Nẵng,Miền Bắc,Trung bình,35105550.0,1,40,383,59873398182.0,93.08,80-95%
KH-00131,CÔNG TY TNHH QUANG VINH,Hà Nam,Miền Bắc,Đã mất,35090000.0,1,374,384,59908488182.0,93.13,80-95%
KH-00259,DOANH NGHIỆP TW MINH PHƯƠNG,Hà Nội,Miền Bắc,Trung bình,35050000.0,1,342,385,59943538182.0,93.18,80-95%
KH-00077,CÔNG TY CỔ PHẦN THƯƠNG MẠI NGỌC ANH,Hà Nội,Miền Bắc,Đã mất,35020000.0,1,380,386,59978558182.0,93.24,80-95%
KH-00515,CÔNG TY CỔ PHẦN THƯƠNG MẠI SƠN HÀ,TP Hải Phòng,Miền Bắc,Trung bình,34973416.0,1,32,387,60013531598.0,93.29,80-95%
KH-00494,HỘ KINH DOANH AN PHÁT,Hà Nội,Miền Bắc,Trung bình,34963325.0,1,33,388,60048494923.0,93.35,80-95%
KH-00105,CỬA HÀNG XE ĐẠP PHÚC AN,Bắc Ninh,Miền Bắc,Đã mất,34910000.0,1,375,389,60083404923.0,93.4,80-95%
KH-00465,CÔNG TY CỔ PHẦN KHẢI HOÀN,Quảng Ninh,Miền Bắc,Trung bình,34894436.0,1,34,390,60118299359.0,93.46,80-95%
KH-00310,HỘ KINH DOANH VẠN LỢI,Quảng Ninh,Miền Bắc,Ngủ đông,34770000.0,1,338,391,60153069359.0,93.51,80-95%
KH-00095,CÔNG TY CỔ PHẦN THƯƠNG MẠI KHẢI HOÀN,Hà Nội,Miền Bắc,Đã mất,34730000.0,1,377,392,60187799359.0,93.56,80-95%
KH-00378,CỬA HÀNG XE ĐẠP VĨNH PHÁT,Hà Nội,Miền Bắc,Loyal,34553883.0,2,32,393,60222353242.0,93.62,80-95%
KH-00595,CÔNG TY CỔ PHẦN THƯƠNG MẠI YÊN BÌNH,Tuyên Quang,Miền Bắc,Loyal,34527950.0,1,25,394,60256881192.0,93.67,80-95%
KH-00295,DOANH NGHIỆP TW XÂY DỰNG,Hà Nội,Miền Bắc,Ngủ đông,34400000.0,1,339,395,60291281192.0,93.72,80-95%
KH-00066,CÔNG TY CỔ PHẦN NGỌC ANH,Hà Nộ,Miền Bắc,Đã mất,34390000.0,1,384,396,60325671192.0,93.78,80-95%
KH-00239,HỘ KINH DOANH THANH BÌNH,Hội An,Miền Bắc,Trung bình,34357000.0,1,345,397,60360028192.0,93.83,80-95%
KH-00574,CỬA HÀNG XE ĐẠP LONG PHÚ,Quảng Ninh,Miền Bắc,Loyal,34270830.0,1,29,398,60394299022.0,93.88,80-95%
KH-00579,CÔNG TY TNHH THƯƠNG MẠI XÂY DỰNG,Quảng Ninh,Miền Bắc,Loyal,34270830.0,1,29,398,60428569852.0,93.94,80-95%
KH-00324,CÔNG TY CỔ PHẦN ĐÔNG NAM,Quảng Ninh,Miền Bắc,Trung bình,34180000.0,1,335,400,60462749852.0,93.99,80-95%
KH-00135,CỬA HÀNG XE ĐẠP XUÂN MAI,Ninh Bình,Miền Bắc,Đã mất,34180000.0,1,372,400,60496929852.0,94.04,80-95%
KH-00229,DOANH NGHIỆP TW TRÍ ĐỨC,Bắc Giang,Miền Bắc,Trung bình,33980000.0,1,345,402,60530909852.0,94.1,80-95%
KH-00153,CÔNG TY CỔ PHẦN THƯƠNG MẠI PHÚ THỊNH,Hà Tĩnh,Miền Trung,Đã mất,33900000.0,1,372,403,60564809852.0,94.15,80-95%
KH-00602,CÔNG TY TNHH THƯƠNG MẠI THIÊN AN,Hà Nội,Miền Bắc,Loyal,33720915.0,1,25,404,60598530767.0,94.2,80-95%
KH-00223,CÔNG TY CỔ PHẦN THƯƠNG MẠI AN PHÁT,Hà Nội,Miền Bắc,Trung bình,33720000.0,1,345,405,60632250767.0,94.25,80-95%
KH-00238,CÔNG TY CỔ PHẦN THƯƠNG MẠI TRƯỜNG THỊNH,Phú Thọ,Miền Bắc,Trung bình,33546143.0,1,345,406,60665796910.0,94.31,80-95%
KH-00244,CÔNG TY CỔ PHẦN THƯƠNG MẠI AN PHÁT,Phú Thọ,Miền Bắc,Trung bình,33400000.0,1,345,407,60699196910.0,94.36,80-95%
KH-00493,CÔNG TY CỔ PHẦN THƯƠNG MẠI QUANG VINH,TP Hải Phòng,Miền Bắc,Champions,33390543.0,2,5,408,60732587453.0,94.41,80-95%
KH-00508,CÔNG TY CỔ PHẦN VĨNH PHÁT,TP Hải Phòng,Miền Bắc,Loyal,33244157.0,2,32,409,60765831610.0,94.46,80-95%
KH-00056,DOANH NGHIỆP TW ĐÔNG NAM,Hà Nam,Miền Bắc,Đã mất,33090000.0,1,384,410,60798921610.0,94.51,80-95%
KH-00034,CÔNG TY TNHH BÌNH MINH,Đà Nẵng,Miền Trung,Ngủ đông,32750000.0,2,374,411,60831671610.0,94.56,80-95%
KH-00578,DOANH NGHIỆP TW NGỌC ANH,Hà Nội,Miền Bắc,Champions,32402772.0,2,3,412,60864074382.0,94.62,80-95%
KH-00416,DOANH NGHIỆP TW HOÀ BÌNH,Quảng Ninh,Miền Bắc,Trung bình,32353328.0,1,37,413,60896427710.0,94.67,80-95%
KH-00305,CÔNG TY CỔ PHẦN TÂY BẮC,Hà Nội,Miền Bắc,Có tiềm năng,32170000.0,2,335,414,60928597710.0,94.72,80-95%
KH-00598,DOANH NGHIỆP TW SƠN HÀ,Hải Phòng,Miền Bắc,Loyal,31998692.0,1,25,415,60960596402.0,94.77,80-95%
KH-00516,CÔNG TY TNHH SÁN LẠP,Hưng Yên,Miền Bắc,Trung bình,31988880.0,1,32,416,60992585282.0,94.81,80-95%
KH-00210,DOANH NGHIỆP TW SÁN LẠP,Uông Bí,Miền Bắc,Đã mất,31677734.0,1,346,417,61024263016.0,94.86,80-95%
KH-00526,CÔNG TY CỔ PHẦN NAM TIẾN,Hưng Yên,Miền Bắc,Trung bình,31530549.0,1,32,418,61055793565.0,94.91,80-95%
KH-00211,CỬA HÀNG XE ĐẠP NAM TIẾN,Hà Tĩnh,Miền Trung,Đã mất,31530000.0,1,346,419,61087323565.0,94.96,80-95%
KH-00532,CÔNG TY TNHH THƯƠNG MẠI MẶT TRỜI,Hà Nội,Miền Bắc,Loyal,31324993.0,1,32,420,61118648558.0,95.01,Bottom 5%
KH-00318,HỘ KINH DOANH BÌNH MINH,Hòa Bình,Miền Bắc,Ngủ đông,30680000.0,1,337,421,61149328558.0,95.06,Bottom 5%
KH-00043,CÔNG TY TNHH LONG PHÚ,TP Đà Nẵng,Miền Bắc,Không thể mất,30650000.0,3,374,422,61179978558.0,95.11,Bottom 5%
KH-00206,CÔNG TY TNHH THƯƠNG MẠI MẶT TRỜI,Hà Nội,Miền Bắc,Ngủ đông,30030000.0,2,346,423,61210008558.0,95.15,Bottom 5%
KH-00413,CÔNG TY CỔ PHẦN CHI THÀNH,TP Hải Phòng,Miền Bắc,Trung bình,29907408.0,1,37,424,61239915966.0,95.2,Bottom 5%
KH-00143,DOANH NGHIỆP TW TÂY BẮC,Vĩnh Phúc,Miền Bắc,Đã mất,29700000.0,1,372,425,61269615966.0,95.25,Bottom 5%
KH-00533,CÔNG TY TNHH YÊN BÌNH,Phú Thọ,Miền Bắc,Loyal,29689996.0,1,32,426,61299305962.0,95.29,Bottom 5%
KH-00307,DOANH NGHIỆP TW THIÊN AN,Quảng Ninh,Miền Bắc,Ngủ đông,29517574.0,1,338,427,61328823536.0,95.34,Bottom 5%
KH-00581,DOANH NGHIỆP TW SƠN HÀ,Điện Biên,Miền Bắc,Loyal,29371102.0,1,29,428,61358194638.0,95.38,Bottom 5%
KH-00554,CÔNG TY CỔ PHẦN THƯƠNG MẠI SÁN LẠP,Hà Nội,Miền Bắc,Loyal,29284994.0,1,31,429,61387479632.0,95.43,Bottom 5%
KH-00582,HỘ KINH DOANH LONG PHÚ,Điện Biên,Miền Bắc,Loyal,29156661.0,1,29,430,61416636293.0,95.47,Bottom 5%
KH-00468,CÔNG TY CỔ PHẦN KHẢI HOÀN,Nghệ An,Miền Trung,Trung bình,28953046.0,1,34,431,61445589339.0,95.52,Bottom 5%
KH-00563,HỘ KINH DOANH YÊN BÌNH,Hà Nội,Miền Bắc,Loyal,28828328.0,1,30,432,61474417667.0,95.56,Bottom 5%
KH-00122,CÔNG TY TNHH CHI THÀNH,Hưng Yên,Miền Bắc,Đã mất,28520000.0,1,374,433,61502937667.0,95.61,Bottom 5%
KH-00370,CÔNG TY CỔ PHẦN THƯƠNG MẠI PHÚ THỊNH,Bắc Ninh,Miền Bắc,Trung bình,28205550.0,1,44,434,61531143217.0,95.65,Bottom 5%
KH-00451,CÔNG TY CỔ PHẦN THƯƠNG MẠI TRƯỜNG THỊNH,Phú Thọ,Miền Bắc,Trung bình,28180365.0,1,36,435,61559323582.0,95.7,Bottom 5%
KH-00292,CÔNG TY TNHH VIỆT ANH,Hà Nội,Miền Bắc,Ngủ đông,28127001.0,1,340,436,61587450583.0,95.74,Bottom 5%
KH-00319,CỬA HÀNG XE ĐẠP QUANG VINH,TP Hưng Yên,Miền Bắc,Ngủ đông,27978500.0,1,337,437,61615429083.0,95.78,Bottom 5%
KH-00391,CÔNG TY TNHH THƯƠNG MẠI NAM TIẾN,Hà Tĩnh,Miền Trung,Trung bình,27965179.0,1,41,438,61643394262.0,95.83,Bottom 5%
KH-00596,DOANH NGHIỆP TW THUỶ TIÊN,TP Hải Phòng,Miền Bắc,Loyal,27434438.0,1,25,439,61670828700.0,95.87,Bottom 5%
KH-00524,CÔNG TY CỔ PHẦN THƯƠNG MẠI TRÍ ĐỨC,Hưng Yên,Miền Bắc,Trung bình,27199995.0,1,32,440,61698028695.0,95.91,Bottom 5%
KH-00535,CỬA HÀNG XE ĐẠP QUANG VINH,Phú Thọ,Miền Bắc,Champions,27191100.0,2,17,441,61725219795.0,95.95,Bottom 5%
KH-00544,DOANH NGHIỆP TW VIỆT ANH,Hà Nội,Miền Bắc,Loyal,26793141.0,1,31,442,61752012936.0,96.0,Bottom 5%
KH-00573,DOANH NGHIỆP TW THANH BÌNH,Quảng Ninh,Miền Bắc,Loyal,26717216.0,1,29,443,61778730152.0,96.04,Bottom 5%
KH-00611,CÔNG TY TNHH VIỆT ANH,Thái Bình,Miền Bắc,Loyal,26627771.0,1,24,444,61805357923.0,96.08,Bottom 5%
KH-00618,HỘ KINH DOANH ĐÔNG NAM,Nghệ An,Miền Trung,Loyal,26313330.0,1,22,445,61831671253.0,96.12,Bottom 5%
KH-00226,CÔNG TY CỔ PHẦN VĨNH PHÁT,Hà Nội,Miền Bắc,Trung bình,26040000.0,1,345,446,61857711253.0,96.16,Bottom 5%
KH-00464,CÔNG TY TNHH THƯƠNG MẠI KHẢI HOÀN,Phú Thọ,Miền Bắc,Trung bình,25797586.0,1,34,447,61883508839.0,96.2,Bottom 5%
KH-00060,CÔNG TY TNHH THƯƠNG MẠI VẠN LỢI,Hà Nam,Miền Bắc,Đã mất,25550000.0,1,384,448,61909058839.0,96.24,Bottom 5%
KH-00121,CÔNG TY TNHH CHI THÀNH,Hưng Yên,Miền Bắc,Đã mất,25527929.0,1,374,449,61934586768.0,96.28,Bottom 5%
KH-00470,CÔNG TY CỔ PHẦN VĨNH PHÁT,Nghệ An,Miền Trung,Trung bình,25285547.0,1,34,450,61959872315.0,96.32,Bottom 5%
KH-00604,CÔNG TY CỔ PHẦN THƯƠNG MẠI PHÚC AN,Đà Nẵng,Miền Trung,Loyal,25219441.0,1,25,451,61985091756.0,96.36,Bottom 5%
KH-00549,CỬA HÀNG XE ĐẠP TÚ ANH,Phú Thọ,Miền Bắc,Loyal,24975551.0,1,31,452,62010067307.0,96.4,Bottom 5%
KH-00600,CỬA HÀNG XE ĐẠP TOÀN THẮNG,Hưng Yên,Miền Bắc,Loyal,24913880.0,1,25,453,62034981187.0,96.44,Bottom 5%
KH-00204,CÔNG TY CỔ PHẦN ĐẠI DƯƠNG,Nam Định,Miền Bắc,Đã mất,24907407.0,1,346,454,62059888594.0,96.47,Bottom 5%
KH-00580,CÔNG TY CỔ PHẦN THƯƠNG MẠI LONG PHÚ,Đà Nẵng,Miền Trung,Loyal,24779998.0,1,29,455,62084668592.0,96.51,Bottom 5%
KH-00184,DOANH NGHIỆP TW ĐẠI LỢI,Hoà Bình,Miền Bắc,Trung bình,24742962.0,2,335,456,62109411554.0,96.55,Bottom 5%
KH-00567,CÔNG TY CỔ PHẦN THƯƠNG MẠI SƠN HÀ,TP Hải Phòng,Miền Bắc,Loyal,24564438.0,1,30,457,62133975992.0,96.59,Bottom 5%
KH-00332,DOANH NGHIỆP TW TOÀN THẮNG,Hà Nội,Miền Bắc,Trung bình,24510000.0,1,335,458,62158485992.0,96.63,Bottom 5%
KH-00299,CỬA HÀNG XE ĐẠP VIỆT ANH,Hà Tĩnh,Miền Trung,Ngủ đông,24430000.0,1,339,459,62182915992.0,96.67,Bottom 5%
KH-00610,DOANH NGHIỆP TW HÙNG CƯỜNG,Hưng Yên,Miền Bắc,Loyal,24388144.0,1,24,460,62207304136.0,96.7,Bottom 5%
KH-00523,HỘ KINH DOANH KHẢI HOÀN,Hà Nội,Miền Bắc,Trung bình,24352217.0,1,32,461,62231656353.0,96.74,Bottom 5%
KH-00171,CÔNG TY CỔ PHẦN QUANG VINH,Hà Nội,Miền Bắc,Đã mất,24259259.0,1,367,462,62255915612.0,96.78,Bottom 5%
KH-00234,CÔNG TY TNHH KHẢI HOÀN,Thái Bình,Miền Bắc,Trung bình,24220000.0,1,345,463,62280135612.0,96.82,Bottom 5%
KH-00087,CỬA HÀNG XE ĐẠP SÁN LẠP,Nghệ An,Miền Trung,Đã mất,24200000.0,1,380,464,62304335612.0,96.85,Bottom 5%
KH-00599,CÔNG TY CỔ PHẦN XÂY DỰNG,Ninh Bình,Miền Bắc,Loyal,24137774.0,1,25,465,62328473386.0,96.89,Bottom 5%
KH-00528,CÔNG TY CỔ PHẦN VẠN LỢI,Bắc Ninh,Miền Bắc,Trung bình,24083328.0,1,32,466,62352556714.0,96.93,Bottom 5%
KH-00058,DOANH NGHIỆP TW SÁN LẠP,TP Hải Dương,Miền Bắc,Đã mất,24000000.0,1,384,467,62376556714.0,96.97,Bottom 5%
KH-00291,CÔNG TY TNHH VĨNH PHÁT,Hà Nam,Miền Bắc,Ngủ đông,24000000.0,1,340,467,62400556714.0,97.0,Bottom 5%
KH-00296,CÔNG TY TNHH THƯƠNG MẠI HOÀ BÌNH,Hà Nội,Miền Bắc,Ngủ đông,23580000.0,1,339,469,62424136714.0,97.04,Bottom 5%
KH-00017,CỬA HÀNG XE ĐẠP THUỶ TIÊN,TT Hương Sơn- Phú Bình- Thái Nguyên,Miền Bắc,Đã mất,23350000.0,1,415,470,62447486714.0,97.08,Bottom 5%
KH-00166,HỘ KINH DOANH QUANG VINH,Tổ 1 - Phường Mường Thanh - TP Điện Biên Phủ,Miền Bắc,Đã mất,23312643.0,1,368,471,62470799357.0,97.11,Bottom 5%
KH-00174,CÔNG TY CỔ PHẦN THƯƠNG MẠI LÊ ANH,Đà Nẵng,Miền Trung,Đã mất,23300000.0,1,360,472,62494099357.0,97.15,Bottom 5%
KH-00443,CÔNG TY TNHH HÙNG CƯỜNG,Hà Nội,Miền Bắc,Trung bình,23242219.0,1,36,473,62517341576.0,97.19,Bottom 5%
KH-00158,CÔNG TY TNHH THƯƠNG MẠI VIỆT ANH,Thái Bình,Miền Bắc,Đã mất,23040000.0,1,369,474,62540381576.0,97.22,Bottom 5%
KH-00333,DOANH NGHIỆP TW ĐÔNG NAM,Thanh Hoá,Miền Trung,Trung bình,22970000.0,1,335,475,62563351576.0,97.26,Bottom 5%
KH-00145,HỘ KINH DOANH PHÚ THỊNH,Quảng Ngãi,Miền Trung,Đã mất,22940000.0,1,372,476,62586291576.0,97.29,Bottom 5%
KH-00606,CỬA HÀNG XE ĐẠP BÌNH MINH,Bắc Ninh,Miền Bắc,Loyal,22931385.0,1,24,477,62609222961.0,97.33,Bottom 5%
KH-00233,DOANH NGHIỆP TW CHI THÀNH,Thái Bình,Miền Bắc,Trung bình,22840000.0,1,345,478,62632062961.0,97.36,Bottom 5%
KH-00504,CÔNG TY CỔ PHẦN THƯƠNG MẠI TÂY BẮC,Hà Nội,Miền Bắc,Trung bình,22818328.0,1,32,479,62654881289.0,97.4,Bottom 5%
KH-00446,CÔNG TY TNHH THƯƠNG MẠI MINH PHƯƠNG,Quảng Trị,Miền Trung,Trung bình,22567396.0,1,36,480,62677448685.0,97.43,Bottom 5%
KH-00114,CỬA HÀNG XE ĐẠP NGỌC ANH,Phố Kiểu - Yên Trường - Yên Định - Thanh Hoá,Miền Bắc,Đã mất,22550000.0,1,375,481,62699998685.0,97.47,Bottom 5%
KH-00280,CÔNG TY TNHH THƯƠNG MẠI MINH PHƯƠNG,Hà Nam,Miền Bắc,Ngủ đông,22480000.0,1,341,482,62722478685.0,97.5,Bottom 5%
KH-00144,CỬA HÀNG XE ĐẠP QUANG VINH,Vĩnh Yên,Miền Bắc,Đã mất,22418078.0,1,372,483,62744896763.0,97.54,Bottom 5%
KH-00480,DOANH NGHIỆP TW ĐẠI DƯƠNG,Hà Nội,Miền Bắc,Trung bình,22314816.0,1,33,484,62767211579.0,97.57,Bottom 5%
KH-00622,CÔNG TY CỔ PHẦN XUÂN MAI,Lào Cai,Miền Bắc,Loyal,22282679.0,1,22,485,62789494258.0,97.61,Bottom 5%
KH-00321,CỬA HÀNG XE ĐẠP VIỆT ANH,Hải Phòng,Miền Bắc,Trung bình,22250000.0,1,335,486,62811744258.0,97.64,Bottom 5%
KH-00401,HỘ KINH DOANH THUỶ TIÊN,Hà Nội,Miền Bắc,Trung bình,22144902.0,1,38,487,62833889160.0,97.68,Bottom 5%
KH-00548,CÔNG TY TNHH KHẢI HOÀN,Quảng Trị,Miền Trung,Loyal,22080551.0,1,31,488,62855969711.0,97.71,Bottom 5%
KH-00125,HỘ KINH DOANH BÌNH MINH,Thanh Hóa,Miền Trung,Đã mất,21860000.0,1,374,489,62877829711.0,97.75,Bottom 5%
KH-00329,HỘ KINH DOANH TRÍ ĐỨC,Hà Nội,Miền Bắc,Trung bình,21666667.0,1,335,490,62899496378.0,97.78,Bottom 5%
KH-00309,CÔNG TY CỔ PHẦN PHÚC AN,Hải Dương,Miền Bắc,Ngủ đông,21610000.0,1,338,491,62921106378.0,97.81,Bottom 5%
KH-00530,DOANH NGHIỆP TW TÂY BẮC,Hà Nội,Miền Bắc,Loyal,21605551.0,1,32,492,62942711929.0,97.85,Bottom 5%
KH-00576,DOANH NGHIỆP TW THIÊN AN,Quảng Ninh,Miền Bắc,Loyal,21478325.0,1,29,493,62964190254.0,97.88,Bottom 5%
KH-00552,CỬA HÀNG XE ĐẠP YÊN BÌNH,Phú Thọ,Miền Bắc,Loyal,21451568.0,1,31,494,62985641822.0,97.91,Bottom 5%
KH-00555,CỬA HÀNG XE ĐẠP TRƯỜNG THỊNH,Ninh Bình,Miền Bắc,Loyal,21375919.0,1,31,495,63007017741.0,97.95,Bottom 5%
KH-00156,DOANH NGHIỆP TW VIỆT ANH,Thanh Hoá,Miền Trung,Đã mất,21250000.0,1,372,496,63028267741.0,97.98,Bottom 5%
KH-00445,CÔNG TY CỔ PHẦN TÂN TIẾN,Quảng Ngãi,Miền Trung,Trung bình,20933330.0,1,36,497,63049201071.0,98.01,Bottom 5%
KH-00315,CÔNG TY CỔ PHẦN THƯƠNG MẠI THUỶ TIÊN,Vĩnh Yên,Miền Bắc,Ngủ đông,20889981.0,1,338,498,63070091052.0,98.04,Bottom 5%
KH-00159,CÔNG TY TNHH THƯƠNG MẠI THANH BÌNH,Thủ Dầu Một,Miền Bắc,Ngủ đông,20750000.0,2,359,499,63090841052.0,98.08,Bottom 5%
KH-00297,CỬA HÀNG XE ĐẠP TÂY BẮC,Hà Nội,Miền Bắc,Ngủ đông,20650000.0,1,339,500,63111491052.0,98.11,Bottom 5%
KH-00230,DOANH NGHIỆP TW ĐẠI LỢI,Hà Nội,Miền Bắc,Trung bình,20440000.0,1,345,501,63131931052.0,98.14,Bottom 5%
KH-00293,CÔNG TY TNHH THƯƠNG MẠI TÚ ANH,Hà Nội,Miền Bắc,Ngủ đông,20277778.0,1,339,502,63152208830.0,98.17,Bottom 5%
KH-00473,CÔNG TY TNHH TRÍ ĐỨC,Hà Nội,Miền Bắc,Trung bình,20212216.0,1,34,503,63172421046.0,98.2,Bottom 5%
KH-00537,CÔNG TY CỔ PHẦN ĐÔNG NAM,Bắc Kạn,Miền Bắc,Loyal,20135548.0,1,32,504,63192556594.0,98.23,Bottom 5%
KH-00271,CÔNG TY CỔ PHẦN THƯƠNG MẠI HÙNG CƯỜNG,Hà Nội,Miền Bắc,Trung bình,20030000.0,1,341,505,63212586594.0,98.27,Bottom 5%
KH-00183,DOANH NGHIỆP TW LONG PHÚ,Bắc Giang,Miền Bắc,Đã mất,20000000.0,1,352,506,63232586594.0,98.3,Bottom 5%
KH-00534,DOANH NGHIỆP TW AN PHÁT,Phú Thọ,Miền Bắc,Loyal,19952588.0,1,32,507,63252539182.0,98.33,Bottom 5%
KH-00490,CÔNG TY TNHH TÂN TIẾN,Phú Thọ,Miền Bắc,Trung bình,19349256.0,1,33,508,63271888438.0,98.36,Bottom 5%
KH-00620,CỬA HÀNG XE ĐẠP ĐẠI DƯƠNG,Hà Tĩnh,Miền Trung,Loyal,19236110.0,1,22,509,63291124548.0,98.39,Bottom 5%
KH-00232,HỘ KINH DOANH HOÀ BÌNH,Hội An,Miền Bắc,Trung bình,19000000.0,1,345,510,63310124548.0,98.42,Bottom 5%
KH-00313,DOANH NGHIỆP TW BÌNH MINH,Hà Nội,Miền Bắc,Ngủ đông,18730000.0,1,338,511,63328854548.0,98.45,Bottom 5%
KH-00103,CÔNG TY CỔ PHẦN AN PHÁT,Bắc Giang,Miền Bắc,Đã mất,18680556.0,1,375,512,63347535104.0,98.48,Bottom 5%
KH-00146,HỘ KINH DOANH LONG PHÚ,Điện Biên,Miền Bắc,Đã mất,18640000.0,1,372,513,63366175104.0,98.5,Bottom 5%
KH-00274,CÔNG TY CỔ PHẦN THƯƠNG MẠI YÊN BÌNH,Vĩnh Phúc,Miền Bắc,Ngủ đông,18170000.0,1,341,514,63384345104.0,98.53,Bottom 5%
KH-00601,HỘ KINH DOANH PHÚ THỊNH,Hà Nội,Miền Bắc,Loyal,18164071.0,1,25,515,63402509175.0,98.56,Bottom 5%
KH-00409,CÔNG TY CỔ PHẦN THƯƠNG MẠI BÌNH MINH,Thanh Hoá,Miền Trung,Trung bình,18133330.0,1,38,516,63420642505.0,98.59,Bottom 5%
KH-00045,CÔNG TY TNHH AN PHÁT,Quảng Nam,Miền Trung,Đã mất,18111112.0,1,402,517,63438753617.0,98.62,Bottom 5%
KH-00320,HỘ KINH DOANH PHÚC AN,Hà Nội,Miền Bắc,Trung bình,18020000.0,1,335,518,63456773617.0,98.65,Bottom 5%
KH-00228,CÔNG TY CỔ PHẦN THƯƠNG MẠI XUÂN MAI,Hà Nội,Miền Bắc,Trung bình,18000000.0,1,345,519,63474773617.0,98.67,Bottom 5%
KH-00431,CÔNG TY CỔ PHẦN THƯƠNG MẠI KHẢI HOÀN,Hà Nội,Miền Bắc,Trung bình,17887217.0,1,36,520,63492660834.0,98.7,Bottom 5%
KH-00084,CỬA HÀNG XE ĐẠP TOÀN THẮNG,Hưng Yên,Miền Bắc,Đã mất,17860000.0,1,380,521,63510520834.0,98.73,Bottom 5%
KH-00304,DOANH NGHIỆP TW TÚ ANH,Hà Nội,Miền Bắc,Ngủ đông,17710000.0,1,338,522,63528230834.0,98.76,Bottom 5%
KH-00587,DOANH NGHIỆP TW AN PHÁT,Hà Nội,Miền Bắc,Loyal,17595552.0,1,29,523,63545826386.0,98.78,Bottom 5%
KH-00317,CỬA HÀNG XE ĐẠP THIÊN AN,Hà Nội,Miền Bắc,Ngủ đông,17550000.0,1,338,524,63563376386.0,98.81,Bottom 5%
KH-00123,CÔNG TY CỔ PHẦN THƯƠNG MẠI LONG PHÚ,Hà Nội,Miền Bắc,Đã mất,17390000.0,1,374,525,63580766386.0,98.84,Bottom 5%
KH-00539,CỬA HÀNG XE ĐẠP CHI THÀNH,Thái Nguyên,Miền Bắc,Loyal,17192218.0,1,32,526,63597958604.0,98.87,Bottom 5%
KH-00279,CỬA HÀNG XE ĐẠP CHI THÀNH,Hà Nam,Miền Bắc,Ngủ đông,17170000.0,1,341,527,63615128604.0,98.89,Bottom 5%
KH-00331,HỘ KINH DOANH ĐẠI DƯƠNG,Hà Giang,Miền Bắc,Trung bình,16960000.0,1,335,528,63632088604.0,98.92,Bottom 5%
KH-00449,CÔNG TY CỔ PHẦN THUỶ TIÊN,Phú Thọ,Miền Bắc,Trung bình,16652772.0,1,36,529,63648741376.0,98.94,Bottom 5%
KH-00069,CÔNG TY TNHH MINH PHƯƠNG,Hà Nội,Miền Bắc,Có tiềm năng,16611111.0,3,53,530,63665352487.0,98.97,Bottom 5%
KH-00589,DOANH NGHIỆP TW KHẢI HOÀN,Hà Nội,Miền Bắc,Loyal,16527777.0,1,27,531,63681880264.0,99.0,Bottom 5%
KH-00583,CÔNG TY TNHH THƯƠNG MẠI THANH BÌNH,Đà Nẵng,Miền Trung,Loyal,16494903.0,1,29,532,63698375167.0,99.02,Bottom 5%
KH-00306,CÔNG TY TNHH HOÀ BÌNH,Vĩnh Phúc,Miền Bắc,Ngủ đông,16430000.0,1,338,533,63714805167.0,99.05,Bottom 5%
KH-00322,CÔNG TY TNHH THƯƠNG MẠI THANH BÌNH,Hải Phòng,Miền Bắc,Trung bình,16380000.0,1,335,534,63731185167.0,99.07,Bottom 5%
KH-00460,DOANH NGHIỆP TW THUỶ TIÊN,Phú Thọ,Miền Bắc,Trung bình,16361110.0,1,34,535,63747546277.0,99.1,Bottom 5%
KH-00613,DOANH NGHIỆP TW HÙNG CƯỜNG,Quảng Ninh,Miền Bắc,Loyal,16197214.0,1,24,536,63763743491.0,99.12,Bottom 5%
KH-00422,CÔNG TY CỔ PHẦN THƯƠNG MẠI SƠN HÀ,Hà Nội,Miền Bắc,Trung bình,15861474.0,1,37,537,63779604965.0,99.15,Bottom 5%
KH-00448,CÔNG TY TNHH THUỶ TIÊN,Hà Nội,Miền Bắc,Trung bình,15771104.0,1,36,538,63795376069.0,99.17,Bottom 5%
KH-00522,CÔNG TY TNHH HÙNG CƯỜNG,Ninh Bình,Miền Bắc,Trung bình,15749995.0,1,32,539,63811126064.0,99.2,Bottom 5%
KH-00592,CỬA HÀNG XE ĐẠP SÁN LẠP,TP Đà Nẵng,Miền Bắc,Loyal,14944444.0,1,26,540,63826070508.0,99.22,Bottom 5%
KH-00345,DOANH NGHIỆP TW PHÚ THỊNH,Phú Thọ,Miền Bắc,Trung bình,14872220.0,1,48,541,63840942728.0,99.24,Bottom 5%
KH-00290,CÔNG TY CỔ PHẦN THƯƠNG MẠI TÂY BẮC,Hưng Yên,Miền Bắc,Ngủ đông,14702643.0,1,340,542,63855645371.0,99.27,Bottom 5%
KH-00150,HỘ KINH DOANH SÁN LẠP,Hải Dương,Miền Bắc,Đã mất,14582643.0,1,372,543,63870228014.0,99.29,Bottom 5%
KH-00511,CÔNG TY TNHH BÌNH MINH,Lào Cai,Miền Bắc,Trung bình,14207958.0,1,32,544,63884435972.0,99.31,Bottom 5%
KH-00326,CỬA HÀNG XE ĐẠP VĨNH PHÁT,Quảng NinhSố,Miền Bắc,Trung bình,13870000.0,1,335,545,63898305972.0,99.33,Bottom 5%
KH-00061,HỘ KINH DOANH THUỶ TIÊN,Hòa Bình,Miền Bắc,Đã mất,13730000.0,1,384,546,63912035972.0,99.35,Bottom 5%
KH-00008,CÔNG TY CỔ PHẦN YÊN BÌNH,Hưng Yên,Miền Bắc,Trung bình,13685186.0,2,43,547,63925721158.0,99.37,Bottom 5%
KH-00025,DOANH NGHIỆP TW SƠN HÀ,Thanh Hoá,Miền Trung,Đã mất,13277778.0,1,412,548,63938998936.0,99.4,Bottom 5%
KH-00048,CÔNG TY TNHH THUỶ TIÊN,Hà Nội,Miền Bắc,Không thể mất,13277778.0,3,374,548,63952276714.0,99.42,Bottom 5%
KH-00182,CÔNG TY CỔ PHẦN PHÚ THỊNH,Sơn La,Miền Bắc,Đã mất,13140000.0,1,352,550,63965416714.0,99.44,Bottom 5%
KH-00303,CÔNG TY CỔ PHẦN BÌNH MINH,Hà Nội,Miền Bắc,Ngủ đông,12980000.0,1,338,551,63978396714.0,99.46,Bottom 5%
KH-00500,CÔNG TY CỔ PHẦN THƯƠNG MẠI VĨNH PHÁT,Hà Nội,Miền Bắc,Trung bình,12458333.0,1,32,552,63990855047.0,99.48,Bottom 5%
KH-00001,HỘ KINH DOANH TÚ ANH,Hà Nội,Miền Bắc,Nguy cơ rời bỏ,11527779.0,3,340,553,64002382826.0,99.49,Bottom 5%
KH-00041,CỬA HÀNG XE ĐẠP ĐÔNG NAM,Thanh Hóa,Miền Trung,Đã mất,11064815.0,1,403,554,64013447641.0,99.51,Bottom 5%
KH-00033,CỬA HÀNG XE ĐẠP HÙNG CƯỜNG,Hà Nội,Miền Bắc,Đã mất,11064815.0,1,408,554,64024512456.0,99.53,Bottom 5%
KH-00165,CÔNG TY CỔ PHẦN THƯƠNG MẠI TRƯỜNG THỊNH,Bắc Giang,Miền Bắc,Đã mất,10890000.0,1,368,556,64035402456.0,99.55,Bottom 5%
KH-00323,CÔNG TY CỔ PHẦN PHÚ THỊNH,Nghệ An,Miền Trung,Trung bình,10850000.0,1,335,557,64046252456.0,99.56,Bottom 5%
KH-00375,CÔNG TY TNHH ĐẠI DƯƠNG,Hà Nội,Miền Bắc,Trung bình,10716664.0,1,44,558,64056969120.0,99.58,Bottom 5%
KH-00617,CÔNG TY CỔ PHẦN ĐẠI LỢI,Hà Nội,Miền Bắc,Loyal,10000000.0,1,23,559,64066969120.0,99.59,Bottom 5%
KH-00591,CÔNG TY TNHH THƯƠNG MẠI KHẢI HOÀN,Hà Nội,Miền Bắc,Loyal,9157407.0,1,26,560,64076126527.0,99.61,Bottom 5%
KH-00337,DOANH NGHIỆP TW VĨNH PHÁT,Hà Nội,Miền Bắc,Trung bình,9157407.0,1,48,560,64085283934.0,99.62,Bottom 5%
KH-00070,CÔNG TY TNHH THƯƠNG MẠI CHI THÀNH,TP. Hồ Chí Minh,Miền Nam,Đã mất,8851852.0,1,381,562,64094135786.0,99.64,Bottom 5%
KH-00090,CÔNG TY TNHH THƯƠNG MẠI TÂY BẮC,Thanh Hoá,Miền Trung,Đã mất,8518519.0,1,379,563,64102654305.0,99.65,Bottom 5%
KH-00361,CÔNG TY CỔ PHẦN THƯƠNG MẠI TÂY BẮC,Hà Nội,Miền Bắc,Loyal,8055557.0,2,26,564,64110709862.0,99.66,Bottom 5%
KH-00550,CÔNG TY TNHH ĐÔNG NAM,Phú Thọ,Miền Bắc,Loyal,7799812.0,1,31,565,64118509674.0,99.67,Bottom 5%
KH-00026,CÔNG TY CỔ PHẦN LÊ ANH,Thanh Hóa,Miền Trung,Đã mất,7777778.0,1,412,566,64126287452.0,99.69,Bottom 5%
KH-00175,CÔNG TY CỔ PHẦN THƯƠNG MẠI TÂN TIẾN,Hà Nội,Miền Bắc,Đã mất,7490741.0,1,360,567,64133778193.0,99.7,Bottom 5%
KH-00253,CÔNG TY TNHH YÊN BÌNH,Hà Nội,Miền Bắc,Trung bình,7490741.0,1,342,567,64141268934.0,99.71,Bottom 5%
KH-00177,CÔNG TY CỔ PHẦN TRƯỜNG THỊNH,Hưng Yên,Miền Bắc,Đã mất,7388889.0,1,356,569,64148657823.0,99.72,Bottom 5%
KH-00418,CÔNG TY CỔ PHẦN PHÚ THỊNH,Hà Nội,Miền Bắc,Trung bình,7361112.0,1,37,570,64156018935.0,99.73,Bottom 5%
KH-00118,HỘ KINH DOANH HÙNG CƯỜNG,Nam Định,Miền Bắc,Đã mất,7361111.0,1,374,571,64163380046.0,99.74,Bottom 5%
KH-00412,CÔNG TY TNHH TRÍ ĐỨC,Hưng Yên,Miền Bắc,Trung bình,6805556.0,1,37,572,64170185602.0,99.75,Bottom 5%
KH-00593,CÔNG TY CỔ PHẦN NGỌC ANH,Hà Nội,Miền Bắc,Loyal,5185186.0,2,20,573,64175370788.0,99.76,Bottom 5%
KH-00012,HỘ KINH DOANH THIÊN AN,Hà Nội,Miền Bắc,Ngủ đông,5185186.0,2,356,573,64180555974.0,99.77,Bottom 5%
KH-00055,CÔNG TY TNHH THƯƠNG MẠI TÂY BẮC,Đắk Lắk,Miền Trung,Đã mất,4983333.0,1,384,575,64185539307.0,99.78,Bottom 5%
KH-00462,HỘ KINH DOANH TRƯỜNG THỊNH,Hưng Yên,Miền Bắc,Loyal,4981482.0,2,31,576,64190520789.0,99.79,Bottom 5%
KH-00031,CÔNG TY CỔ PHẦN THƯƠNG MẠI ĐẠI DƯƠNG,Hà Nội,Miền Bắc,Đã mất,4907408.0,1,409,577,64195428197.0,99.79,Bottom 5%
KH-00399,CÔNG TY TNHH ĐẠI LỢI,Hà Nội,Miền Bắc,Trung bình,4611112.0,1,40,578,64200039309.0,99.8,Bottom 5%
KH-00011,DOANH NGHIỆP TW NAM TIẾN,Hà Nội,Miền Bắc,Ngủ đông,4611112.0,2,360,578,64204650421.0,99.81,Bottom 5%
KH-00051,CÔNG TY CỔ PHẦN KHẢI HOÀN,Hưng Yên,Miền Bắc,Đã mất,4611111.0,1,387,580,64209261532.0,99.82,Bottom 5%
KH-00287,CÔNG TY TNHH THƯƠNG MẠI THUỶ TIÊN,Vĩnh Phúc,Miền Bắc,Ngủ đông,4611111.0,1,340,580,64213872643.0,99.82,Bottom 5%
KH-00336,CÔNG TY CỔ PHẦN LONG PHÚ,Bắc Ninh,Miền Bắc,Có tiềm năng,4537038.0,2,41,582,64218409681.0,99.83,Bottom 5%
KH-00478,CÔNG TY TNHH BÌNH MINH,Hà Nội,Miền Bắc,Trung bình,4527778.0,1,33,583,64222937459.0,99.84,Bottom 5%
KH-00400,CÔNG TY TNHH XÂY DỰNG,Đồng Nai,Miền Nam,Trung bình,4527778.0,1,39,583,64227465237.0,99.84,Bottom 5%
KH-00005,CÔNG TY TNHH ĐẠI LỢI,Hà Nội,Miền Bắc,Đã mất,4425926.0,1,418,585,64231891163.0,99.85,Bottom 5%
KH-00179,CÔNG TY CỔ PHẦN TÂN TIẾN,Hà Nội,Miền Bắc,Đã mất,4240741.0,1,356,586,64236131904.0,99.86,Bottom 5%
KH-00029,CÔNG TY TNHH THƯƠNG MẠI THANH BÌNH,Phan Thiết,Miền Bắc,Đã mất,4055556.0,1,409,587,64240187460.0,99.86,Bottom 5%
KH-00037,CÔNG TY TNHH THƯƠNG MẠI THANH BÌNH,Hà Nội,Miền Bắc,Đã mất,3879630.0,1,405,588,64244067090.0,99.87,Bottom 5%
KH-00335,CÔNG TY CỔ PHẦN THUỶ TIÊN,Hà Nội,Miền Bắc,Trung bình,3870371.0,1,54,589,64247937461.0,99.88,Bottom 5%
KH-00053,CÔNG TY TNHH TRƯỜNG THỊNH,Hà Nội,Miền Bắc,Đã mất,3694444.0,1,387,590,64251631905.0,99.88,Bottom 5%
KH-00002,CÔNG TY TNHH THƯƠNG MẠI VIỆT ANH,Hà Nội,Miền Bắc,Đã mất,3509259.0,1,419,591,64255141164.0,99.89,Bottom 5%
KH-00071,CỬA HÀNG XE ĐẠP BÌNH MINH,Hà Nội,Miền Bắc,Đã mất,3509259.0,1,380,591,64258650423.0,99.89,Bottom 5%
KH-00072,DOANH NGHIỆP TW PHÚC AN,Hà Tĩnh,Miền Trung,Đã mất,3450000.0,1,380,593,64262100423.0,99.9,Bottom 5%
KH-00479,DOANH NGHIỆP TW NGỌC ANH,Hà Nội,Miền Bắc,Trung bình,3333333.0,1,33,594,64265433756.0,99.9,Bottom 5%
KH-00619,CỬA HÀNG XE ĐẠP VĨNH PHÁT,TP Đà Nẵng,Miền Bắc,Loyal,3231481.0,1,22,595,64268665237.0,99.91,Bottom 5%
KH-00616,CÔNG TY CỔ PHẦN TRÍ ĐỨC,Hà Nội,Miền Bắc,Loyal,2768519.0,1,23,598,64271433756.0,99.91,Bottom 5%
KH-00191,CÔNG TY CỔ PHẦN THƯƠNG MẠI XUÂN MAI,Hưng Yên,Miền Bắc,Đã mất,2768519.0,1,347,598,64274202275.0,99.92,Bottom 5%
KH-00388,CÔNG TY CỔ PHẦN MẶT TRỜI,Hà Nội,Miền Bắc,Trung bình,2768519.0,1,41,598,64276970794.0,99.92,Bottom 5%
KH-00187,HỘ KINH DOANH NGỌC ANH,Hà Nội,Miền Bắc,Đã mất,2768519.0,1,348,598,64279739313.0,99.92,Bottom 5%
KH-00540,CÔNG TY TNHH NGỌC ANH,Hà Nội,Miền Bắc,Loyal,2768519.0,1,31,598,64282507832.0,99.93,Bottom 5%
KH-00160,CÔNG TY TNHH THƯƠNG MẠI TRÍ ĐỨC,Hà Nội,Miền Bắc,Đã mất,2768519.0,1,368,598,64285276351.0,99.93,Bottom 5%
KH-00185,CÔNG TY TNHH THƯƠNG MẠI VĨNH PHÁT,Tỉnh Hòa Bình.,Miền Bắc,Đã mất,2546296.0,1,349,602,64287822647.0,99.94,Bottom 5%
KH-00013,DOANH NGHIỆP TW THANH BÌNH,Hưng Yên,Miền Bắc,Đã mất,2490741.0,1,415,603,64290313388.0,99.94,Bottom 5%
KH-00286,DOANH NGHIỆP TW VIỆT ANH,Hà Nội,Miền Bắc,Ngủ đông,2398148.0,1,340,605,64292711536.0,99.95,Bottom 5%
KH-00054,HỘ KINH DOANH TRÍ ĐỨC,Hà Nội,Miền Bắc,Đã mất,2398148.0,1,384,605,64295109684.0,99.95,Bottom 5%
KH-00003,CÔNG TY CỔ PHẦN THƯƠNG MẠI NAM TIẾN,Hà Nội,Miền Bắc,Đã mất,2398148.0,1,419,605,64297507832.0,99.95,Bottom 5%
KH-00541,HỘ KINH DOANH SÁN LẠP,TP Đà Nẵng,Miền Bắc,Loyal,2361111.0,1,31,608,64299868943.0,99.96,Bottom 5%
KH-00542,CÔNG TY TNHH THƯƠNG MẠI NAM TIẾN,Lạng Sơn,Miền Bắc,Loyal,2361111.0,1,31,608,64302230054.0,99.96,Bottom 5%
KH-00411,CỬA HÀNG XE ĐẠP MẶT TRỜI,Hà Nội,Miền Bắc,Trung bình,2361111.0,1,38,608,64304591165.0,99.96,Bottom 5%
KH-00203,CÔNG TY CỔ PHẦN THƯƠNG MẠI HOÀ BÌNH,Phú Thọ,Miền Bắc,Đã mất,2305556.0,1,347,611,64306896721.0,99.97,Bottom 5%
KH-00294,HỘ KINH DOANH SÁN LẠP,Hải Phòng,Miền Bắc,Ngủ đông,2305556.0,1,339,611,64309202277.0,99.97,Bottom 5%
KH-00213,CÔNG TY CỔ PHẦN HOÀ BÌNH,Hà Nội,Miền Bắc,Đã mất,2305556.0,1,346,611,64311507833.0,99.97,Bottom 5%
KH-00050,CÔNG TY TNHH AN PHÁT,Hải Dương,Miền Bắc,Đã mất,2305556.0,1,387,611,64313813389.0,99.98,Bottom 5%
KH-00590,CÔNG TY TNHH TOÀN THẮNG,Thanh Hóa,Miền Trung,Loyal,2268519.0,1,27,614,64316081908.0,99.98,Bottom 5%
KH-00052,DOANH NGHIỆP TW TÂN TIẾN,Chí Linh,Miền Bắc,Đã mất,2212963.0,1,387,615,64318294871.0,99.98,Bottom 5%
KH-00178,CÔNG TY CỔ PHẦN QUANG VINH,Hà Nội,Miền Bắc,Đã mất,2212963.0,1,356,615,64320507834.0,99.99,Bottom 5%
KH-00245,CỬA HÀNG XE ĐẠP TÂN TIẾN,Hà Nội,Miền Bắc,Trung bình,2120370.0,1,344,617,64322628204.0,99.99,Bottom 5%
KH-00362,HỘ KINH DOANH MẶT TRỜI,Hà Nội,Miền Bắc,Trung bình,2027778.0,1,46,618,64324655982.0,99.99,Bottom 5%
KH-00032,HỘ KINH DOANH CHI THÀNH,Hà Nội,Miền Bắc,Đã mất,1935185.0,1,409,619,64326591167.0,100.0,Bottom 5%
KH-00176,CÔNG TY TNHH THUỶ TIÊN,Hà Nội,Miền Bắc,Đã mất,1472222.0,1,359,620,64328063389.0,100.0,Bottom 5%
