ds,yhat,yhat_lower,yhat_upper,group_code,is_forecast,group_name
2025-01-02,0.0,0.0,389528102.7233186,CITYBIKE_P,0,Xe phổ thông
2025-01-06,49466628.87677102,0.0,551383163.1891159,CITYBIKE_P,0,Xe phổ thông
2025-01-07,61040014.452988215,0.0,526439328.0832515,CITYBIKE_P,0,Xe phổ thông
2025-01-08,68035150.26630732,0.0,538524317.1176473,CITYBIKE_P,0,Xe phổ thông
2025-01-09,72125014.52494334,0.0,549147155.4210244,CITYBIKE_P,0,Xe phổ thông
2025-01-10,74757577.6250202,0.0,519861463.1449462,CITYBIKE_P,0,Xe phổ thông
2025-01-11,77130922.50645141,0.0,512475029.24895656,CITYBIKE_P,0,Xe phổ thông
2025-01-13,84573283.49962024,0.0,557099364.1308193,CITYBIKE_P,0,Xe phổ thông
2025-01-15,98800155.2653795,0.0,550639212.8947828,CITYBIKE_P,0,Xe phổ thông
2025-01-16,108762117.46098676,0.0,578997492.4524024,CITYBIKE_P,0,Xe phổ thông
2025-01-17,120383701.33341399,0.0,579615538.1151359,CITYBIKE_P,0,Xe phổ thông
2025-01-18,133294732.70337012,0.0,647809017.8721068,CITYBIKE_P,0,Xe phổ thông
2025-01-20,161021358.71567822,0.0,634006568.7252532,CITYBIKE_P,0,Xe phổ thông
2025-01-22,187622725.65960348,0.0,670450794.170075,CITYBIKE_P,0,Xe phổ thông
2025-01-23,199183548.82514384,0.0,675060630.5732502,CITYBIKE_P,0,Xe phổ thông
2025-01-24,209006154.86366594,0.0,702306558.062409,CITYBIKE_P,0,Xe phổ thông
2025-02-04,199909749.58680332,0.0,678535576.0895555,CITYBIKE_P,0,Xe phổ thông
2025-02-05,197014731.11763388,0.0,699532118.4758276,CITYBIKE_P,0,Xe phổ thông
2025-02-07,196407394.62262493,0.0,631038725.2999591,CITYBIKE_P,0,Xe phổ thông
2025-02-10,211001598.51941875,0.0,658422972.9974588,CITYBIKE_P,0,Xe phổ thông
2025-02-11,219726053.8412001,0.0,699977338.8527745,CITYBIKE_P,0,Xe phổ thông
2025-02-13,240873549.5568571,0.0,730057602.7951971,CITYBIKE_P,0,Xe phổ thông
2025-02-14,252172782.99648413,0.0,728323740.3659942,CITYBIKE_P,0,Xe phổ thông
2025-02-15,263060157.69480956,0.0,753485971.149547,CITYBIKE_P,0,Xe phổ thông
2025-02-17,280644462.8942323,0.0,752086121.571346,CITYBIKE_P,0,Xe phổ thông
2025-02-18,285877885.6008099,0.0,722640130.1436245,CITYBIKE_P,0,Xe phổ thông
2025-02-19,287849627.4053207,0.0,743661013.4680554,CITYBIKE_P,0,Xe phổ thông
2025-02-20,286015406.55338526,0.0,732504885.3476623,CITYBIKE_P,0,Xe phổ thông
2025-02-21,279972402.687971,0.0,702401449.6456015,CITYBIKE_P,0,Xe phổ thông
2025-02-22,269490792.3095015,0.0,746347071.2543292,CITYBIKE_P,0,Xe phổ thông
2025-02-24,235304973.101576,0.0,709349796.1693392,CITYBIKE_P,0,Xe phổ thông
2025-02-25,212201201.04264602,0.0,657648626.3087403,CITYBIKE_P,0,Xe phổ thông
2025-02-26,185871119.70441437,0.0,649297063.7861941,CITYBIKE_P,0,Xe phổ thông
2025-02-27,157177825.89577794,0.0,645982146.7494115,CITYBIKE_P,0,Xe phổ thông
2025-02-28,127186023.53832978,0.0,579380229.2490079,CITYBIKE_P,0,Xe phổ thông
2025-03-01,97133688.19844697,0.0,544015602.3528576,CITYBIKE_P,0,Xe phổ thông
2025-03-06,0.0,0.0,460511629.82452095,CITYBIKE_P,0,Xe phổ thông
2025-03-07,0.0,0.0,458353595.0496261,CITYBIKE_P,0,Xe phổ thông
2025-03-08,4819149.200899446,0.0,452168789.4792107,CITYBIKE_P,0,Xe phổ thông
2025-03-10,54282963.64098808,0.0,515477669.6429959,CITYBIKE_P,0,Xe phổ thông
2025-03-13,208153476.77903056,0.0,669235402.4370482,CITYBIKE_P,0,Xe phổ thông
2025-03-14,278353309.91994685,0.0,729827578.90281,CITYBIKE_P,0,Xe phổ thông
2025-03-17,524683939.7868531,31745585.04076777,995011359.0410349,CITYBIKE_P,0,Xe phổ thông
2025-03-18,611267955.7116688,158436406.8510745,1069617847.5353193,CITYBIKE_P,0,Xe phổ thông
2025-03-19,695675164.4539386,236447334.5245967,1143184489.3534741,CITYBIKE_P,0,Xe phổ thông
2025-03-20,774991641.0964265,275701973.84149265,1222506900.953064,CITYBIKE_P,0,Xe phổ thông
2025-03-21,846249535.3056812,372658763.95004284,1325402003.4289486,CITYBIKE_P,0,Xe phổ thông
2025-03-22,906527126.6055543,428231983.3445426,1356846694.4108627,CITYBIKE_P,0,Xe phổ thông
2025-03-24,983320852.7132714,525863484.8999427,1462754472.16647,CITYBIKE_P,0,Xe phổ thông
2025-03-25,995182435.3316172,548806136.032739,1467519687.3354363,CITYBIKE_P,0,Xe phổ thông
2025-03-26,986963525.2460091,540616891.028656,1433937205.4009213,CITYBIKE_P,0,Xe phổ thông
2025-03-27,957550882.7202685,495330430.4333985,1411386502.0230966,CITYBIKE_P,0,Xe phổ thông
2025-03-28,906475758.2296126,422909889.4317245,1393832809.6972,CITYBIKE_P,0,Xe phổ thông
2025-03-29,833980953.4307746,357416302.3146283,1304190450.7958934,CITYBIKE_P,0,Xe phổ thông
2025-03-31,629534691.6278759,181953258.96126026,1105775165.95725,CITYBIKE_P,0,Xe phổ thông
2026-01-06,153602121.69273296,0.0,602465517.5948548,CITYBIKE_P,0,Xe phổ thông
2026-01-08,222960305.98889187,0.0,705848337.3187191,CITYBIKE_P,0,Xe phổ thông
2026-01-12,262514990.8369772,0.0,711843249.6423342,CITYBIKE_P,0,Xe phổ thông
2026-01-13,275020023.46902704,0.0,731346042.8967642,CITYBIKE_P,0,Xe phổ thông
2026-01-14,292971841.73874396,0.0,755209989.3005068,CITYBIKE_P,0,Xe phổ thông
2026-01-15,317077715.2903387,0.0,741834941.796651,CITYBIKE_P,0,Xe phổ thông
2026-01-16,347311759.40465015,0.0,809356507.8419315,CITYBIKE_P,0,Xe phổ thông
2026-01-17,383025345.97291934,0.0,851510494.6659545,CITYBIKE_P,0,Xe phổ thông
2026-01-19,465948287.86168826,0.0,954630562.3605697,CITYBIKE_P,0,Xe phổ thông
2026-01-20,509921718.3393857,37128889.70517751,957236717.5275867,CITYBIKE_P,0,Xe phổ thông
2026-01-21,553177787.930057,50412620.220031545,1000405111.5201398,CITYBIKE_P,0,Xe phổ thông
2026-01-22,593942562.2730142,145219393.2140842,1043967415.675469,CITYBIKE_P,0,Xe phổ thông
2026-01-23,630598693.8187547,184614183.5541303,1102111097.5095341,CITYBIKE_P,0,Xe phổ thông
2026-01-24,661783073.356448,214730022.4815545,1098752528.4161355,CITYBIKE_P,0,Xe phổ thông
2026-01-26,703994853.342326,234503148.8555963,1154189791.7336826,CITYBIKE_P,0,Xe phổ thông
2026-01-27,714145067.3964953,212312441.25380886,1178249667.3358774,CITYBIKE_P,0,Xe phổ thông
2026-01-28,717104704.4255085,248452208.81838772,1185782066.9587114,CITYBIKE_P,0,Xe phổ thông
2026-01-29,713466906.3612883,259456343.5003444,1204236465.6347237,CITYBIKE_P,0,Xe phổ thông
2026-01-30,704187918.7687917,199218324.30314156,1203533399.8620489,CITYBIKE_P,0,Xe phổ thông
2026-01-31,690528040.5416037,223588598.06339362,1156398146.6536317,CITYBIKE_P,0,Xe phổ thông
2026-02-02,656166459.8060585,162482276.85858548,1101734534.7188408,CITYBIKE_P,0,Xe phổ thông
2026-02-03,638778032.2436129,175699034.77944362,1091727995.9083958,CITYBIKE_P,0,Xe phổ thông
2026-02-04,623444931.7061794,141611024.4500785,1046319147.8122678,CITYBIKE_P,0,Xe phổ thông
2026-02-05,611658565.0023936,129326413.47823286,1082882594.6573427,CITYBIKE_P,0,Xe phổ thông
2026-02-06,604680719.1602076,116738621.89940533,1072531876.3507156,CITYBIKE_P,0,Xe phổ thông
2026-02-07,603466927.2986107,153704024.64234528,1078097118.7206304,CITYBIKE_P,0,Xe phổ thông
2026-02-09,620268987.8736496,147712930.45827594,1086824389.1461391,CITYBIKE_P,0,Xe phổ thông
2026-02-10,638199461.6515557,167938875.24272147,1110046296.4876366,CITYBIKE_P,0,Xe phổ thông
2026-02-11,661697322.7925879,198366015.26655152,1133472478.6031725,CITYBIKE_P,0,Xe phổ thông
2026-02-12,689645918.7889727,200363362.67314777,1113839346.122805,CITYBIKE_P,0,Xe phổ thông
2026-02-13,720552475.2259536,256903447.4564337,1139725074.6692247,CITYBIKE_P,0,Xe phổ thông
2026-02-22,804247623.8704723,321730059.7039346,1255740452.7273421,CITYBIKE_P,0,Xe phổ thông
2026-02-23,761251996.9377825,304012712.063889,1236859526.772202,CITYBIKE_P,0,Xe phổ thông
2026-02-24,705723845.0317398,217163121.07828394,1191328358.3789093,CITYBIKE_P,0,Xe phổ thông
2026-02-25,638813623.6893616,187382216.1483942,1099141286.281661,CITYBIKE_P,0,Xe phổ thông
2026-02-26,562328983.7943945,112457806.35196447,1047796520.6566147,CITYBIKE_P,0,Xe phổ thông
2026-02-27,478707487.26274025,6303271.570294583,917476070.1353607,CITYBIKE_P,0,Xe phổ thông
2026-02-28,390960889.08950686,0.0,852053959.7951119,CITYBIKE_P,0,Xe phổ thông
2026-03-01,302591822.79229206,0.0,772723106.9845296,CITYBIKE_P,1,Xe phổ thông
2026-03-02,217484837.35834438,0.0,668074766.4137173,CITYBIKE_P,1,Xe phổ thông
2026-03-03,139774808.09566578,0.0,606314748.420297,CITYBIKE_P,1,Xe phổ thông
2026-03-04,73696740.90365362,0.0,545075467.95432,CITYBIKE_P,1,Xe phổ thông
2026-03-05,23421871.623830453,0.0,508556653.5036216,CITYBIKE_P,1,Xe phổ thông
2026-03-06,0.0,0.0,465058917.6532648,CITYBIKE_P,1,Xe phổ thông
2026-03-07,0.0,0.0,440803932.1043195,CITYBIKE_P,1,Xe phổ thông
2026-03-08,4554165.311343792,0.0,502123328.1853709,CITYBIKE_P,1,Xe phổ thông
2026-03-09,51916229.76919347,0.0,512279202.6129597,CITYBIKE_P,1,Xe phổ thông
2026-03-10,129033812.83959743,0.0,591193987.5326965,CITYBIKE_P,1,Xe phổ thông
2026-03-11,236247554.4841108,0.0,684899203.4152293,CITYBIKE_P,1,Xe phổ thông
2026-03-12,372818784.42648435,0.0,821008147.9330308,CITYBIKE_P,1,Xe phổ thông
2026-03-13,536877521.7146986,112247252.75026141,986224046.4689021,CITYBIKE_P,1,Xe phổ thông
2026-03-14,725408702.5826467,274330726.7203133,1189809033.4164321,CITYBIKE_P,1,Xe phổ thông
2026-03-15,934279261.0378366,452927919.8326426,1406429068.9185314,CITYBIKE_P,1,Xe phổ thông
2026-03-16,1158307376.4170754,687150998.2521653,1627400328.7588959,CITYBIKE_P,1,Xe phổ thông
2026-03-17,1391373796.245548,942769923.7680788,1834578462.3639367,CITYBIKE_P,1,Xe phổ thông
2026-03-18,1626573685.0354464,1161429705.482329,2087767645.0398996,CITYBIKE_P,1,Xe phổ thông
2026-03-19,1856405988.0864215,1401856573.1979218,2344456787.044218,CITYBIKE_P,1,Xe phổ thông
2026-03-20,2072995882.2600398,1595254331.614718,2500704684.837662,CITYBIKE_P,1,Xe phổ thông
2026-03-21,2268344562.279886,1830792291.5375972,2734123916.401009,CITYBIKE_P,1,Xe phổ thông
2026-03-22,2434599427.9485006,1969876407.128805,2915154479.2314215,CITYBIKE_P,1,Xe phổ thông
2026-03-23,2564336738.4173465,2084080048.8283422,3018337001.085556,CITYBIKE_P,1,Xe phổ thông
2026-03-24,2650848023.472342,2210568785.55845,3114823597.937006,CITYBIKE_P,1,Xe phổ thông
2026-03-25,2688421020.879237,2194566729.4141226,3153754781.659899,CITYBIKE_P,1,Xe phổ thông
2026-03-26,2672605668.732215,2226909707.7902675,3134785660.7568035,CITYBIKE_P,1,Xe phổ thông
2026-03-27,2600455739.340072,2110973434.1563506,3045487548.7970037,CITYBIKE_P,1,Xe phổ thông
2026-03-28,2470737064.062466,2038762580.9603124,2940551200.0610127,CITYBIKE_P,1,Xe phổ thông
2026-03-29,2284093965.185051,1778794419.4842703,2743468944.8301716,CITYBIKE_P,1,Xe phổ thông
2026-03-30,2043166469.7566915,1591969978.5332787,2460494671.8145022,CITYBIKE_P,1,Xe phổ thông
2026-03-31,1752652109.9459603,1279091403.060102,2200688854.729229,CITYBIKE_P,1,Xe phổ thông
2026-04-01,1419307585.225234,974935059.5170933,1879989426.4763868,CITYBIKE_P,1,Xe phổ thông
2026-04-02,1051887234.2850976,606813936.7027369,1481441604.337193,CITYBIKE_P,1,Xe phổ thông
2026-04-03,661017093.2566777,213900713.55229244,1115882942.5156102,CITYBIKE_P,1,Xe phổ thông
2026-04-04,259005249.26303607,0.0,743938841.3794129,CITYBIKE_P,1,Xe phổ thông
2026-04-05,0.0,0.0,352444657.65652066,CITYBIKE_P,1,Xe phổ thông
2026-04-06,0.0,0.0,0.0,CITYBIKE_P,1,Xe phổ thông
2026-04-07,0.0,0.0,0.0,CITYBIKE_P,1,Xe phổ thông
2026-04-08,0.0,0.0,0.0,CITYBIKE_P,1,Xe phổ thông
2026-04-09,0.0,0.0,0.0,CITYBIKE_P,1,Xe phổ thông
2026-04-10,0.0,0.0,0.0,CITYBIKE_P,1,Xe phổ thông
2026-04-11,0.0,0.0,0.0,CITYBIKE_P,1,Xe phổ thông
2026-04-12,0.0,0.0,0.0,CITYBIKE_P,1,Xe phổ thông
2026-04-13,0.0,0.0,0.0,CITYBIKE_P,1,Xe phổ thông
2026-04-14,0.0,0.0,0.0,CITYBIKE_P,1,Xe phổ thông
2026-04-15,0.0,0.0,0.0,CITYBIKE_P,1,Xe phổ thông
2026-04-16,0.0,0.0,370310288.76274467,CITYBIKE_P,1,Xe phổ thông
2026-04-17,596310685.2398105,137518074.93882245,1067620525.4638143,CITYBIKE_P,1,Xe phổ thông
2026-04-18,1436679092.900431,950354075.4954926,1862055643.4095156,CITYBIKE_P,1,Xe phổ thông
2026-04-19,2405209495.622023,1960290368.610831,2867870506.1919928,CITYBIKE_P,1,Xe phổ thông
2026-04-20,3491941567.557633,3019512973.866259,3944198097.685459,CITYBIKE_P,1,Xe phổ thông
2026-04-21,4683611958.946576,4194160973.0302343,5159634810.165883,CITYBIKE_P,1,Xe phổ thông
2026-04-22,5963845412.721531,5468813155.628769,6442339602.9208145,CITYBIKE_P,1,Xe phổ thông
2026-04-23,7313435081.340047,6876323501.200581,7765627226.80408,CITYBIKE_P,1,Xe phổ thông
2026-04-24,8710707251.652187,8253850452.621087,9123297470.068607,CITYBIKE_P,1,Xe phổ thông
2026-04-25,10131963185.963722,9684956370.995874,10626250996.979923,CITYBIKE_P,1,Xe phổ thông
2026-04-26,11551988432.022757,11054293492.166544,12010762442.653784,CITYBIKE_P,1,Xe phổ thông
2026-04-27,12944617815.279,12459043445.913364,13403277676.593391,CITYBIKE_P,1,Xe phổ thông
2026-04-28,14283342469.81942,13824935322.900202,14752935844.04061,CITYBIKE_P,1,Xe phổ thông
2026-04-29,15541943749.83057,15087413762.916365,15997774833.028408,CITYBIKE_P,1,Xe phổ thông
2026-04-30,16695137742.053078,16248970357.418137,17113818159.721916,CITYBIKE_P,1,Xe phổ thông
2026-05-01,17719213411.886303,17243148381.68702,18147835584.261993,CITYBIKE_P,1,Xe phổ thông
2026-05-02,18592647190.570038,18156615550.029854,19056536935.814953,CITYBIKE_P,1,Xe phổ thông
2026-05-03,19296677063.443237,18833152679.311382,19747253408.21737,CITYBIKE_P,1,Xe phổ thông
2026-05-04,19815819952.77455,19378305618.190815,20258451781.686203,CITYBIKE_P,1,Xe phổ thông
2026-05-05,20138317390.61119,19683458176.18104,20587162793.143764,CITYBIKE_P,1,Xe phổ thông
2026-05-06,20256496122.85284,19758617803.2244,20754094514.574898,CITYBIKE_P,1,Xe phổ thông
2026-05-07,20167032336.475,19704231356.82024,20619406920.219948,CITYBIKE_P,1,Xe phổ thông
2026-05-08,19871110606.93773,19407680761.15914,20339532381.040844,CITYBIKE_P,1,Xe phổ thông
2026-05-09,19374471359.948246,18922105167.88909,19872413437.608612,CITYBIKE_P,1,Xe phổ thông
2026-05-10,18687343560.288143,18238316144.173695,19138845881.28379,CITYBIKE_P,1,Xe phổ thông
2026-05-11,17824262401.06367,17306959212.017563,18296937041.64663,CITYBIKE_P,1,Xe phổ thông
2026-05-12,16803774885.452147,16351945850.119947,17270212183.073933,CITYBIKE_P,1,Xe phổ thông
2026-05-13,15648039283.165136,15167634144.089615,16112019054.149984,CITYBIKE_P,1,Xe phổ thông
2026-05-14,14382327417.116375,13937668729.331245,14843565990.642958,CITYBIKE_P,1,Xe phổ thông
2026-05-15,13034441507.30501,12561859132.454931,13457064629.625954,CITYBIKE_P,1,Xe phổ thông
2026-05-16,11634059787.248253,11199907949.911482,12101488803.438505,CITYBIKE_P,1,Xe phổ thông
2026-05-17,10212027239.375257,9716305980.241568,10699983780.12738,CITYBIKE_P,1,Xe phổ thông
2026-05-18,8799609504.757505,8370047766.263455,9269966796.18314,CITYBIKE_P,1,Xe phổ thông
2026-05-19,7427729255.361118,6953453197.998421,7899641673.538982,CITYBIKE_P,1,Xe phổ thông
2026-05-20,6126205032.851851,5660947797.525846,6581519373.532144,CITYBIKE_P,1,Xe phổ thông
2026-05-21,4923012729.628473,4433485998.055629,5361559019.877804,CITYBIKE_P,1,Xe phổ thông
2026-05-22,3843589503.9534335,3384652584.1452703,4305184045.7833185,CITYBIKE_P,1,Xe phổ thông
2026-05-23,2910198985.2903123,2449280738.291897,3386380260.8288007,CITYBIKE_P,1,Xe phổ thông
2026-05-24,2141375157.905838,1693365943.4893773,2597742077.2175813,CITYBIKE_P,1,Xe phổ thông
2026-05-25,1551460345.6042514,1097080949.3767507,1980189778.1584008,CITYBIKE_P,1,Xe phổ thông
2026-05-26,1150250307.4732144,681200133.7956356,1623614244.039199,CITYBIKE_P,1,Xe phổ thông
2026-05-27,942756656.2744657,491697747.5767334,1418584077.6468503,CITYBIKE_P,1,Xe phổ thông
2026-05-28,929093702.3434608,464371614.19516236,1391910214.0279703,CITYBIKE_P,1,Xe phổ thông
2026-05-29,1104493490.3208907,615448409.8940387,1588590618.0237958,CITYBIKE_P,1,Xe phổ thông
2026-05-30,1459449324.9338267,971657900.6151769,1899751464.779725,CITYBIKE_P,1,Xe phổ thông
2025-01-08,45352448.03153295,0.0,144959255.7596247,KIDBIKE_1,0,Xe trẻ em nhóm 1
2025-01-10,42596641.0804704,0.0,136673282.45992804,KIDBIKE_1,0,Xe trẻ em nhóm 1
2025-01-11,40280596.11186013,0.0,135332851.9965159,KIDBIKE_1,0,Xe trẻ em nhóm 1
2025-01-13,36714742.700004935,0.0,130813101.81592205,KIDBIKE_1,0,Xe trẻ em nhóm 1
2025-01-18,44212371.04110904,0.0,141989160.65255386,KIDBIKE_1,0,Xe trẻ em nhóm 1
2025-01-21,57181679.21670053,0.0,154085562.94789857,KIDBIKE_1,0,Xe trẻ em nhóm 1
2025-01-22,61582068.43582052,0.0,161231548.08563414,KIDBIKE_1,0,Xe trẻ em nhóm 1
2025-01-23,65619593.377041854,0.0,159935236.55658028,KIDBIKE_1,0,Xe trẻ em nhóm 1
2025-01-24,69096742.91101405,0.0,160286025.52090022,KIDBIKE_1,0,Xe trẻ em nhóm 1
2025-02-07,58604252.111786865,0.0,152367163.53957394,KIDBIKE_1,0,Xe trẻ em nhóm 1
2025-02-10,60858239.54409705,0.0,153867785.6291014,KIDBIKE_1,0,Xe trẻ em nhóm 1
2025-02-11,62944299.305089496,0.0,150799882.66975063,KIDBIKE_1,0,Xe trẻ em nhóm 1
2025-02-14,71591016.71146712,0.0,172399412.13234136,KIDBIKE_1,0,Xe trẻ em nhóm 1
2025-02-17,79628419.95530136,0.0,173505580.4625809,KIDBIKE_1,0,Xe trẻ em nhóm 1
2025-02-19,81640002.91158342,0.0,173877908.1177266,KIDBIKE_1,0,Xe trẻ em nhóm 1
2025-02-20,81039803.27765596,0.0,176953569.36284193,KIDBIKE_1,0,Xe trẻ em nhóm 1
2025-02-21,79180436.13766429,0.0,173626253.93296742,KIDBIKE_1,0,Xe trẻ em nhóm 1
2025-02-22,75982745.39246978,0.0,171569299.0738237,KIDBIKE_1,0,Xe trẻ em nhóm 1
2025-02-25,58479888.277842574,0.0,156496356.86436573,KIDBIKE_1,0,Xe trẻ em nhóm 1
2025-02-26,50377454.394522734,0.0,145603412.2065052,KIDBIKE_1,0,Xe trẻ em nhóm 1
2025-02-28,32117183.08220727,0.0,123798851.45735681,KIDBIKE_1,0,Xe trẻ em nhóm 1
2025-03-10,0.0,0.0,92605311.25410573,KIDBIKE_1,0,Xe trẻ em nhóm 1
2025-03-13,38872629.22901872,0.0,134342454.84708816,KIDBIKE_1,0,Xe trẻ em nhóm 1
2025-03-14,58330997.77261429,0.0,142283515.90899816,KIDBIKE_1,0,Xe trẻ em nhóm 1
2025-03-17,129199015.87733929,34948280.88675284,228647457.0392683,KIDBIKE_1,0,Xe trẻ em nhóm 1
2025-03-18,154931130.00551304,62866853.76449758,248965985.05414736,KIDBIKE_1,0,Xe trẻ em nhóm 1
2025-03-19,180415009.09925088,85420047.36335161,266282496.4510635,KIDBIKE_1,0,Xe trẻ em nhóm 1
2025-03-20,204725744.28642,113395335.96006337,299502793.93529576,KIDBIKE_1,0,Xe trẻ em nhóm 1
2025-03-21,226862834.52853987,130001073.277794,321525918.5428157,KIDBIKE_1,0,Xe trẻ em nhóm 1
2025-03-22,245767442.24675295,149582949.66284037,334837746.16933703,KIDBIKE_1,0,Xe trẻ em nhóm 1
2025-03-24,269468206.5135527,173540928.72417572,355086623.55530334,KIDBIKE_1,0,Xe trẻ em nhóm 1
2025-03-25,272033603.4732971,178427044.70312846,364853901.9665411,KIDBIKE_1,0,Xe trẻ em nhóm 1
2025-03-26,266948561.22661212,175853302.31910616,353594485.1342592,KIDBIKE_1,0,Xe trẻ em nhóm 1
2025-03-27,253170946.39349097,157057500.61203843,349620442.89506596,KIDBIKE_1,0,Xe trẻ em nhóm 1
2025-03-28,229727406.74861377,134891150.65146062,324624394.1306281,KIDBIKE_1,0,Xe trẻ em nhóm 1
2025-03-29,195734412.0778374,99961281.0915902,291006947.6540914,KIDBIKE_1,0,Xe trẻ em nhóm 1
2025-03-31,93133130.04750238,0.0,186995679.84029204,KIDBIKE_1,0,Xe trẻ em nhóm 1
2026-01-04,23103007.119536497,0.0,116143956.08232379,KIDBIKE_1,0,Xe trẻ em nhóm 1
2026-01-06,73829100.24791773,0.0,165712233.0588779,KIDBIKE_1,0,Xe trẻ em nhóm 1
2026-01-12,74054725.82220934,0.0,163484942.84832945,KIDBIKE_1,0,Xe trẻ em nhóm 1
2026-01-13,70725264.54094404,0.0,164801377.05657232,KIDBIKE_1,0,Xe trẻ em nhóm 1
2026-01-14,69048117.98916991,0.0,161969957.0529906,KIDBIKE_1,0,Xe trẻ em nhóm 1
2026-01-15,69337040.59488797,0.0,153789860.0395006,KIDBIKE_1,0,Xe trẻ em nhóm 1
2026-01-16,71668816.26051226,0.0,166033544.92969456,KIDBIKE_1,0,Xe trẻ em nhóm 1
2026-01-17,75923050.00160947,0.0,167873129.9598089,KIDBIKE_1,0,Xe trẻ em nhóm 1
2026-01-19,88985707.1737972,0.0,189004458.90623704,KIDBIKE_1,0,Xe trẻ em nhóm 1
2026-01-20,96949750.98091252,0.0,186176752.8833984,KIDBIKE_1,0,Xe trẻ em nhóm 1
2026-01-21,105229189.89649493,14679738.582045445,201535760.80205795,KIDBIKE_1,0,Xe trẻ em nhóm 1
2026-01-22,113342350.41716841,17797729.13352733,202152507.85013032,KIDBIKE_1,0,Xe trẻ em nhóm 1
2026-01-23,120844430.89650168,26477949.052365012,209248601.75637287,KIDBIKE_1,0,Xe trẻ em nhóm 1
2026-01-24,127353101.76115198,32754294.667277303,221975104.57753563,KIDBIKE_1,0,Xe trẻ em nhóm 1
2026-01-26,136283759.10092452,38789769.56446334,225754639.245929,KIDBIKE_1,0,Xe trẻ em nhóm 1
2026-01-27,138396814.2987707,43731372.063642025,227169717.547247,KIDBIKE_1,0,Xe trẻ em nhóm 1
2026-01-28,138905801.36798614,45111910.71773301,234034720.92547184,KIDBIKE_1,0,Xe trẻ em nhóm 1
2026-01-29,137906432.3116098,49601926.375015564,237255927.723563,KIDBIKE_1,0,Xe trẻ em nhóm 1
2026-01-30,135581258.27789745,44580836.63374859,226869071.39174393,KIDBIKE_1,0,Xe trẻ em nhóm 1
2026-01-31,132185228.33769491,34945152.71735006,227977216.06876573,KIDBIKE_1,0,Xe trẻ em nhóm 1
2026-02-04,114479734.57961093,19154763.791685503,202447626.59374496,KIDBIKE_1,0,Xe trẻ em nhóm 1
2026-02-05,110752689.18250832,19033024.529723387,201301035.6401286,KIDBIKE_1,0,Xe trẻ em nhóm 1
2026-02-06,107916192.50380647,19467346.589164373,202127968.0519708,KIDBIKE_1,0,Xe trẻ em nhóm 1
2026-02-07,106184589.95853548,10121680.376949832,205721252.7255004,KIDBIKE_1,0,Xe trẻ em nhóm 1
2026-02-09,106513439.04606946,21342119.313786738,204878903.52683023,KIDBIKE_1,0,Xe trẻ em nhóm 1
2026-02-10,108601514.56019604,24810554.855059505,202494094.6046158,KIDBIKE_1,0,Xe trẻ em nhóm 1
2026-02-11,111845742.59786275,16044775.833989926,207168172.88358048,KIDBIKE_1,0,Xe trẻ em nhóm 1
2026-02-12,116047548.41505209,23342883.285777546,208955957.68302637,KIDBIKE_1,0,Xe trẻ em nhóm 1
2026-02-13,120934872.45432775,33184627.95716627,214210465.5173299,KIDBIKE_1,0,Xe trẻ em nhóm 1
2026-02-22,134749867.41158602,40562028.95304135,235316114.38684577,KIDBIKE_1,0,Xe trẻ em nhóm 1
2026-02-23,127093836.52517463,41482250.27876558,229398728.81025192,KIDBIKE_1,0,Xe trẻ em nhóm 1
2026-02-24,117145720.20142633,32341602.645952873,211923477.83304,KIDBIKE_1,0,Xe trẻ em nhóm 1
2026-02-25,105082939.63923642,9829562.388577431,198577405.13517842,KIDBIKE_1,0,Xe trẻ em nhóm 1
2026-02-26,91197994.60650061,2108821.697196175,188157954.64117163,KIDBIKE_1,0,Xe trẻ em nhóm 1
2026-02-27,75893971.63227898,0.0,178230972.25405133,KIDBIKE_1,0,Xe trẻ em nhóm 1
2026-02-28,59675433.22122888,0.0,156709788.814009,KIDBIKE_1,0,Xe trẻ em nhóm 1
2026-03-01,43134885.088470764,0.0,135250040.25258425,KIDBIKE_1,1,Xe trẻ em nhóm 1
2026-03-02,26935176.04860131,0.0,121817920.26549521,KIDBIKE_1,1,Xe trẻ em nhóm 1
2026-03-03,11788330.041423282,0.0,105033714.05603062,KIDBIKE_1,1,Xe trẻ em nhóm 1
2026-03-04,0.0,0.0,94199151.8612416,KIDBIKE_1,1,Xe trẻ em nhóm 1
2026-03-05,0.0,0.0,88156042.82860155,KIDBIKE_1,1,Xe trẻ em nhóm 1
2026-03-06,0.0,0.0,69045188.60607861,KIDBIKE_1,1,Xe trẻ em nhóm 1
2026-03-07,0.0,0.0,69974075.12882748,KIDBIKE_1,1,Xe trẻ em nhóm 1
2026-03-08,0.0,0.0,73681894.93924142,KIDBIKE_1,1,Xe trẻ em nhóm 1
2026-03-09,0.0,0.0,71802338.55281503,KIDBIKE_1,1,Xe trẻ em nhóm 1
2026-03-10,0.0,0.0,88866948.40794751,KIDBIKE_1,1,Xe trẻ em nhóm 1
2026-03-11,9717290.949873596,0.0,107857128.67175773,KIDBIKE_1,1,Xe trẻ em nhóm 1
2026-03-12,31298402.599357747,0.0,125437416.5511547,KIDBIKE_1,1,Xe trẻ em nhóm 1
2026-03-13,58031403.78553769,0.0,151983203.7902803,KIDBIKE_1,1,Xe trẻ em nhóm 1
2026-03-14,89511033.28734966,0.0,188389977.38787252,KIDBIKE_1,1,Xe trẻ em nhóm 1
2026-03-15,125129285.8424973,31423204.87085747,222635087.09949833,KIDBIKE_1,1,Xe trẻ em nhóm 1
2026-03-16,164076604.80335134,72004772.1856283,255306055.9767475,KIDBIKE_1,1,Xe trẻ em nhóm 1
2026-03-17,205348365.5858381,117139423.12189323,305660876.2564278,KIDBIKE_1,1,Xe trẻ em nhóm 1
2026-03-18,247756553.943475,151540802.01264736,342467347.02584314,KIDBIKE_1,1,Xe trẻ em nhóm 1
2026-03-19,289946402.4357102,193690870.4857745,377998929.7663416,KIDBIKE_1,1,Xe trẻ em nhóm 1
2026-03-20,330417618.36170363,234225708.8080213,421608751.8449109,KIDBIKE_1,1,Xe trẻ em nhóm 1
2026-03-21,367549720.7290033,273959188.3783168,457174698.328692,KIDBIKE_1,1,Xe trẻ em nhóm 1
2026-03-22,399630905.85494167,312183631.80736274,490407165.6543771,KIDBIKE_1,1,Xe trẻ em nhóm 1
2026-03-23,424889783.35456496,335397290.6324339,523828193.7673017,KIDBIKE_1,1,Xe trẻ em nhóm 1
2026-03-24,441529268.4806462,346167207.99985194,531718728.01407415,KIDBIKE_1,1,Xe trẻ em nhóm 1
2026-03-25,447761883.626334,357110220.0018753,541988571.5288279,KIDBIKE_1,1,Xe trẻ em nhóm 1
2026-03-26,441845711.70886207,354644065.9434437,530040417.30883896,KIDBIKE_1,1,Xe trẻ em nhóm 1
2026-03-27,422120255.8741208,326387270.4932594,514540252.0117105,KIDBIKE_1,1,Xe trẻ em nhóm 1
2026-03-28,387041492.2946023,294890929.9753269,485288546.04426277,KIDBIKE_1,1,Xe trẻ em nhóm 1
2026-03-29,335215453.2018972,243527000.36636814,427772091.15749514,KIDBIKE_1,1,Xe trẻ em nhóm 1
2026-03-30,265429743.07529563,170080626.39931047,358547086.55705774,KIDBIKE_1,1,Xe trẻ em nhóm 1
2026-03-31,176682468.41867912,86565762.92835255,270718193.8841974,KIDBIKE_1,1,Xe trẻ em nhóm 1
2026-04-01,68208147.53894407,0.0,162544170.50213647,KIDBIKE_1,1,Xe trẻ em nhóm 1
2026-04-02,0.0,0.0,31457671.35490853,KIDBIKE_1,1,Xe trẻ em nhóm 1
2026-04-03,0.0,0.0,0.0,KIDBIKE_1,1,Xe trẻ em nhóm 1
2026-04-04,0.0,0.0,0.0,KIDBIKE_1,1,Xe trẻ em nhóm 1
2026-04-05,0.0,0.0,0.0,KIDBIKE_1,1,Xe trẻ em nhóm 1
2026-04-06,0.0,0.0,0.0,KIDBIKE_1,1,Xe trẻ em nhóm 1
2026-04-07,0.0,0.0,0.0,KIDBIKE_1,1,Xe trẻ em nhóm 1
2026-04-08,0.0,0.0,0.0,KIDBIKE_1,1,Xe trẻ em nhóm 1
2026-04-09,0.0,0.0,0.0,KIDBIKE_1,1,Xe trẻ em nhóm 1
2026-04-10,0.0,0.0,0.0,KIDBIKE_1,1,Xe trẻ em nhóm 1
2026-04-11,0.0,0.0,0.0,KIDBIKE_1,1,Xe trẻ em nhóm 1
2026-04-12,0.0,0.0,0.0,KIDBIKE_1,1,Xe trẻ em nhóm 1
2026-04-13,0.0,0.0,0.0,KIDBIKE_1,1,Xe trẻ em nhóm 1
2026-04-14,0.0,0.0,0.0,KIDBIKE_1,1,Xe trẻ em nhóm 1
2026-04-15,0.0,0.0,0.0,KIDBIKE_1,1,Xe trẻ em nhóm 1
2026-04-16,0.0,0.0,0.0,KIDBIKE_1,1,Xe trẻ em nhóm 1
2026-04-17,0.0,0.0,0.0,KIDBIKE_1,1,Xe trẻ em nhóm 1
2026-04-18,0.0,0.0,0.0,KIDBIKE_1,1,Xe trẻ em nhóm 1
2026-04-19,0.0,0.0,0.0,KIDBIKE_1,1,Xe trẻ em nhóm 1
2026-04-20,0.0,0.0,0.0,KIDBIKE_1,1,Xe trẻ em nhóm 1
2026-04-21,0.0,0.0,0.0,KIDBIKE_1,1,Xe trẻ em nhóm 1
2026-04-22,0.0,0.0,0.0,KIDBIKE_1,1,Xe trẻ em nhóm 1
2026-04-23,0.0,0.0,0.0,KIDBIKE_1,1,Xe trẻ em nhóm 1
2026-04-24,0.0,0.0,0.0,KIDBIKE_1,1,Xe trẻ em nhóm 1
2026-04-25,0.0,0.0,0.0,KIDBIKE_1,1,Xe trẻ em nhóm 1
2026-04-26,0.0,0.0,0.0,KIDBIKE_1,1,Xe trẻ em nhóm 1
2026-04-27,0.0,0.0,0.0,KIDBIKE_1,1,Xe trẻ em nhóm 1
2026-04-28,0.0,0.0,0.0,KIDBIKE_1,1,Xe trẻ em nhóm 1
2026-04-29,0.0,0.0,0.0,KIDBIKE_1,1,Xe trẻ em nhóm 1
2026-04-30,0.0,0.0,0.0,KIDBIKE_1,1,Xe trẻ em nhóm 1
2026-05-01,0.0,0.0,0.0,KIDBIKE_1,1,Xe trẻ em nhóm 1
2026-05-02,0.0,0.0,0.0,KIDBIKE_1,1,Xe trẻ em nhóm 1
2026-05-03,0.0,0.0,0.0,KIDBIKE_1,1,Xe trẻ em nhóm 1
2026-05-04,0.0,0.0,0.0,KIDBIKE_1,1,Xe trẻ em nhóm 1
2026-05-05,0.0,0.0,0.0,KIDBIKE_1,1,Xe trẻ em nhóm 1
2026-05-06,0.0,0.0,0.0,KIDBIKE_1,1,Xe trẻ em nhóm 1
2026-05-07,0.0,0.0,0.0,KIDBIKE_1,1,Xe trẻ em nhóm 1
2026-05-08,0.0,0.0,0.0,KIDBIKE_1,1,Xe trẻ em nhóm 1
2026-05-09,0.0,0.0,0.0,KIDBIKE_1,1,Xe trẻ em nhóm 1
2026-05-10,0.0,0.0,0.0,KIDBIKE_1,1,Xe trẻ em nhóm 1
2026-05-11,0.0,0.0,0.0,KIDBIKE_1,1,Xe trẻ em nhóm 1
2026-05-12,199510419.1121664,109703604.00638044,289839154.66226447,KIDBIKE_1,1,Xe trẻ em nhóm 1
2026-05-13,884638527.1955863,791089375.6226239,985598992.1117983,KIDBIKE_1,1,Xe trẻ em nhóm 1
2026-05-14,1578828612.6859307,1481960318.9295242,1677791988.764371,KIDBIKE_1,1,Xe trẻ em nhóm 1
2026-05-15,2274265599.4663105,2177148711.6501265,2374230284.3816547,KIDBIKE_1,1,Xe trẻ em nhóm 1
2026-05-16,2962790865.3342314,2868091550.847641,3048440903.0847435,KIDBIKE_1,1,Xe trẻ em nhóm 1
2026-05-17,3636018485.254234,3539432433.880746,3728207835.325548,KIDBIKE_1,1,Xe trẻ em nhóm 1
2026-05-18,4285463256.440459,4192412609.2069545,4375463629.386165,KIDBIKE_1,1,Xe trẻ em nhóm 1
2026-05-19,4902678643.353688,4806264097.686896,4999341053.8935375,KIDBIKE_1,1,Xe trẻ em nhóm 1
2026-05-20,5479402401.771102,5388827460.674125,5569399502.245475,KIDBIKE_1,1,Xe trẻ em nhóm 1
2026-05-21,6007707292.562169,5908090954.625456,6100283934.766743,KIDBIKE_1,1,Xe trẻ em nhóm 1
2026-05-22,6480153989.43681,6383075424.358198,6572386481.470976,KIDBIKE_1,1,Xe trẻ em nhóm 1
2026-05-23,6889943032.135741,6796303189.734467,6991694735.82846,KIDBIKE_1,1,Xe trẻ em nhóm 1
2026-05-24,7231062488.047326,7143214803.586784,7326000355.674127,KIDBIKE_1,1,Xe trẻ em nhóm 1
2026-05-25,7498427870.147154,7405687987.44346,7597879606.231769,KIDBIKE_1,1,Xe trẻ em nhóm 1
2026-05-26,7688010825.369647,7596876502.394915,7780038636.703935,KIDBIKE_1,1,Xe trẻ em nhóm 1
2026-05-27,7796953160.875249,7700603959.177038,7885316786.086557,KIDBIKE_1,1,Xe trẻ em nhóm 1
2026-05-28,7823662919.7266865,7730647378.975563,7924587945.042465,KIDBIKE_1,1,Xe trẻ em nhóm 1
2026-05-29,7767889453.850589,7670339248.294111,7856468177.537024,KIDBIKE_1,1,Xe trẻ em nhóm 1
2026-05-30,7630774769.296483,7539668688.8822565,7729751548.736225,KIDBIKE_1,1,Xe trẻ em nhóm 1
2025-01-09,10004218.94809419,0.0,56418462.773791716,KIDBIKE_2,0,Xe trẻ em nhóm 2
2025-01-10,9537452.332174042,0.0,52831956.03601216,KIDBIKE_2,0,Xe trẻ em nhóm 2
2025-01-11,9347390.507462952,0.0,55863024.652173735,KIDBIKE_2,0,Xe trẻ em nhóm 2
2025-01-13,9380682.543516438,0.0,56852726.91671588,KIDBIKE_2,0,Xe trẻ em nhóm 2
2025-01-16,9470458.147702113,0.0,55451250.65657562,KIDBIKE_2,0,Xe trẻ em nhóm 2
2025-01-21,8774716.446574165,0.0,52886301.68951129,KIDBIKE_2,0,Xe trẻ em nhóm 2
2025-02-10,36330087.21006267,0.0,82286218.15938598,KIDBIKE_2,0,Xe trẻ em nhóm 2
2025-02-11,37493475.58194524,0.0,83594020.29200639,KIDBIKE_2,0,Xe trẻ em nhóm 2
2025-02-14,39133872.17406502,0.0,83135427.9326216,KIDBIKE_2,0,Xe trẻ em nhóm 2
2025-02-17,37923679.97872306,0.0,86598000.45888636,KIDBIKE_2,0,Xe trẻ em nhóm 2
2025-02-19,35718525.69552431,0.0,80240396.17618385,KIDBIKE_2,0,Xe trẻ em nhóm 2
2025-02-20,34281444.532078676,0.0,83397985.06394279,KIDBIKE_2,0,Xe trẻ em nhóm 2
2025-02-21,32669648.855172217,0.0,77198435.99090615,KIDBIKE_2,0,Xe trẻ em nhóm 2
2025-02-22,30922843.5572091,0.0,78527436.97610459,KIDBIKE_2,0,Xe trẻ em nhóm 2
2025-02-24,27189832.349766124,0.0,74499483.38374287,KIDBIKE_2,0,Xe trẻ em nhóm 2
2025-02-25,25287159.85704313,0.0,73201201.29148427,KIDBIKE_2,0,Xe trẻ em nhóm 2
2025-02-26,23415060.824462224,0.0,69118235.09187374,KIDBIKE_2,0,Xe trẻ em nhóm 2
2025-03-01,18367289.860946633,0.0,66293427.404743716,KIDBIKE_2,0,Xe trẻ em nhóm 2
2025-03-07,13799847.647286514,0.0,62273078.42518531,KIDBIKE_2,0,Xe trẻ em nhóm 2
2025-03-08,14070395.742800865,0.0,57825087.25639171,KIDBIKE_2,0,Xe trẻ em nhóm 2
2025-03-10,15669631.416572921,0.0,62203973.008674935,KIDBIKE_2,0,Xe trẻ em nhóm 2
2025-03-13,20815776.401725985,0.0,68088606.04011635,KIDBIKE_2,0,Xe trẻ em nhóm 2
2025-03-14,23241379.528852694,0.0,70092238.80580059,KIDBIKE_2,0,Xe trẻ em nhóm 2
2025-03-17,32238828.178618893,0.0,78473234.87782142,KIDBIKE_2,0,Xe trẻ em nhóm 2
2025-03-18,35617414.89715196,0.0,83641625.58750512,KIDBIKE_2,0,Xe trẻ em nhóm 2
2025-03-19,39043557.04793391,0.0,83696279.90487438,KIDBIKE_2,0,Xe trẻ em nhóm 2
2025-03-20,42401293.671806686,0.0,88288849.84729049,KIDBIKE_2,0,Xe trẻ em nhóm 2
2025-03-21,45552462.54062363,0.0,91810182.77831785,KIDBIKE_2,0,Xe trẻ em nhóm 2
2025-03-22,48336107.59491011,3751978.092355256,94346886.41735193,KIDBIKE_2,0,Xe trẻ em nhóm 2
2025-03-24,52044131.30149878,8937876.104972946,98973870.84432906,KIDBIKE_2,0,Xe trẻ em nhóm 2
2025-03-25,52537016.3393354,6361625.746100806,96981347.56316939,KIDBIKE_2,0,Xe trẻ em nhóm 2
2025-03-26,51803635.17802421,3015842.437125329,94976004.62139155,KIDBIKE_2,0,Xe trẻ em nhóm 2
2025-03-27,49586303.93923505,0.0,93468285.41702494,KIDBIKE_2,0,Xe trẻ em nhóm 2
2025-03-28,45617747.090595484,0.0,90300032.3986904,KIDBIKE_2,0,Xe trẻ em nhóm 2
2025-03-29,39626605.42497261,0.0,82746528.55958378,KIDBIKE_2,0,Xe trẻ em nhóm 2
2025-03-31,20510129.76372752,0.0,68358971.52978618,KIDBIKE_2,0,Xe trẻ em nhóm 2
2026-01-12,25894481.17234769,0.0,69276872.20716052,KIDBIKE_2,0,Xe trẻ em nhóm 2
2026-01-13,25973664.712694,0.0,75598218.46246019,KIDBIKE_2,0,Xe trẻ em nhóm 2
2026-01-14,26129388.121174604,0.0,70986110.24826771,KIDBIKE_2,0,Xe trẻ em nhóm 2
2026-01-15,26223294.459659226,0.0,72867422.77405897,KIDBIKE_2,0,Xe trẻ em nhóm 2
2026-01-16,26173878.081337366,0.0,74078387.84107599,KIDBIKE_2,0,Xe trẻ em nhóm 2
2026-01-17,25950989.111762505,0.0,71120640.78442332,KIDBIKE_2,0,Xe trẻ em nhóm 2
2026-01-19,25078771.77365709,0.0,71340589.97635373,KIDBIKE_2,0,Xe trẻ em nhóm 2
2026-01-20,24559433.923932064,0.0,70290565.27501725,KIDBIKE_2,0,Xe trẻ em nhóm 2
2026-01-21,24109259.83952746,0.0,69270130.46889654,KIDBIKE_2,0,Xe trẻ em nhóm 2
2026-01-22,23837068.357589297,0.0,71654550.91829579,KIDBIKE_2,0,Xe trẻ em nhóm 2
2026-01-23,23853826.4236523,0.0,70325202.82804911,KIDBIKE_2,0,Xe trẻ em nhóm 2
2026-01-24,24264957.764120094,0.0,71942391.3415646,KIDBIKE_2,0,Xe trẻ em nhóm 2
2026-01-26,26624809.41829794,0.0,72320101.74815582,KIDBIKE_2,0,Xe trẻ em nhóm 2
2026-01-27,28701444.504810587,0.0,75478481.68408409,KIDBIKE_2,0,Xe trẻ em nhóm 2
2026-01-28,31420831.94620086,0.0,77001976.42453149,KIDBIKE_2,0,Xe trẻ em nhóm 2
2026-01-29,34783227.13363281,0.0,79319879.26715161,KIDBIKE_2,0,Xe trẻ em nhóm 2
2026-01-30,38761455.80018809,0.0,86105732.87535495,KIDBIKE_2,0,Xe trẻ em nhóm 2
2026-01-31,43301859.01798024,0.0,91645795.76497754,KIDBIKE_2,0,Xe trẻ em nhóm 2
2026-02-04,65229251.67720933,21495969.783516753,108816251.37044792,KIDBIKE_2,0,Xe trẻ em nhóm 2
2026-02-05,71046418.67298472,28182738.06430458,117771682.09559928,KIDBIKE_2,0,Xe trẻ em nhóm 2
2026-02-06,76724379.46211663,31114906.977948003,124766304.26651168,KIDBIKE_2,0,Xe trẻ em nhóm 2
2026-02-07,82124980.72378066,32790677.721863095,126201159.53103036,KIDBIKE_2,0,Xe trẻ em nhóm 2
2026-02-09,91580589.38434042,44746141.14772228,139470091.00594145,KIDBIKE_2,0,Xe trẻ em nhóm 2
2026-02-10,95410860.1863779,49490589.443541095,141812727.00016212,KIDBIKE_2,0,Xe trẻ em nhóm 2
2026-02-11,98521143.72421741,54375563.54431377,141903598.74293235,KIDBIKE_2,0,Xe trẻ em nhóm 2
2026-02-12,100845192.76038694,57241390.49676347,146299261.3638221,KIDBIKE_2,0,Xe trẻ em nhóm 2
2026-02-13,102338670.87201367,56658927.01947687,143680761.28865498,KIDBIKE_2,0,Xe trẻ em nhóm 2
2026-02-23,76658624.75081524,33549604.732890055,122752026.09229513,KIDBIKE_2,0,Xe trẻ em nhóm 2
2026-02-24,71653354.06582612,29553119.64484909,118687346.4001477,KIDBIKE_2,0,Xe trẻ em nhóm 2
2026-02-25,66611199.97200731,23048469.826609924,112237835.03869994,KIDBIKE_2,0,Xe trẻ em nhóm 2
2026-02-26,61638417.62330887,18576124.724481765,110569918.79504248,KIDBIKE_2,0,Xe trẻ em nhóm 2
2026-02-27,56837275.53852673,13293958.606326064,107319196.71562621,KIDBIKE_2,0,Xe trẻ em nhóm 2
2026-02-28,52305048.14849975,5804395.201452685,95773406.62933874,KIDBIKE_2,0,Xe trẻ em nhóm 2
2026-03-01,48133383.42676208,3950928.632405997,91218368.92874432,KIDBIKE_2,1,Xe trẻ em nhóm 2
2026-03-02,44407985.04613346,0.0,91224734.92692997,KIDBIKE_2,1,Xe trẻ em nhóm 2
2026-03-03,41208523.546130985,0.0,86176344.81195682,KIDBIKE_2,1,Xe trẻ em nhóm 2
2026-03-04,38608670.759443924,0.0,86231884.58550996,KIDBIKE_2,1,Xe trẻ em nhóm 2
2026-03-05,36676137.36218304,0.0,80121541.43030323,KIDBIKE_2,1,Xe trẻ em nhóm 2
2026-03-06,35472585.87141725,0.0,81458696.47216608,KIDBIKE_2,1,Xe trẻ em nhóm 2
2026-03-07,35053291.30286239,0.0,81406023.90521492,KIDBIKE_2,1,Xe trẻ em nhóm 2
2026-03-08,35466429.41470281,0.0,80413193.53166799,KIDBIKE_2,1,Xe trẻ em nhóm 2
2026-03-09,36751887.99187816,0.0,83466989.69613686,KIDBIKE_2,1,Xe trẻ em nhóm 2
2026-03-10,38939519.605727404,0.0,81387299.33143236,KIDBIKE_2,1,Xe trẻ em nhóm 2
2026-03-11,42046784.082549974,0.0,88207995.31660749,KIDBIKE_2,1,Xe trẻ em nhóm 2
2026-03-12,46075764.457700066,0.0,92092045.28225559,KIDBIKE_2,1,Xe trẻ em nhóm 2
2026-03-13,51009580.23048562,2917767.8251693724,99353281.5162082,KIDBIKE_2,1,Xe trẻ em nhóm 2
2026-03-14,56808264.67281013,7352839.239401758,106492970.93178703,KIDBIKE_2,1,Xe trẻ em nhóm 2
2026-03-15,63404216.99697293,17431641.037723165,109941959.25187975,KIDBIKE_2,1,Xe trẻ em nhóm 2
2026-03-16,70697383.5021338,25000491.071377408,119325151.4626409,KIDBIKE_2,1,Xe trẻ em nhóm 2
2026-03-17,78550362.33215971,31940123.322047923,125863251.17549269,KIDBIKE_2,1,Xe trẻ em nhóm 2
2026-03-18,86783662.27393691,41737355.20879629,131731942.72070396,KIDBIKE_2,1,Xe trẻ em nhóm 2
2026-03-19,95171375.15019411,48616348.31154285,145175070.22204554,KIDBIKE_2,1,Xe trẻ em nhóm 2
2026-03-20,103437542.10024852,58703966.587199695,147753255.3644056,KIDBIKE_2,1,Xe trẻ em nhóm 2
2026-03-21,111253504.83824798,62979233.845926985,153956344.13092893,KIDBIKE_2,1,Xe trẻ em nhóm 2
2026-03-22,118236532.62260887,75212314.44506615,165082824.92766875,KIDBIKE_2,1,Xe trẻ em nhóm 2
2026-03-23,123950003.30424957,79637233.4233653,168563778.26307446,KIDBIKE_2,1,Xe trẻ em nhóm 2
2026-03-24,127905391.93687482,81243277.86616138,175539109.43298122,KIDBIKE_2,1,Xe trẻ em nhóm 2
2026-03-25,129566283.05725019,83832689.76605354,178314341.36956698,KIDBIKE_2,1,Xe trẻ em nhóm 2
2026-03-26,128354573.28498387,83040707.59090029,176444377.98237622,KIDBIKE_2,1,Xe trẻ em nhóm 2
2026-03-27,123658970.27323475,78606468.06458913,166818563.50393412,KIDBIKE_2,1,Xe trẻ em nhóm 2
2026-03-28,114845823.65616554,68285888.9420623,162407545.66934758,KIDBIKE_2,1,Xe trẻ em nhóm 2
2026-03-29,101272245.27173023,56058561.67804578,148980611.66030285,KIDBIKE_2,1,Xe trẻ em nhóm 2
2026-03-30,82301391.8121876,37096350.979971975,129147296.04238413,KIDBIKE_2,1,Xe trẻ em nhóm 2
2026-03-31,57319695.744805716,10502065.024078932,100873150.53000821,KIDBIKE_2,1,Xe trẻ em nhóm 2
2026-04-01,25755742.587983645,0.0,69891446.24000987,KIDBIKE_2,1,Xe trẻ em nhóm 2
2026-04-02,0.0,0.0,33271838.061587963,KIDBIKE_2,1,Xe trẻ em nhóm 2
2026-04-03,0.0,0.0,0.0,KIDBIKE_2,1,Xe trẻ em nhóm 2
2026-04-04,0.0,0.0,0.0,KIDBIKE_2,1,Xe trẻ em nhóm 2
2026-04-05,0.0,0.0,0.0,KIDBIKE_2,1,Xe trẻ em nhóm 2
2026-04-06,0.0,0.0,0.0,KIDBIKE_2,1,Xe trẻ em nhóm 2
2026-04-07,0.0,0.0,0.0,KIDBIKE_2,1,Xe trẻ em nhóm 2
2026-04-08,0.0,0.0,0.0,KIDBIKE_2,1,Xe trẻ em nhóm 2
2026-04-09,0.0,0.0,0.0,KIDBIKE_2,1,Xe trẻ em nhóm 2
2026-04-10,0.0,0.0,0.0,KIDBIKE_2,1,Xe trẻ em nhóm 2
2026-04-11,0.0,0.0,0.0,KIDBIKE_2,1,Xe trẻ em nhóm 2
2026-04-12,0.0,0.0,0.0,KIDBIKE_2,1,Xe trẻ em nhóm 2
2026-04-13,0.0,0.0,0.0,KIDBIKE_2,1,Xe trẻ em nhóm 2
2026-04-14,0.0,0.0,0.0,KIDBIKE_2,1,Xe trẻ em nhóm 2
2026-04-15,0.0,0.0,0.0,KIDBIKE_2,1,Xe trẻ em nhóm 2
2026-04-16,0.0,0.0,0.0,KIDBIKE_2,1,Xe trẻ em nhóm 2
2026-04-17,0.0,0.0,0.0,KIDBIKE_2,1,Xe trẻ em nhóm 2
2026-04-18,0.0,0.0,0.0,KIDBIKE_2,1,Xe trẻ em nhóm 2
2026-04-19,0.0,0.0,0.0,KIDBIKE_2,1,Xe trẻ em nhóm 2
2026-04-20,0.0,0.0,0.0,KIDBIKE_2,1,Xe trẻ em nhóm 2
2026-04-21,0.0,0.0,0.0,KIDBIKE_2,1,Xe trẻ em nhóm 2
2026-04-22,0.0,0.0,0.0,KIDBIKE_2,1,Xe trẻ em nhóm 2
2026-04-23,0.0,0.0,0.0,KIDBIKE_2,1,Xe trẻ em nhóm 2
2026-04-24,0.0,0.0,0.0,KIDBIKE_2,1,Xe trẻ em nhóm 2
2026-04-25,0.0,0.0,0.0,KIDBIKE_2,1,Xe trẻ em nhóm 2
2026-04-26,0.0,0.0,0.0,KIDBIKE_2,1,Xe trẻ em nhóm 2
2026-04-27,0.0,0.0,0.0,KIDBIKE_2,1,Xe trẻ em nhóm 2
2026-04-28,0.0,0.0,0.0,KIDBIKE_2,1,Xe trẻ em nhóm 2
2026-04-29,0.0,0.0,0.0,KIDBIKE_2,1,Xe trẻ em nhóm 2
2026-04-30,0.0,0.0,0.0,KIDBIKE_2,1,Xe trẻ em nhóm 2
2026-05-01,0.0,0.0,0.0,KIDBIKE_2,1,Xe trẻ em nhóm 2
2026-05-02,0.0,0.0,0.0,KIDBIKE_2,1,Xe trẻ em nhóm 2
2026-05-03,0.0,0.0,0.0,KIDBIKE_2,1,Xe trẻ em nhóm 2
2026-05-04,0.0,0.0,0.0,KIDBIKE_2,1,Xe trẻ em nhóm 2
2026-05-05,0.0,0.0,0.0,KIDBIKE_2,1,Xe trẻ em nhóm 2
2026-05-06,0.0,0.0,0.0,KIDBIKE_2,1,Xe trẻ em nhóm 2
2026-05-07,0.0,0.0,0.0,KIDBIKE_2,1,Xe trẻ em nhóm 2
2026-05-08,0.0,0.0,0.0,KIDBIKE_2,1,Xe trẻ em nhóm 2
2026-05-09,121132618.47240049,75043643.72456142,164055625.44940382,KIDBIKE_2,1,Xe trẻ em nhóm 2
2026-05-10,351799054.2241558,306498858.56973344,394877731.5385745,KIDBIKE_2,1,Xe trẻ em nhóm 2
2026-05-11,578789534.6052082,532296892.5740189,629051996.1508871,KIDBIKE_2,1,Xe trẻ em nhóm 2
2026-05-12,798475399.8144759,751870855.9715117,840558645.7020952,KIDBIKE_2,1,Xe trẻ em nhóm 2
2026-05-13,1007286732.0570314,959713594.5079224,1055794107.5234373,KIDBIKE_2,1,Xe trẻ em nhóm 2
2026-05-14,1201788489.5518222,1151003442.7816763,1250869969.2393162,KIDBIKE_2,1,Xe trẻ em nhóm 2
2026-05-15,1378755873.063685,1335401926.2671475,1423876452.4707654,KIDBIKE_2,1,Xe trẻ em nhóm 2
2026-05-16,1535247107.0971153,1491465916.2625523,1584280530.3656652,KIDBIKE_2,1,Xe trẻ em nhóm 2
2026-05-17,1668671826.594509,1624017859.28023,1713150339.6100767,KIDBIKE_2,1,Xe trẻ em nhóm 2
2026-05-18,1776853315.545504,1730488218.6063027,1822384024.9025183,KIDBIKE_2,1,Xe trẻ em nhóm 2
2026-05-19,1858082946.232166,1811235143.9805543,1905493851.395581,KIDBIKE_2,1,Xe trẻ em nhóm 2
2026-05-20,1911165315.4792151,1865093324.4080236,1956371497.091794,KIDBIKE_2,1,Xe trẻ em nhóm 2
2026-05-21,1935452764.6178706,1888520962.7595105,1980801489.713493,KIDBIKE_2,1,Xe trẻ em nhóm 2
2026-05-22,1930868198.9679449,1883255374.9086926,1979023184.3322313,KIDBIKE_2,1,Xe trẻ em nhóm 2
2026-05-23,1897915385.516517,1854611985.4445279,1944631108.1903987,KIDBIKE_2,1,Xe trẻ em nhóm 2
2026-05-24,1837676198.020311,1789628769.81156,1883402273.834592,KIDBIKE_2,1,Xe trẻ em nhóm 2
2026-05-25,1751794590.0343626,1705904774.188919,1796624257.9238362,KIDBIKE_2,1,Xe trẻ em nhóm 2
2026-05-26,1642447400.6960452,1593934805.3134258,1687710115.8412385,KIDBIKE_2,1,Xe trẻ em nhóm 2
2026-05-27,1512302427.2420983,1467700045.0070705,1561477275.8833635,KIDBIKE_2,1,Xe trẻ em nhóm 2
2026-05-28,1364464523.7178614,1322447506.3566144,1410523387.6291203,KIDBIKE_2,1,Xe trẻ em nhóm 2
2026-05-29,1202410798.4685273,1156315747.5324876,1250370190.5824332,KIDBIKE_2,1,Xe trẻ em nhóm 2
2026-05-30,1029916275.3988727,982662926.0963843,1074954696.8392134,KIDBIKE_2,1,Xe trẻ em nhóm 2
2025-01-08,40816086.36990435,0.0,113945821.54216681,SPORTBIKE_A,0,Xe thể thao nhôm
2025-01-10,23201680.29717195,0.0,91652721.31951644,SPORTBIKE_A,0,Xe thể thao nhôm
2025-01-13,12107741.964782534,0.0,80695238.10033736,SPORTBIKE_A,0,Xe thể thao nhôm
2025-01-16,10861055.60897636,0.0,83745838.81461191,SPORTBIKE_A,0,Xe thể thao nhôm
2025-01-20,14778695.665754043,0.0,84148411.8371296,SPORTBIKE_A,0,Xe thể thao nhôm
2025-01-22,17506846.6978073,0.0,83311717.12488666,SPORTBIKE_A,0,Xe thể thao nhôm
2025-01-23,18978469.027107444,0.0,94088794.64622569,SPORTBIKE_A,0,Xe thể thao nhôm
2025-02-07,51864073.81192023,0.0,126011356.42408301,SPORTBIKE_A,0,Xe thể thao nhôm
2025-02-10,57324752.14453216,0.0,125850976.20303524,SPORTBIKE_A,0,Xe thể thao nhôm
2025-02-14,59551228.33131282,0.0,128499836.65224703,SPORTBIKE_A,0,Xe thể thao nhôm
2025-02-17,56100493.213090435,0.0,128408267.34543349,SPORTBIKE_A,0,Xe thể thao nhôm
2025-02-19,51103393.86306442,0.0,127268248.4519901,SPORTBIKE_A,0,Xe thể thao nhôm
2025-02-20,47819981.161368795,0.0,122068136.77663957,SPORTBIKE_A,0,Xe thể thao nhôm
2025-02-21,44054221.81000014,0.0,120003540.96372265,SPORTBIKE_A,0,Xe thể thao nhôm
2025-02-22,39855402.63950947,0.0,104967514.98249836,SPORTBIKE_A,0,Xe thể thao nhôm
2025-02-25,25399315.647815194,0.0,96738998.2351424,SPORTBIKE_A,0,Xe thể thao nhôm
2025-02-26,20292329.714553073,0.0,94667736.13858694,SPORTBIKE_A,0,Xe thể thao nhôm
2025-03-06,0.0,0.0,65419061.87404842,SPORTBIKE_A,0,Xe thể thao nhôm
2025-03-10,10917516.904566437,0.0,87801066.39894965,SPORTBIKE_A,0,Xe thể thao nhôm
2025-03-13,39968671.25519173,0.0,111657215.3285227,SPORTBIKE_A,0,Xe thể thao nhôm
2025-03-14,52646482.67880277,0.0,123432128.72785279,SPORTBIKE_A,0,Xe thể thao nhôm
2025-03-17,96238566.66976888,25578736.81508804,162736535.66265762,SPORTBIKE_A,0,Xe thể thao nhôm
2025-03-18,111303743.95161273,41767780.92237786,188027064.43795505,SPORTBIKE_A,0,Xe thể thao nhôm
2025-03-19,125788271.10937054,55511491.98487704,201906159.14384675,SPORTBIKE_A,0,Xe thể thao nhôm
2025-03-20,139078073.3197738,68641391.99512611,207794193.36923724,SPORTBIKE_A,0,Xe thể thao nhôm
2025-03-21,150498771.24242973,78845682.51638718,224322322.50680357,SPORTBIKE_A,0,Xe thể thao nhôm
2025-03-22,159326228.54156154,87178279.84249179,231513486.7157413,SPORTBIKE_A,0,Xe thể thao nhôm
2025-03-24,166137245.2595431,97198523.51072302,237381804.2300907,SPORTBIKE_A,0,Xe thể thao nhôm
2025-03-25,162553848.4377985,93486864.93097775,232983258.07095376,SPORTBIKE_A,0,Xe thể thao nhôm
2025-03-26,153280880.0911779,83560250.69663821,223316993.9924534,SPORTBIKE_A,0,Xe thể thao nhôm
2025-03-27,137587604.48876974,64815098.89210384,206606892.1705579,SPORTBIKE_A,0,Xe thể thao nhôm
2025-03-28,114803638.71893904,43647653.35466815,186916523.39542398,SPORTBIKE_A,0,Xe thể thao nhôm
2025-03-29,84342060.1636915,14267071.72225487,160083269.15700504,SPORTBIKE_A,0,Xe thể thao nhôm
2025-03-31,0.0,0.0,73832925.22004108,SPORTBIKE_A,0,Xe thể thao nhôm
2026-01-12,6263568.762723105,0.0,74187087.78365791,SPORTBIKE_A,0,Xe thể thao nhôm
2026-01-13,5213426.256069271,0.0,73187994.89655866,SPORTBIKE_A,0,Xe thể thao nhôm
2026-01-19,5469179.52186036,0.0,75637325.98174223,SPORTBIKE_A,0,Xe thể thao nhôm
2026-01-22,7056207.799667696,0.0,83787528.84455717,SPORTBIKE_A,0,Xe thể thao nhôm
2026-01-23,7645849.646281391,0.0,73200319.17968209,SPORTBIKE_A,0,Xe thể thao nhôm
2026-01-24,8265384.054981502,0.0,80706796.9000724,SPORTBIKE_A,0,Xe thể thao nhôm
2026-01-26,9614118.561769294,0.0,86268910.54158823,SPORTBIKE_A,0,Xe thể thao nhôm
2026-01-27,10354412.200399438,0.0,83517303.97364925,SPORTBIKE_A,0,Xe thể thao nhôm
2026-01-28,11144393.866342137,0.0,83265770.93355428,SPORTBIKE_A,0,Xe thể thao nhôm
2026-01-31,13816027.873203486,0.0,89692959.24776007,SPORTBIKE_A,0,Xe thể thao nhôm
2026-02-06,19829789.920263436,0.0,92730123.01964933,SPORTBIKE_A,0,Xe thể thao nhôm
2026-02-11,23453728.29202645,0.0,96400252.28993279,SPORTBIKE_A,0,Xe thể thao nhôm
2026-02-13,23953349.340862833,0.0,92094416.56747448,SPORTBIKE_A,0,Xe thể thao nhôm
2026-02-14,23930215.571618363,0.0,97419740.28781603,SPORTBIKE_A,0,Xe thể thao nhôm
2026-02-15,23707966.190553498,0.0,91698513.7512982,SPORTBIKE_A,0,Xe thể thao nhôm
2026-02-16,23277330.53969953,0.0,94249905.35758856,SPORTBIKE_A,0,Xe thể thao nhôm
2026-02-17,22632472.29684916,0.0,90254949.50588717,SPORTBIKE_A,0,Xe thể thao nhôm
2026-02-18,21771475.52021697,0.0,92706106.45462283,SPORTBIKE_A,0,Xe thể thao nhôm
2026-02-19,20696842.964205306,0.0,92402417.9477074,SPORTBIKE_A,0,Xe thể thao nhôm
2026-02-20,19415996.277131923,0.0,93547651.4572928,SPORTBIKE_A,0,Xe thể thao nhôm
2026-02-21,17941761.785448737,0.0,83890600.53236087,SPORTBIKE_A,0,Xe thể thao nhôm
2026-02-22,16292819.666171353,0.0,81902746.51832128,SPORTBIKE_A,0,Xe thể thao nhôm
2026-02-23,14494088.792627873,0.0,78817276.84503789,SPORTBIKE_A,0,Xe thể thao nhôm
2026-02-24,12577014.815322664,0.0,87961100.09312697,SPORTBIKE_A,0,Xe thể thao nhôm
2026-02-25,10579725.500829048,0.0,79162928.66000962,SPORTBIKE_A,0,Xe thể thao nhôm
2026-02-26,8547015.336965136,0.0,84837169.26255168,SPORTBIKE_A,0,Xe thể thao nhôm
2026-02-27,6530121.230616168,0.0,78431693.68152931,SPORTBIKE_A,0,Xe thể thao nhôm
2026-02-28,4586252.989967879,0.0,77509968.67136696,SPORTBIKE_A,0,Xe thể thao nhôm
2026-03-01,2777846.351210204,0.0,73581881.59147744,SPORTBIKE_A,1,Xe thể thao nhôm
2026-03-02,1171512.620889295,0.0,75096468.23018396,SPORTBIKE_A,1,Xe thể thao nhôm
2026-03-03,0.0,0.0,70341046.64476281,SPORTBIKE_A,1,Xe thể thao nhôm
2026-03-04,0.0,0.0,69381746.19528414,SPORTBIKE_A,1,Xe thể thao nhôm
2026-03-05,0.0,0.0,70546332.93779695,SPORTBIKE_A,1,Xe thể thao nhôm
2026-03-06,0.0,0.0,78969484.05593374,SPORTBIKE_A,1,Xe thể thao nhôm
2026-03-07,0.0,0.0,70541403.92027934,SPORTBIKE_A,1,Xe thể thao nhôm
2026-03-08,0.0,0.0,73259107.17919794,SPORTBIKE_A,1,Xe thể thao nhôm
2026-03-09,1276700.2347497484,0.0,73572272.18642354,SPORTBIKE_A,1,Xe thể thao nhôm
2026-03-10,3589358.5926631135,0.0,74505337.00008683,SPORTBIKE_A,1,Xe thể thao nhôm
2026-03-11,6566239.357588009,0.0,75147990.65693162,SPORTBIKE_A,1,Xe thể thao nhôm
2026-03-12,10194667.08396518,0.0,76279919.61228923,SPORTBIKE_A,1,Xe thể thao nhôm
2026-03-13,14438679.618237136,0.0,85655024.53395195,SPORTBIKE_A,1,Xe thể thao nhôm
2026-03-14,19236688.52141304,0.0,92006806.76480876,SPORTBIKE_A,1,Xe thể thao nhôm
2026-03-15,24499602.391136643,0.0,96166610.0410373,SPORTBIKE_A,1,Xe thể thao nhôm
2026-03-16,30109528.823179666,0.0,102496588.36182626,SPORTBIKE_A,1,Xe thể thao nhôm
2026-03-17,35919164.23746096,0.0,106339417.69946703,SPORTBIKE_A,1,Xe thể thao nhôm
2026-03-18,41751969.96046969,0.0,114479501.55398166,SPORTBIKE_A,1,Xe thể thao nhôm
2026-03-19,47403217.818743326,0.0,116686846.52464059,SPORTBIKE_A,1,Xe thể thao nhôm
2026-03-20,52641969.249280706,0.0,122569976.32096373,SPORTBIKE_A,1,Xe thể thao nhôm
2026-03-21,57214028.90368459,0.0,128421875.15789229,SPORTBIKE_A,1,Xe thể thao nhôm
2026-03-22,60845887.398827836,0.0,128564147.7472163,SPORTBIKE_A,1,Xe thể thao nhôm
2026-03-23,63249638.8890732,0.0,132224506.12952192,SPORTBIKE_A,1,Xe thể thao nhôm
2026-03-24,64128828.23626763,0.0,135955397.9424532,SPORTBIKE_A,1,Xe thể thao nhôm
2026-03-25,63185150.62614651,0.0,133801598.2903183,SPORTBIKE_A,1,Xe thể thao nhôm
2026-03-26,60125894.44939135,0.0,134088733.26578556,SPORTBIKE_A,1,Xe thể thao nhôm
2026-03-27,54671987.15853357,0.0,125009644.11941938,SPORTBIKE_A,1,Xe thể thao nhôm
2026-03-28,46566474.65930933,0.0,120449204.10148709,SPORTBIKE_A,1,Xe thể thao nhôm
2026-03-29,35583238.629579894,0.0,109321437.55290079,SPORTBIKE_A,1,Xe thể thao nhôm
2026-03-30,21535733.975944664,0.0,94550766.44141932,SPORTBIKE_A,1,Xe thể thao nhôm
2026-03-31,4285511.382198441,0.0,77184002.15320644,SPORTBIKE_A,1,Xe thể thao nhôm
2026-04-01,0.0,0.0,50499586.351375215,SPORTBIKE_A,1,Xe thể thao nhôm
2026-04-02,0.0,0.0,29074423.007423814,SPORTBIKE_A,1,Xe thể thao nhôm
2026-04-03,0.0,0.0,6706048.844403563,SPORTBIKE_A,1,Xe thể thao nhôm
2026-04-04,0.0,0.0,0.0,SPORTBIKE_A,1,Xe thể thao nhôm
2026-04-05,0.0,0.0,0.0,SPORTBIKE_A,1,Xe thể thao nhôm
2026-04-06,0.0,0.0,0.0,SPORTBIKE_A,1,Xe thể thao nhôm
2026-04-07,0.0,0.0,0.0,SPORTBIKE_A,1,Xe thể thao nhôm
2026-04-08,0.0,0.0,0.0,SPORTBIKE_A,1,Xe thể thao nhôm
2026-04-09,0.0,0.0,0.0,SPORTBIKE_A,1,Xe thể thao nhôm
2026-04-10,0.0,0.0,0.0,SPORTBIKE_A,1,Xe thể thao nhôm
2026-04-11,0.0,0.0,0.0,SPORTBIKE_A,1,Xe thể thao nhôm
2026-04-12,0.0,0.0,0.0,SPORTBIKE_A,1,Xe thể thao nhôm
2026-04-13,0.0,0.0,0.0,SPORTBIKE_A,1,Xe thể thao nhôm
2026-04-14,0.0,0.0,0.0,SPORTBIKE_A,1,Xe thể thao nhôm
2026-04-15,0.0,0.0,0.0,SPORTBIKE_A,1,Xe thể thao nhôm
2026-04-16,0.0,0.0,0.0,SPORTBIKE_A,1,Xe thể thao nhôm
2026-04-17,0.0,0.0,0.0,SPORTBIKE_A,1,Xe thể thao nhôm
2026-04-18,0.0,0.0,0.0,SPORTBIKE_A,1,Xe thể thao nhôm
2026-04-19,0.0,0.0,0.0,SPORTBIKE_A,1,Xe thể thao nhôm
2026-04-20,0.0,0.0,0.0,SPORTBIKE_A,1,Xe thể thao nhôm
2026-04-21,0.0,0.0,0.0,SPORTBIKE_A,1,Xe thể thao nhôm
2026-04-22,0.0,0.0,0.0,SPORTBIKE_A,1,Xe thể thao nhôm
2026-04-23,0.0,0.0,0.0,SPORTBIKE_A,1,Xe thể thao nhôm
2026-04-24,0.0,0.0,0.0,SPORTBIKE_A,1,Xe thể thao nhôm
2026-04-25,0.0,0.0,0.0,SPORTBIKE_A,1,Xe thể thao nhôm
2026-04-26,0.0,0.0,0.0,SPORTBIKE_A,1,Xe thể thao nhôm
2026-04-27,0.0,0.0,0.0,SPORTBIKE_A,1,Xe thể thao nhôm
2026-04-28,0.0,0.0,0.0,SPORTBIKE_A,1,Xe thể thao nhôm
2026-04-29,0.0,0.0,0.0,SPORTBIKE_A,1,Xe thể thao nhôm
2026-04-30,0.0,0.0,0.0,SPORTBIKE_A,1,Xe thể thao nhôm
2026-05-01,0.0,0.0,0.0,SPORTBIKE_A,1,Xe thể thao nhôm
2026-05-02,0.0,0.0,0.0,SPORTBIKE_A,1,Xe thể thao nhôm
2026-05-03,0.0,0.0,1250643.499244769,SPORTBIKE_A,1,Xe thể thao nhôm
2026-05-04,10963308.109812908,0.0,88458210.04990818,SPORTBIKE_A,1,Xe thể thao nhôm
2026-05-05,92402744.84787583,16908677.995411716,167782345.03750706,SPORTBIKE_A,1,Xe thể thao nhôm
2026-05-06,173568996.04405144,99658160.32664482,241522291.22085106,SPORTBIKE_A,1,Xe thể thao nhôm
2026-05-07,253211316.99469092,181990000.5646966,317677710.76070416,SPORTBIKE_A,1,Xe thể thao nhôm
2026-05-08,330084164.7555772,258394163.56036985,400013805.32814443,SPORTBIKE_A,1,Xe thể thao nhôm
2026-05-09,402972456.8500865,330084847.1512314,473600448.0426027,SPORTBIKE_A,1,Xe thể thao nhôm
2026-05-10,470716747.4313272,396270047.6587592,541417754.7164768,SPORTBIKE_A,1,Xe thể thao nhôm
2026-05-11,532237741.01975197,457358429.651096,602979120.6241574,SPORTBIKE_A,1,Xe thể thao nhôm
2026-05-12,586559566.4947636,516940668.94473207,662367207.0889164,SPORTBIKE_A,1,Xe thể thao nhôm
2026-05-13,632831250.9586216,557995828.8493304,705594547.4749652,SPORTBIKE_A,1,Xe thể thao nhôm
2026-05-14,670345864.3212752,599517475.0032326,739752233.2832326,SPORTBIKE_A,1,Xe thể thao nhôm
2026-05-15,698556850.4328448,621714266.3715297,773019314.9246258,SPORTBIKE_A,1,Xe thể thao nhôm
2025-01-06,0.0,0.0,48376781.91222019,SPORTBIKE_S,0,Xe thể thao thép
2025-01-09,28280380.85834544,0.0,92807080.87717284,SPORTBIKE_S,0,Xe thể thao thép
2025-01-10,47113148.61047384,0.0,116509566.5866838,SPORTBIKE_S,0,Xe thể thao thép
2025-01-11,65005415.43784766,0.0,140648267.20347327,SPORTBIKE_S,0,Xe thể thao thép
2025-01-13,94094698.91515526,25150643.72529959,158483664.4535603,SPORTBIKE_S,0,Xe thể thao thép
2025-01-15,110860558.48655555,44254911.57119472,178933093.69272184,SPORTBIKE_S,0,Xe thể thao thép
2025-01-16,114313012.90940565,49657320.03429364,179873929.15534666,SPORTBIKE_S,0,Xe thể thao thép
2025-01-18,112423557.28091364,41481208.84695677,180506212.14633182,SPORTBIKE_S,0,Xe thể thao thép
2025-01-20,101595846.04892837,29364807.02427013,166428451.36984855,SPORTBIKE_S,0,Xe thể thao thép
2025-01-21,94077610.83842939,25577094.402237438,158885576.39034384,SPORTBIKE_S,0,Xe thể thao thép
2025-02-07,30299153.195040397,0.0,95025951.02651829,SPORTBIKE_S,0,Xe thể thao thép
2025-02-10,29157346.33487793,0.0,94308975.40862492,SPORTBIKE_S,0,Xe thể thao thép
2025-02-11,28478331.514417894,0.0,99362937.99929512,SPORTBIKE_S,0,Xe thể thao thép
2025-02-14,26383967.108248487,0.0,94165949.08525977,SPORTBIKE_S,0,Xe thể thao thép
2025-02-17,25979922.974820465,0.0,95183373.93223444,SPORTBIKE_S,0,Xe thể thao thép
2025-02-19,27469545.238024697,0.0,94629341.749467,SPORTBIKE_S,0,Xe thể thao thép
2025-02-20,28764060.821039837,0.0,101398304.94780172,SPORTBIKE_S,0,Xe thể thao thép
2025-02-21,30360669.312303707,0.0,98408101.9763595,SPORTBIKE_S,0,Xe thể thao thép
2025-02-22,32171759.765858866,0.0,105831149.56307605,SPORTBIKE_S,0,Xe thể thao thép
2025-02-25,37653890.663874164,0.0,108641516.52681325,SPORTBIKE_S,0,Xe thể thao thép
2025-02-26,39018468.813309036,0.0,103321351.82223718,SPORTBIKE_S,0,Xe thể thao thép
2025-03-01,39849689.220612004,0.0,103901017.89053394,SPORTBIKE_S,0,Xe thể thao thép
2025-03-08,21391498.211048484,0.0,92600678.76181372,SPORTBIKE_S,0,Xe thể thao thép
2025-03-13,19460465.10709473,0.0,84365832.66766806,SPORTBIKE_S,0,Xe thể thao thép
2025-03-14,24239807.86327608,0.0,89371495.98824342,SPORTBIKE_S,0,Xe thể thao thép
2025-03-17,52163616.67797043,0.0,115798521.77702726,SPORTBIKE_S,0,Xe thể thao thép
2025-03-18,65706309.38868515,0.0,131852405.4220239,SPORTBIKE_S,0,Xe thể thao thép
2025-03-19,80842183.76466155,10106490.278789146,152801187.85402456,SPORTBIKE_S,0,Xe thể thao thép
2025-03-20,97004215.99838504,26041722.129411314,164303911.42611194,SPORTBIKE_S,0,Xe thể thao thép
2025-03-21,113449834.9204424,48285278.62689191,181994865.12291947,SPORTBIKE_S,0,Xe thể thao thép
2025-03-22,129264427.62474138,59852741.224959455,199539575.03217542,SPORTBIKE_S,0,Xe thể thao thép
2025-03-24,154553696.9042603,85604125.09589699,219917350.9454865,SPORTBIKE_S,0,Xe thể thao thép
2025-03-25,161472935.42680013,93003828.18700242,225028152.54669142,SPORTBIKE_S,0,Xe thể thao thép
2025-03-26,162709018.21947947,92432353.73260914,229869165.28396136,SPORTBIKE_S,0,Xe thể thao thép
2025-03-27,156796576.82236195,84642757.84919451,222676482.75693974,SPORTBIKE_S,0,Xe thể thao thép
2025-03-28,142271302.1365561,70668659.27682763,207317675.82279256,SPORTBIKE_S,0,Xe thể thao thép
2025-03-29,117720456.37588798,47853858.450498834,184079997.0478314,SPORTBIKE_S,0,Xe thể thao thép
2025-03-31,33475069.590304427,0.0,98791588.35471849,SPORTBIKE_S,0,Xe thể thao thép
2026-01-13,38819368.82984114,0.0,106982196.17279428,SPORTBIKE_S,0,Xe thể thao thép
2026-01-15,46476504.79179385,0.0,115588037.6000825,SPORTBIKE_S,0,Xe thể thao thép
2026-01-16,48184716.746471986,0.0,114438315.76332049,SPORTBIKE_S,0,Xe thể thao thép
2026-01-17,48567024.99531774,0.0,116368485.06017806,SPORTBIKE_S,0,Xe thể thao thép
2026-01-20,43405435.236067384,0.0,115602875.74032733,SPORTBIKE_S,0,Xe thể thao thép
2026-01-22,36798299.2417471,0.0,103117712.8677368,SPORTBIKE_S,0,Xe thể thao thép
2026-01-23,33182440.973212324,0.0,99390718.02954668,SPORTBIKE_S,0,Xe thể thao thép
2026-01-24,29603719.147531513,0.0,95611546.1629059,SPORTBIKE_S,0,Xe thể thao thép
2026-01-26,23116595.297484837,0.0,89277479.00852397,SPORTBIKE_S,0,Xe thể thao thép
2026-01-28,18113340.794405833,0.0,85844627.6085011,SPORTBIKE_S,0,Xe thể thao thép
2026-01-29,16263247.342511745,0.0,85566934.00647043,SPORTBIKE_S,0,Xe thể thao thép
2026-01-30,14838460.611085275,0.0,84111801.42121002,SPORTBIKE_S,0,Xe thể thao thép
2026-01-31,13802641.372774279,0.0,88009115.52910644,SPORTBIKE_S,0,Xe thể thao thép
2026-02-03,12446966.364959633,0.0,80764430.30045776,SPORTBIKE_S,0,Xe thể thao thép
2026-02-04,12353273.359547224,0.0,84207546.7627644,SPORTBIKE_S,0,Xe thể thao thép
2026-02-05,12328972.354730465,0.0,78622529.78039938,SPORTBIKE_S,0,Xe thể thao thép
2026-02-07,12282972.515809316,0.0,80451668.88462907,SPORTBIKE_S,0,Xe thể thao thép
2026-02-09,12029128.971330915,0.0,77201473.11266725,SPORTBIKE_S,0,Xe thể thao thép
2026-02-10,11798748.091569096,0.0,78877789.129376,SPORTBIKE_S,0,Xe thể thao thép
2026-02-11,11512764.788041763,0.0,79047136.37487057,SPORTBIKE_S,0,Xe thể thao thép
2026-02-12,11194799.411335219,0.0,82128465.71125694,SPORTBIKE_S,0,Xe thể thao thép
2026-02-13,10875920.161359448,0.0,77175297.28564698,SPORTBIKE_S,0,Xe thể thao thép
2026-02-24,13889799.514432037,0.0,85278269.57774782,SPORTBIKE_S,0,Xe thể thao thép
2026-02-26,15086155.001211891,0.0,82597908.42999525,SPORTBIKE_S,0,Xe thể thao thép
2026-02-27,15453905.667000419,0.0,81153887.58988059,SPORTBIKE_S,0,Xe thể thao thép
2026-02-28,15602207.472365662,0.0,75571077.86857142,SPORTBIKE_S,0,Xe thể thao thép
2026-03-01,15495103.145056566,0.0,82807660.6963892,SPORTBIKE_S,1,Xe thể thao thép
2026-03-02,15112163.439452086,0.0,85117993.84474523,SPORTBIKE_S,1,Xe thể thao thép
2026-03-03,14451810.686587783,0.0,81651334.69334263,SPORTBIKE_S,1,Xe thể thao thép
2026-03-04,13533786.892770087,0.0,84059809.54806378,SPORTBIKE_S,1,Xe thể thao thép
2026-03-05,12400553.744206311,0.0,84519756.19816563,SPORTBIKE_S,1,Xe thể thao thép
2026-03-06,11117452.543959798,0.0,79492331.98627038,SPORTBIKE_S,1,Xe thể thao thép
2026-03-07,9771502.557550557,0.0,73817263.37582329,SPORTBIKE_S,1,Xe thể thao thép
2026-03-08,8468774.7586063,0.0,78530175.38504909,SPORTBIKE_S,1,Xe thể thao thép
2026-03-09,7330342.2599215,0.0,72239222.10552192,SPORTBIKE_S,1,Xe thể thao thép
2026-03-10,6486876.260297228,0.0,77416246.61036032,SPORTBIKE_S,1,Xe thể thao thép
2026-03-11,6072024.463903569,0.0,77377337.26291606,SPORTBIKE_S,1,Xe thể thao thép
2026-03-12,6214774.774677715,0.0,76397811.68099609,SPORTBIKE_S,1,Xe thể thao thép
2026-03-13,7031067.862969842,0.0,79814933.98863836,SPORTBIKE_S,1,Xe thể thao thép
2026-03-14,8614975.250966419,0.0,72340853.36746559,SPORTBIKE_S,1,Xe thể thao thép
2026-03-15,11029802.354774192,0.0,76535959.88424708,SPORTBIKE_S,1,Xe thể thao thép
2026-03-16,14299506.3795276,0.0,79971858.35201512,SPORTBIKE_S,1,Xe thể thao thép
2026-03-17,18400835.249960598,0.0,82579217.18041208,SPORTBIKE_S,1,Xe thể thao thép
2026-03-18,23256594.6743646,0.0,89398015.06611976,SPORTBIKE_S,1,Xe thể thao thép
2026-03-19,28730435.211555343,0.0,97455489.82799363,SPORTBIKE_S,1,Xe thể thao thép
2026-03-20,34623519.708177455,0.0,99255666.90887643,SPORTBIKE_S,1,Xe thể thao thép
2026-03-21,40673384.14403009,0.0,104849942.2929294,SPORTBIKE_S,1,Xe thể thao thép
2026-03-22,46555242.79918556,0.0,116986626.40417294,SPORTBIKE_S,1,Xe thể thao thép
2026-03-23,51885913.41727187,0.0,122146794.26658101,SPORTBIKE_S,1,Xe thể thao thép
2026-03-24,56230451.76855014,0.0,121783907.81532231,SPORTBIKE_S,1,Xe thể thao thép
2026-03-25,59111490.467583805,0.0,126667460.32947041,SPORTBIKE_S,1,Xe thể thao thép
2026-03-26,60021176.987813294,0.0,132327765.886856,SPORTBIKE_S,1,Xe thể thao thép
2026-03-27,58435503.99455808,0.0,125011239.0258068,SPORTBIKE_S,1,Xe thể thao thép
2026-03-28,53830724.83365546,0.0,121406034.19042513,SPORTBIKE_S,1,Xe thể thao thép
2026-03-29,45701451.922670074,0.0,114500486.36857677,SPORTBIKE_S,1,Xe thể thao thép
2026-03-30,33579949.40507947,0.0,105683875.32922891,SPORTBIKE_S,1,Xe thể thao thép
2026-03-31,17056057.229863107,0.0,85297637.66650215,SPORTBIKE_S,1,Xe thể thao thép
2026-04-01,0.0,0.0,69078943.05148475,SPORTBIKE_S,1,Xe thể thao thép
2026-04-02,0.0,0.0,41233323.49816441,SPORTBIKE_S,1,Xe thể thao thép
2026-04-03,0.0,0.0,7159596.06961877,SPORTBIKE_S,1,Xe thể thao thép
2026-04-04,0.0,0.0,0.0,SPORTBIKE_S,1,Xe thể thao thép
2026-04-05,0.0,0.0,0.0,SPORTBIKE_S,1,Xe thể thao thép
2026-04-06,0.0,0.0,0.0,SPORTBIKE_S,1,Xe thể thao thép
2026-04-07,0.0,0.0,0.0,SPORTBIKE_S,1,Xe thể thao thép
2026-04-08,0.0,0.0,0.0,SPORTBIKE_S,1,Xe thể thao thép
2026-04-09,0.0,0.0,0.0,SPORTBIKE_S,1,Xe thể thao thép
2026-04-10,0.0,0.0,0.0,SPORTBIKE_S,1,Xe thể thao thép
2026-04-11,0.0,0.0,0.0,SPORTBIKE_S,1,Xe thể thao thép
2026-04-12,0.0,0.0,0.0,SPORTBIKE_S,1,Xe thể thao thép
2026-04-13,0.0,0.0,0.0,SPORTBIKE_S,1,Xe thể thao thép
2026-04-14,0.0,0.0,0.0,SPORTBIKE_S,1,Xe thể thao thép
2026-04-15,0.0,0.0,0.0,SPORTBIKE_S,1,Xe thể thao thép
2026-04-16,0.0,0.0,0.0,SPORTBIKE_S,1,Xe thể thao thép
2026-04-17,0.0,0.0,0.0,SPORTBIKE_S,1,Xe thể thao thép
2026-04-18,0.0,0.0,0.0,SPORTBIKE_S,1,Xe thể thao thép
2026-04-19,0.0,0.0,0.0,SPORTBIKE_S,1,Xe thể thao thép
2026-04-20,0.0,0.0,0.0,SPORTBIKE_S,1,Xe thể thao thép
2026-04-21,0.0,0.0,0.0,SPORTBIKE_S,1,Xe thể thao thép
2026-04-22,0.0,0.0,0.0,SPORTBIKE_S,1,Xe thể thao thép
2026-04-23,0.0,0.0,0.0,SPORTBIKE_S,1,Xe thể thao thép
2026-04-24,0.0,0.0,0.0,SPORTBIKE_S,1,Xe thể thao thép
2026-04-25,0.0,0.0,0.0,SPORTBIKE_S,1,Xe thể thao thép
2026-04-26,0.0,0.0,0.0,SPORTBIKE_S,1,Xe thể thao thép
2026-04-27,0.0,0.0,0.0,SPORTBIKE_S,1,Xe thể thao thép
2026-04-28,0.0,0.0,0.0,SPORTBIKE_S,1,Xe thể thao thép
2026-04-29,0.0,0.0,0.0,SPORTBIKE_S,1,Xe thể thao thép
2026-04-30,0.0,0.0,0.0,SPORTBIKE_S,1,Xe thể thao thép
2026-05-01,0.0,0.0,2898883.7777356305,SPORTBIKE_S,1,Xe thể thao thép
2026-05-02,61508114.1296231,0.0,127574226.95231648,SPORTBIKE_S,1,Xe thể thao thép
2026-05-03,188273982.5523069,121145569.92104018,258079554.6997053,SPORTBIKE_S,1,Xe thể thao thép
2026-05-04,315231222.2852526,247926469.1821433,379565585.6439915,SPORTBIKE_S,1,Xe thể thao thép
2026-05-05,439989763.7720183,376773674.0322124,504064003.51049775,SPORTBIKE_S,1,Xe thể thao thép
2026-05-06,560127337.5263925,491970078.00137043,628384362.669918,SPORTBIKE_S,1,Xe thể thao thép
2026-05-07,673244815.0695935,606414802.1310586,743362464.858968,SPORTBIKE_S,1,Xe thể thao thép
2026-05-08,777022755.3474549,709135822.821295,846640175.1552209,SPORTBIKE_S,1,Xe thể thao thép
2026-05-09,869277734.9124875,805671014.1285021,939433470.6663235,SPORTBIKE_S,1,Xe thể thao thép
2026-05-10,948017006.3583589,875527522.6546798,1017620893.498744,SPORTBIKE_S,1,Xe thể thao thép
2026-05-11,1011490034.634786,942003741.3598235,1079105687.5973234,SPORTBIKE_S,1,Xe thể thao thép
2026-05-12,1058235505.7012577,992330730.5946531,1127051239.7220485,SPORTBIKE_S,1,Xe thể thao thép
2026-05-13,1087122486.0895855,1023121501.3727808,1157036179.1600487,SPORTBIKE_S,1,Xe thể thao thép
2026-05-14,1097384533.9148858,1027779576.3439007,1163580038.889358,SPORTBIKE_S,1,Xe thể thao thép
2026-05-15,1088645719.077108,1009607576.8745607,1152134822.6263335,SPORTBIKE_S,1,Xe thể thao thép
2026-05-16,1060937699.2507764,992402981.9891695,1129136820.1636877,SPORTBIKE_S,1,Xe thể thao thép
2026-05-17,1014707214.1723346,944697137.9042926,1083736069.8557496,SPORTBIKE_S,1,Xe thể thao thép
2026-05-18,950813598.3227108,881322236.6930132,1012849462.2782409,SPORTBIKE_S,1,Xe thể thao thép
2026-05-19,870516165.2062026,800365003.6962057,937187520.5298884,SPORTBIKE_S,1,Xe thể thao thép
2026-05-20,775451578.45192,705912211.5144118,844205843.3222091,SPORTBIKE_S,1,Xe thể thao thép
2026-05-21,667601588.8587081,598966731.9251432,737718527.272431,SPORTBIKE_S,1,Xe thể thao thép
2026-05-22,549251775.091532,483727465.47946095,621429689.2263834,SPORTBIKE_S,1,Xe thể thao thép
2026-05-23,422942171.91603357,352127243.64479756,488203023.39033616,SPORTBIKE_S,1,Xe thể thao thép
2026-05-24,291410896.64790034,220881915.0407414,358729975.7772598,SPORTBIKE_S,1,Xe thể thao thép
2026-05-25,157532085.47595724,91747791.70585719,224769467.67542776,SPORTBIKE_S,1,Xe thể thao thép
2026-05-26,24249620.604324024,0.0,89593203.0464152,SPORTBIKE_S,1,Xe thể thao thép
2026-05-27,0.0,0.0,0.0,SPORTBIKE_S,1,Xe thể thao thép
2026-05-28,0.0,0.0,0.0,SPORTBIKE_S,1,Xe thể thao thép
2026-05-29,0.0,0.0,0.0,SPORTBIKE_S,1,Xe thể thao thép
